# Resource object code (Python 3)
# Created by: object code
# Created by: The Resource Compiler for Qt version 6.11.1
# WARNING! All changes made in this file will be lost!

from PySide6 import QtCore

qt_resource_data = b"\
\x00\x00\x10\x96\
(\
\xb5/\xfd`\x0eie\x84\x00\xda\xa7\x90\x1a-\xf0l\
h\xd3\x01 \x86\xae\xc2\xb6\x98F\x04\x0b\xa1\x9f\xac7\
'\xed\xe8\xeb\x831\xfc{q\xb04\x85+\xc9n\xfe\
\xc2{(Bd\xe0\x19\xe29U\x01\xf7\x01\x83\x01\x85\
\x01\x96Z\xe9\xbf%geJ\xd5\xedU}Ma\xa3\
\xb2\xf5\xdc?\xd5\x80\x19\x93A\xef\x10OW92\xcb\
\x8a0\x18\x0d\xa3B\x03%\x97\xa20\x02PpL(\
\xacKRh\x1f>4OD\xc1\xc0\xcf\x901%\x8b\
)Q\xdd}\x09\xa7\xe1\x02\x89\x86\xf3(\x11\x08+\xf2\
\x00\x84\x01\x07\x9c\x15\x81x\x1a\x90\x07\x1a\xde-_\xf3\
\xce\xd9z\x13\xef\x14\xdb\xddJ\xf8\xff\xb3)e\xc5\x02\
N\xa8>l0\x8as\x80\xa3,H\xc3\xb1\x11\xc6b\
^\x0f'$\x9c5\xa18\xd2\x03Y\x8e\x03\xb1&4\
\x1e\x0d\x09\xe5\xd1\xfa\xa9\xd4\xd70\xd1\xb5\xd9R\x15\x0b\
\x12\x0b_\x7f\xa6\xdd\xa3i&,\x08\xe7q\x1a\x22\x1a\
\x87\x08*x\x13\xaf9\x13\xa4\x11\x91\x8a\x85\x88\x86Q\
\x1c\x22\x8bi@0\x0d\xa7\xe1\x10\xa28\xcb\xd1<\xcf\
\xb2&`h\x9av\x16\xe34\x0c\x0aF\x00\x8a\x05\xa7\
q4\xcbC\xc4jH`\x16\x8b\x07\xcb\xf14\x16H\
\x91\x80\xc3\xd1x\x1cX4\x1e\xcbY\x0f\x13\xcf\xc2\x81\
\x00\xabAy4\x1e<\xcaCaa \x1a\x06%\x82\
\xd3D\xa0\xb0,\x06\x14\xd0\x80\x827*\x8f\xc2(\xcf\
z8x\xa0`\x80\x98\xf4\x92\xe3%Jz\x99os\
\x01R\xcb\xb7S0\x06\xb2\x22,\x0a\x03\xa4qx&\
\x1e\x96\x86Q\xc0T,0\x8d\xc7\xa1\xa1\xb1\x1c|\x15\
\x0b\x0e\x0f\xd3\x88XD\xd6\xa2<D\xd6CY\x0f\xca\
\x12a\x1e\xc6.\x15\x00\xa1\x80\xc5\xb3 \xb6\x18kq\
 \x9a\x88=D\x804\x1c\x12\x0a\x8b\xbb\xcb$\xa1<\
\x90\x89HJ\x99\x8b\xbc\xc5\xff\xa3FXDD\x04\x83\
q\x02\x88@\x22\x90\xe6\xf1h\x96%\xa1\xf1(\xcbY\
\x16\xc5\x02\x0d\x17\x91\x07\xb2\x1e\xcb\xb1\x16\x0b\xb3hp\
\x1as8\x10\x0f\x8b\x85\xc2\xc3\xf38(\x16\x16F!\
\x02A\x08\x01\xd0 !\xe2\x00\x80\x07\x03(\x1a\x88b\
aA\x1a\x87\xc2@\x94'\x82\x14\x9e\x0c\x80\xf0\x80b\
\xa1\x01\xd2`\x9a\x05\xb2\x90\xe2\x0c\x15\x0b\x90\xa6\x11q\
\x96\x04\xe4xH\x0c\xe0 \xc6\xc8\x96\xa9p\xc8|S\
\x85\xa9A\xf1\x9b\xab\xbf)\xf6bn\x1f*\xbc\xf8b\
X^P\xf7Tr'\x86\xbfe\xa6i\x223r:\
\xfe\xdd\xe2\xbc(m=\xa5\x14\xfb\xdb!\xa6\x04\xff\x0e\
\x97\xdd^\xb9}\xad\xd2\xdfx\xd5\xaa\x9d\xde\xa6\x84\xd5\
\xd7\xfeY\xd12\x15\xed3\xcf8\xd13M\xefM\xf5\
vk\xa7\x7f\xca\x8e\x81\xe3\x19\x22\xe56\xc6\xc5`\xd6\
\xc2\xac2\xd4^wt\x95\xb6\xa9\x96Iu\x1b&]\
L~\xac\x16\xcf\x14\x1e[\x9f&\xa7\xe4\xdf\xf6\xb6\x02\
\xd4\x80YD\x01\x82\x90\x1c \xc0\x1e\xcba\x89\xa4H\
dY<\x12\xebQ\xe9\xd1\x93\xc2N\xcb\xb39.'\
\xafz{\x5cf0c\x19\x99\x96\xe1\x97_\x18\x8a\xdb\
D\xc4\xc6V\xee\xf4\x9a\xd4\xaf\xb6\xa9W\xcd\xed\x8dn\
\x9e\x98\x98\x06\xcf6N\x94B;N\x12c9\xdbN\
=w1\xb9\xc3\xcf\xde\xedT;\xbdO\xe4tD\xdd\
t\xcf\xe7\x98\xdej\xf9b/&&\x95Zb*n\
6D\xaa?-\x8d\x0b\x94\xa8\xc9'\xc9\xa5\xe4V\x15\
\xaf\xca\x0aN\x0a\x95XU'\x86\xd4>\x95\xab\xe9&\
pR\x88>\xa5'D\xd4\x98\x1cn\x9f\x8c:\xf7\xc1\
4\x90%aA8\x89\xe1\xf0(\x0f\x8a-M\x95\x1d\
2\x0bc9\x0e\x0a\xa8\xa7\x97\xd7i\x8a\xbb\xaa\xb9\xac\
jF\x22\xc3+\xef\xdf\xc9\xf0\xdb\x9b\xab\x18\xb9\xa4\x92\
n\xff\x9b\x12\xc5\xb6\xaei\xc1z\x14\xc7s\xe7\xa6\xab\
(\xa3(F*\xb3|)\xbd,z\xba\xae\x0bCW\
-\x91\xa6\x9bZ\xa4\xdc\xfd5\xf7.\x9c\xb6\x89\xba\xe4\
\xb3KhA\x8b$\xa0\xc5\xa4\x15M(\x8e\xa38D\
\x14f\x15\x1a\x0eg=\x8d\x07\xa4\xd1L\xc0@ \x1a\
G\x81\xb3\xcfRaA\x1a\x88\xc2\x8a\xd08\x0d\x18\xe0\
\x02\x87\x03\xa1\xb0\x1c\x88G\x91\xe0@,\xc9i \x10\
L\x9f\x12\xefR)]\xf3g~>S\xe4E\xc3\xf4\
\xf4\xefVd\xdbL\xd3^\xd7oT\x8b\x8c\xa7\xaa7\
\xdd\xb3\xdb\xd85I\xbeV\xb4T\xc9=\x8d\xc3\x97*\
\xdd\xda\x15\xd7\xf6\xf3\xbaQ\x1f\x11\x9f\xbb\x01z\x83\xf4\
\x5c\xb8\x90\xc1^\xd6ww\x15.\xbb\xf8\x16\xaa\x05\x17\
\xfc\xbe\xc6Tj\x88\xad\x99\x8a\x8a\xcd\x9d/{\xf5\x95\
uoJ\xd2\x1b\x15\x8f\x13\xed\x12\xea\xed*=t\x88\
L(\x11\x0eeY\x0eG\xb3\xe9\x5cU\xe2\xf6M\xda\
\xceI\xd3}\xd3\xa9\xe4\xd0\xc4\x89;i\xab\xd4H\x9c\
8e^\xfa\xa5X\xe1i\x81\x12\x13\x83\xc9-\x1ef\
Z\x8d\xde\x9e8)'U\xb9\x9f:q:\x95\x9b\xbc\
s5i\xee{Z\xc4\x94\xd9\x0b\xe4\xfe\x99m\xcf\xaf\
i\xbdI\xf3m&\x8d\xbf*\xcd\x8f\x1f\x0d\x93t\xcf\
F\xbcO4g\xfc\xaa)Tv\xbb\xfcC\x06\xcd\xb6\
\xd6\x88\xca\xa7\x97\xad\xed\xec\xa7v\x8a\xe6\xeax\xc5\xe7\
\xf6\x98\x12d\xffdWv\x09\xfa\xfd\xba\xa3\x9ea\xaa\
6\xdf%\x023\x9b'\xea\xec<U\x0d\x13\xcf;\xb4\
L\x9aS\xff\x1b\x9f\x1d\x0a\xa3\x17\xe6>\x85\xbc\xd4\xd5\
'\xf0\xd7W\xc9Xn]\xbeh7\xf6lu1\x90\
\x81Y\x0cfx\xbcn\xa5\x8e\xfd\x18J\xc9t=\x0e\
\x00<h\x90\x10Y8@t\xd0\x04\x05\xdc\xfb\x13\xf3\
u\xff\xd5N\xd9\xcd\x13M\xa1\xf6\xd3w\xcd4\xdd\xd5\
U\xebEj\xf9P\x8d1U+.\xfaW\xec\xc7W\
\xca\xbf\xdb\xae\xbd\xe7\xbd|\xd6\xaa\x0b\xa0\x09\x88\xdcz\
}\x96\x89\x94\x9fsZj?+t;\xe5\xef|D\
\xad\xf2\xf6L\x13-\x22\xbfo]\xe3<\x05\x10\xad\xa2\
l|\xd4_\xcf{\xd7\xf6m\xbbUe\xaa\xf7\xb9\xb8\
\xcd\xdf\xf9\xf8*\xf1\xafq\xf1\xdbM%\xd2K\xd5\xb3\
C\xd4\xbb\xadJ)\xb7G\xfe\xeb\xca\xad\x8bl\x99\xdd\
\x98h\x81\x8chZ\x94v\xdb\xb1!\xf6?\x90\x04\x99\
\x8a\x92\xd57\xe5\xeccV)QhS=\xbfuJ\
\xf8\xf3Z-Q\xfei\xb3mZOz}\x17ee\
\x99\xfcl\x8e\xc9\x22t\xe5\xdd\x87\xdf\xa6Tr\xaf\x1b\
\xe6\xa1\xf2'J=\xdb;\xc9\xe5;cde\xca.\
\xd1\x02J#\xcbb\x1aM\xc9\xff\xef%\xbf)%\x94\
\x1c\xe2lu\xbbK\x90\x95\xeb\x19f>\x16\x13fd\
\xc3D\x10\xf0\xad}&\xbb\x88s\xb1\xcfT\x13\xf4;\
L\xbb\xed\xde\xb3K\xd4!#\x07\xca\xa4\x89\x10@\xac\
\x89*\xb3b\xe3\x94hc\xaaG}^\xcb\x948\x7f\
\xbb1:DSS\xc8!\xdb\x1e\xd1n\xc2\xca\x8f\xad\
\x11\xe1\x22\xfe\x1an\xd2\xfb\xaa\xde\x14\x11\x01\x88\x95\x9a\
\xeaV<\xe3$\xffN\x15\xdf6\xa1K6O9\x93\
G\xa4\x00\xf2\xd6So\x9d0\xff\xea\x99JH%\x9a\
P\x84!\xa8\xa3\xd6\xc2T\x8d\xe3\x86hfF\x92\xa4\
\x90\x0e\x03c($$\x8fH$\xf4\x91\x9c\xbb\x07s\
b\xb9\x1c\x12\x09\x84a0H`\x0ec\x18\x84A\x18\
\x92C\x08\x10\x04\x81\x10\x06\xe1!F\x101\xceQ\xea\
\x01K\xc305\xed\xa2\xe9\xf1;H\xb0\xc0\x22 u\
\x95\x80-\xaf\xe3rp\x9b>\xc1$\xec\xd2(`\x0c\
\x14\xd2\xfa\xbe\xe4\x8bg\xb9\xc6Um\xeb\xb1\xb3\xb4:\
H\x1fv%\x0ek\xc1:G\xdd\xc46\x7f\xe4CH\
0\x87\x0a-\x13]QAO\xaf\xdf;\xb6\x8b\x85\x0b\
\xde\x82\x08\x145\x08\xd4y)\x85\xe5\x00\xfe\x8f\x11\x17\
Gi}\x91\x8d\x04\xa6\xeb\xec\x99\xe9\xd6\xbe\x1e\x7f\x91\
 >\xb3\x89\x8eY/\x17\xae\xcc\xd2\xda\xe1{\x89\xf0\
\x91b\x15Q\xb6\x068\x91\xb4\xac\x0d\x96\xb04\x97\x10\
\xa0)W\xae\xcfy\x04L6\xf5\x81\x06\xd0\xa2\xf6\x11\
V\x1c\xaf\x5ce^k\xc9ubhr\xb3Z\xa7C\
\xbb\xa6\x9d\xaf5*A:\x0eU0NZ36\x7f\
\x9c\xef\xf6\xfb\xf2\xf9j7\x80a\x82\x0c\x09_A\xe0\
\xcel\xa5\xa76\x1d\x01y\x12Xq\xad\x88\xde\x85\x07\
\xdc\x1cdm\xb8a\x17K\xf1\x06\xfa\xc9\x84!\xe0\xda\
\x87v\xec\xe2'\x0c b!\x8b\x02A\xd0\x964\x22\
\xf3J\xa79\xd2\x19\xa3w/%\xe7\xa1|\x8f\xf8\xf7\
\xda\xaa\x9c\xba\x03n\x9a\xa7\x87\x8e\xf8\x0dfk2\xab\
\xe4\xc8F\x16\x8e\xe0I\x96P\x06\xe90Z\xfeD\xfc\
\x17\xf60t\xc9Q\x9ea\x979\x05\xef\xad'\xce\x14\
\xf6Y\x9d/\xca\x86\xbc\xd1cI\x87&\x17\xe6v\xc2\
`\x03\xf3>}\xdd\x9f\xd5\xc2]\xa6p!\xb8Vi\
\x904\xdd\xdbp\xf1\xf0\x96\xda@\xb3@\xe7\x96{N\
dq\x7f\x18@\xa5U\x82v}4@\x22B\x91\xf4\
Egzh\x90\xc1g\x0a\xd9\xff\xbf&\x97\xf5\xc4\xc5\
\xf8\xc6\x12\x15\x0bP\x80\xb9\xe9\xfa\x5c4U\x87\xe6\xc6\
\xa0\xd3X\x01N\x1aZ@\x02`\xef\xc6\xb5\x9a\xb4\xa9\
,\xd8\xa3_\x82D\x03\x95yg8\xcei\xab\x1c\x7f\
\xa7\x01G\xf7\x07=\x83\x9a)\xf3;\x94\x06\xc7\x86\xe4\
\xe0\xc8,\x93\xc9\xd4\xbf5Jd\xad\xeb\x18\x93\x1e$\
\xdaR\xea\x11\xf3\x02\xca\x11Yn\xa6|\xfc\x17q*\
\xa3\xb9K:\x92\xd8PT\x5c\x8d\x1a\x12\xeaC\x9c\x14\
\xd23\x94\xda\xa5\x96\x82e\xef\x19>\x10\xe0\x87>I\
\x01q\x10j_\xd7Mv\x80\xc1e\xdeb6L@\
3o\xf0F\x1e*R\x80\x1f,\x07\x90\xad\xec\xc6\x81\
\xdb\xf6\x1cs(\x90Kc\xd2=\xb0\xec\xf6 \xc4\x07\
B%gnJ\xf7\xa7P/\xa8'^\xb6\xae\xe7\x9e\
\xc7\xb1\xe8\x83+\xabZ\xf8*\xad:jE`\xa7\x97\
\x05X\xb4H$\x1b\xff\x06\xaaL\xb3%\xfd\xa4\xc8\x1c\
\x9e\xa6\x01\xfft\xe6\xb2\x9dK\xb3\xad\xd1A\xder\xbf\
\xae\x09H\xb7\xbbFp>U|\x1f/\x0a\xb9O\x09\
\xb0\xed\xd3\xe1h\xd9Y\xf4]c\xd3sp\x0e.r\
M\xd7\xcd\x0fm\x09&\xe0\x030\xd1\xb9\xa4\xcb\xd1\xdb\
\x18\xa7+\x0b\x9c\x13n\xed\xa8\x835\xbaEM\xc1\xdf\
\x8e'7\xf2r\x9fP6@#H7\x088\x93\x19\
=\xfd\x01[n\xea\x85\x8a\x1e)q\xa0e\x10\xdf\xf5\
\xe7\xf9\xcbu\xd1~\xd1\xbd#\xfb*\x98\xce;\xf7\x0d\
GJ\x22\xf7\xcb#&\xd4\x12\x87LT_\x5cI\xd7\
a\xb7\x10\x11\xfa)\x01q^\x05\x1a%'d>\xa8\
&J\xae\x01\xe2\xfe\xee\xd6\xa6i\xcd\xf5L\x0a\xa7\xf8\
?\xb3WEA\xa8\xdd:\xb8\xb0\xe5+e#\x85J\
(\xc86\x0dN\xc8\x9c9\x9e\xdfRC\xe6\xd5uf\
\xb0\xe2\xc3\x95{\xe2\xc6\x99\xbb\x9f7R)\xc6\xb8\xc9\
\x06\x86\x80\xbd\xc3\xc1\x1c\xa9\xf0\xc7\xfaU\xf6@\xce\x92\
\x0cs\x0fH\xed\xaaod;\xbae\xcc\xfc('?\
\xe8L\x18<\xf5EN^\x1a@\xba\xf6\x99\xcb\x8bm\
\xa4\xa3q\xd7\xda\x01Fi\xd9\xef\x87\xb5^\x99\x98w\
\xb5\x9b*^\xf9\xc1\xf7\xac\x9f\x0e*zS\xf8\xdd\x85\
\x1e'\xb7\xa7\xb4\xef\x8cu+\xe4_\x87\xc7\x8d\xae,\
F\x8c\xf0\xbb\xe6F\xcf\xa98\x7f%\x94y\x0c\x8c!\
\x0a2\xcc\x078X\x01\x0b\xb3Y\xe4\x09\xee\x82\xb7h\
\x85)/\x8b\x9c\xde\xff\xd0\x97\xaf/\xda\xbc\x0e\xe3\x09\
&\xe5\xa6\xa39n\x9f\xc3\x01\xcbq\xc4R\xfaV\x80\
\xa6\xd6\x9fN\x97-\xe6\xef5\xcb\x08\xf8P\x1b\xfa\x8a\
\xd1f\xd1\x0c\xad \x9fC\x1d1>\xbc\x127\x02\xb7\
\xf7<Nu\x9d\xc8IC\xb7r\xe2\x0cQgP\x86\
\x0b\xb7R\x0cK9`h8\xabz\x98z\x09G\xf1\
\xde\x0cz\xf7\x061\xd1\xc2-\xb5\xfb\xfd.;\x02\x9a\
\x07\x8b\xe0\xfa\xf5\xed\xa6\xfa\x22\xef\xbd\xf3!\x14\x1d\x9b\
\xd6\x080oKp\x8a\x1b\x8e\xfe\xfe\xfd\x0d\x8aF]\
;\xd7\xad\xe4\xa4\xc4\x22\xdd\x82|\xf8\x92\x9a\xbe\x22\x0a\
\xa3\x1f\xe4q\xd8\xa5\x1e\x99\xe2\xfe\x8c\xb7U\xd6U\xa7\
8p(K]\xacjZG,\xa2ARMg\x81\
\xbb~v\xa3\x82\x83\x99\x02\x16\xa3\xef\xaf\xe8\xa4\xbeE\
\x05\xfb\xd4\xbd\xde\x8b}P\xaf\x10\xaaX\xf0'\xf7z\
\xc6\x01=,\x9c\x181\xc1\x1c\x09\xd9\xb4\x95\xa2\x16\xb5\
*T\xa7k45\x01\xbab\xd4v\xb2\xa9\xae&\xcb\
u\x80PD\xdeK\x0f\xa0m\xb6\xe2,\xcf\x99\xd1\x07\
\x88m\xce0S&B9\xb7,r\xe4\x88o\x11/\
eD\xc2]\x0e\x1b\xd042\x91\xfeZ5\x85\xfa\x84\
\x0c\xbd\xf2\xb8\xf9\xb4\xff\xbe\x06\xc0\x13\x11\xb0j\x8fj\
\x00\x13\xceQU\x18\x13\xc0\x16Wm\xa7E\xd5\xbe\xd2\
\x90\x92t\xb1!\xf0\xd9;8jrE\x88\xbb\x88\xe3\
\x99\x97\xc8\xcf\x09\x11c:\x0b\xfa\x02UJe)1\
\xef^\xd1m\x02\xe4$/\x8e\x81\x18\x89\xbf\x08\xc5\x1b\
\xed\xe0\x00\xf9i\x01\xc7\xf7\x18C 4\xee\xff\xd8x\
D\x80\x1d\xd9\xb4\xaa\xa3\x12,\xaa$\xa7'%`\x9f\
3\xd4\xf3\x09\xc7-\x90\xbf0\x18\xff\x88\xff\x91\xa9,\
\xc6\x1b\xaa\xd2*\xccz\xad\x0f\x9f<\xfe$\x87U\x1b\
\x91\xc5\x95\xb5x\xc4\x5c\x14\x08O\x0f\xeb\xd4\xaa\xdd\xf0\
\xf3u!\xe6c\xa4\x12\xf3f\xd0\x16L\x15h\x07R\
Z\xc5B\xa6\xccj$\xa9\xa9\xc4\x04\xfe\xa8-{\xed\
\x97\xc3\xb9pL\xb5=$\xb1G\xc2\xdf\xc6=\xda\x98\
\x85Lt\xc7_\x96X\x14\xecs*\xe2T\xean>\
\x1b\xa1N9\x93O\xc5\x18\x04\xd8\x5c\x91\xcd\xfct\xbd\
\x97 \xce,a\xcf\xa8\x9bZ\x99\x15\xe8\xb4\xaae\xbc\
_f\xa9\x9e\xc9\xf6}i\xace\x1f\xceP\xad\xcc\x85\
%/C\xb0\xc1\xfeVmU\xdc!\x9d\x19oq\x95\
\x15\xd5\xa9\x14vOO\xc5\x08\x02\x22\xbb,\xdf!\x85\
\x92\xe8\x0a$\x9a\xbeY{\xa5\xf7\x18\xb5Wd\xcc\x8b\
^\x08aX\xb7\xa3\xe3\x85\xc5Mx\xb7Y\xc6\x1c\xda\
{\xdc\xde\xb8\x90*\x1f\x83!\xd4\x92\x0b1\xf8\x8d+\
\x0c(XI\x97\xd0\xf0\xe5\xd7\xca\xb3\xdf\xbe\xd8\x848\
(\x9d\xe95B=P\xbe\x8b\xeb@\xee;\xec2\x98\
/\xd3\x05%\xa7{n\x83\xcf\xbb\xdc\xbf\xc1\xfeQc\
cF\x09\x8b\xd0t\x87\x1b@;\x9a\x0av(=\x1d\
i:t\x82\xe1\x0clh\xdaY\xb5\xd6\x1e\xf5(\x9b\
\xa7\x00\x83@\xabj\xcd\x90\xe2jXu4\xc0\x14\x98\
2\xfe\xe2vd\xc0\x08\x0d\xac\xb9@\xa9\x13t\xcd\x02\
\x98}\xae\xac\x1f\xd0\xea\xb7\xebF\xb0\x80{Z\xfe\xc2\
\x88X0\xdf\xf3&\xe9\xceM\x1fg\x9e\x9c\xe5%\xa7\
%\x8d\x162\x17\x0d\xa2\x16u\xea\xd5TIb\xff\xd7\
^BF\xeb\x7fU</\xd4\x08s*j\xdc\xc1\xaa\
\xdb\xc3\x8bM3L\xbbJG\x99+ \xf1\x1f\x95{\
\xab\xaeW\xb8\x0aly\x15-\xbc#\x87\x9c6\xa3I\
~\xbe\x89m\x7f\xe4\xb8\xc6\xfe\xca\x94\x11\x82\xe0\xa3\xf7\
u\xe9\xdfT\xe8_c\xc4\x95:,\xb1dK\x8d\xa5\
\xf2^)G\x07\xe5\xf9-\xd1\x09n\xd9\x196\xb4\x82\
b\x07Pb\x06jk\xeayN\xe6\xfb\x82>c\x13\
\x14\xdbm\x82\x84\xc5\xe2\xb0\x9a=\xb8\x0e\x9c\xb5\xaa\xcd\
\xbeW\xd1U\xc7C\x9e\xa0%6\x9a\xfbS6q\x83\
\xea\x22Q[@\xfc\xdc\x9d\x89\xc6#\x0b%g\xe9\xa7\
3B\xea\x00\xb1b\x7f\xffK\xa5\xef#\xcb/4c\
\xfdB\x98e\xc5\xe2\x03\x95l\x1d^\xff\xcb\xeagI\
\x0f\x9eP\xb9\xd8\xa2\xbb\x8d\xf8\x83\xf2\x92jo\xe9\x81\
!\x1e\xc7@\x0fCN\x0epW\xa7;Tv%\x82\
T\xdc\x8c\x9e\x8d\xc2\x9a\x08\x18(B\xea\x14\x11\xaf\x15\
\x11\xa7E\x91\xe6\x9er\x9c\xf4\x17kOb\x94\xe8t\
s\x035\x0d<\xb95<\x84\xf2p\xb2n\x85\x1b\xf6\
Q\x85\xbdtXi\xcd\x07?\xdc\xfc\x84Q \x0c\x08\
\x07ZH\x99a7\xab58\x9e\xcdq\xf8k\xd2u\
\x80\xf6-\xd4\x0e\xdb\x01\x91\x1d\x9a\x8b64Z\xeaQ\
#Hi\xc3*R\xae\xe1\xce@R\xfc33\x04\xe9\
\x93\xea\xebC\x15\x04\x94\x0b\xfbX'sR\x04\xb6\xd0\
E\x0d\xa6LV\x109\xfa\xea\xff\xd4'\xff\xfb\x9c\xb7\
\xf1\x9f\xd0\x90\x01\xca\x99\x16\x8a\xa3\x05\x02\xbe\x959Z\
\xbc\xc9\x89\xfc\xe7\xb4^\xe6\xd3\xc5\x176O\xac\x87H\
\xb5\x5c\x050\xa4\x8by\xc2\xa7\xa4\x93\xe9\x9fp\xd6\xa6\
{\x0a\xdc_\xfc\xe9\xc0\x9e\x22R\xc1\xd2\xa1B\x0f#\
&\xfemr\x82\xbf\xec\x8dL2\x02@\x04\xfc\xe3,\
9\x11\x09\x15\xccV\xf2\x02x\x5c\xc6\xf8\xf6\x190*\
\xa1p\xac%\x11|\x05\xb4m&\xd9\xba\x8d\xd3\x15\xb1\
\xb8\xe2\xd5u>\xeee/\x11\xe3\x9f\xa6o\x9f47\
\xbc\x85gV\x93\x1f\xb9\xc0\xa2\x84]\x02m\x82=\xe0\
h\x9a\x1b4/\x95\xbcH\xf2\xe5\xab\xdf\x84=6\xb5\
\xa2\xc3\x8b\x11\xb5\x03\xae\xa5\x8a\xd4\x05-u\x04-|\
\xc6l\xb8\xc4\x04\x88\x1b\xda\xeah\xd9\xdd\x82\xab\xa2!\
\xd4\x22\xe2\x90\xb6)\xf1a\xbd\x1e /4L\xd7\x80\
\x0b\xf4\xf5\x15\x22\xef\x16\x16\xb5\xcd\x1eF\x1b1\x00\xb3\
\x14\x1d\x8e<HK\x150,Py\x18\x07H\x03\x14\
\x15\x86`\x8c\xfd3C\x01\xc2\xd8]\x0a\x13{Wd\
\xa6\xc0?\xd4O'O\xd0\x1b\xdc\x1cq\xc9\xc0\xfe`\
\x07\x0c\xd1\xc5TH\x8d\xf0?L\xa8\xa7\x85\xe6\x0d\xb8\
R\x81\x88\xb0\xc5\x1c\x12\x88)\xec\x06\x8d\xc5\x0d\xa9\xd0\
}\x00\x83\xb8+\
\x00\x00\x04\xf0\
<\
?xml version=\x221.\
0\x22 encoding=\x22UTF\
-8\x22 standalone=\x22\
no\x22?>\x0a<svg\x0a   vi\
ewBox=\x220 0 22 22\
\x22\x0a   version=\x221.\
1\x22\x0a   id=\x22svg1\x22\x0a\
   sodipodi:docn\
ame=\x22menu_new_se\
p-dark.svg\x22\x0a   i\
nkscape:version=\
\x221.4.4 (unknown)\
\x22\x0a   xmlns:inksc\
ape=\x22http://www.\
inkscape.org/nam\
espaces/inkscape\
\x22\x0a   xmlns:sodip\
odi=\x22http://sodi\
podi.sourceforge\
.net/DTD/sodipod\
i-0.dtd\x22\x0a   xmln\
s=\x22http://www.w3\
.org/2000/svg\x22\x0a \
  xmlns:svg=\x22htt\
p://www.w3.org/2\
000/svg\x22>\x0a  <sod\
ipodi:namedview\x0a\
     id=\x22namedvi\
ew1\x22\x0a     pageco\
lor=\x22#ffffff\x22\x0a  \
   bordercolor=\x22\
#666666\x22\x0a     bo\
rderopacity=\x221.0\
\x22\x0a     inkscape:\
showpageshadow=\x22\
2\x22\x0a     inkscape\
:pageopacity=\x220.\
0\x22\x0a     inkscape\
:pagecheckerboar\
d=\x220\x22\x0a     inksc\
ape:deskcolor=\x22#\
d1d1d1\x22\x0a     ink\
scape:zoom=\x2254.9\
09091\x22\x0a     inks\
cape:cx=\x2210.9908\
94\x22\x0a     inkscap\
e:cy=\x2211\x22\x0a     i\
nkscape:window-w\
idth=\x223440\x22\x0a    \
 inkscape:window\
-height=\x221388\x22\x0a \
    inkscape:win\
dow-x=\x220\x22\x0a     i\
nkscape:window-y\
=\x2224\x22\x0a     inksc\
ape:window-maxim\
ized=\x221\x22\x0a     in\
kscape:current-l\
ayer=\x22svg1\x22 />\x0a \
 <defs\x0a     id=\x22\
defs3051\x22>\x0a    <\
style\x0a       typ\
e=\x22text/css\x22\x0a   \
    id=\x22current-\
color-scheme\x22>\x0a \
     .ColorSchem\
e-Text {\x0a       \
 color:#232629;\x0a\
      }\x0a      </\
style>\x0a  </defs>\
\x0a  <path\x0a     st\
yle=\x22fill:#ebebe\
b;fill-opacity:1\
;stroke:none\x22\x0a  \
   d=\x22m3 10h16v2\
h-16z\x22\x0a     clas\
s=\x22ColorScheme-T\
ext\x22\x0a     id=\x22pa\
th1\x22 />\x0a</svg>\x0a\
\x00\x00\x09F\
<\
?xml version=\x221.\
0\x22 encoding=\x22UTF\
-8\x22 standalone=\x22\
no\x22?>\x0a<svg\x0a   xm\
lns:dc=\x22http://p\
url.org/dc/eleme\
nts/1.1/\x22\x0a   xml\
ns:cc=\x22http://cr\
eativecommons.or\
g/ns#\x22\x0a   xmlns:\
rdf=\x22http://www.\
w3.org/1999/02/2\
2-rdf-syntax-ns#\
\x22\x0a   xmlns:svg=\x22\
http://www.w3.or\
g/2000/svg\x22\x0a   x\
mlns=\x22http://www\
.w3.org/2000/svg\
\x22\x0a   xmlns:sodip\
odi=\x22http://sodi\
podi.sourceforge\
.net/DTD/sodipod\
i-0.dtd\x22\x0a   xmln\
s:inkscape=\x22http\
://www.inkscape.\
org/namespaces/i\
nkscape\x22\x0a   view\
Box=\x220 0 24 24\x22\x0a\
   id=\x22svg2\x22\x0a   \
version=\x221.1\x22\x0a  \
 inkscape:versio\
n=\x220.91 r13725\x22\x0a\
   sodipodi:docn\
ame=\x22roi-remove.\
svg\x22>\x0a  <metadat\
a\x0a     id=\x22metad\
ata10\x22>\x0a    <rdf\
:RDF>\x0a      <cc:\
Work\x0a         rd\
f:about=\x22\x22>\x0a    \
    <dc:format>i\
mage/svg+xml</dc\
:format>\x0a       \
 <dc:type\x0a      \
     rdf:resourc\
e=\x22http://purl.o\
rg/dc/dcmitype/S\
tillImage\x22 />\x0a  \
      <dc:title>\
</dc:title>\x0a    \
  </cc:Work>\x0a   \
 </rdf:RDF>\x0a  </\
metadata>\x0a  <sod\
ipodi:namedview\x0a\
     pagecolor=\x22\
#ffffff\x22\x0a     bo\
rdercolor=\x22#6666\
66\x22\x0a     bordero\
pacity=\x221\x22\x0a     \
objecttolerance=\
\x2210\x22\x0a     gridto\
lerance=\x2210\x22\x0a   \
  guidetolerance\
=\x2210\x22\x0a     inksc\
ape:pageopacity=\
\x220\x22\x0a     inkscap\
e:pageshadow=\x222\x22\
\x0a     inkscape:w\
indow-width=\x22640\
\x22\x0a     inkscape:\
window-height=\x224\
80\x22\x0a     id=\x22nam\
edview8\x22\x0a     sh\
owgrid=\x22false\x22\x0a \
    inkscape:zoo\
m=\x229.8333333\x22\x0a  \
   inkscape:cx=\x22\
12\x22\x0a     inkscap\
e:cy=\x2212\x22\x0a     i\
nkscape:window-x\
=\x220\x22\x0a     inksca\
pe:window-y=\x2222\x22\
\x0a     inkscape:w\
indow-maximized=\
\x220\x22\x0a     inkscap\
e:current-layer=\
\x22svg2\x22 />\x0a  <def\
s\x0a     id=\x22defs3\
051\x22>\x0a    <style\
\x0a       type=\x22te\
xt/css\x22\x0a       i\
d=\x22current-color\
-scheme\x22>\x0a      \
.ColorScheme-Neg\
ativeText {\x0a    \
    color:#da445\
3;\x0a      }\x0a     \
 </style>\x0a  </de\
fs>\x0a  <path\x0a    \
 style=\x22fill:cur\
rentColor;fill-o\
pacity:1;stroke:\
none\x22\x0a     d=\x22M \
13 5 C 10.972402\
 5 9.12868 5.756\
694 7.71875 7 C \
7.592511 7.11132\
 7.46272 7.22478\
 7.34375 7.34375\
 L 7 7.71875 C 5\
.756694 9.12868 \
5 10.972402 5 13\
 C 5 17.41828 8.\
58172 21 13 21 C\
 15.027598 21 16\
.87132 20.243306\
 18.28125 19 L 1\
8.65625 18.65625\
 C 18.77522 18.5\
3728 18.88868 18\
.407489 19 18.28\
125 C 20.243306 \
16.87132 21 15.0\
27598 21 13 C 21\
 8.58172 17.4182\
8 5 13 5 z M 13 \
6 C 16.86599 6 2\
0 9.13401 20 13 \
C 20 14.75366 19\
.346785 16.33426\
8 18.28125 17.56\
25 L 8.4375 7.71\
875 C 9.665731 6\
.653215 11.24634\
 6 13 6 z M 7.71\
875 8.4375 L 17.\
5625 18.28125 C \
16.334268 19.346\
785 14.75366 20 \
13 20 C 9.13401 \
20 6 16.86599 6 \
13 C 6 11.24634 \
6.653215 9.66573\
1 7.71875 8.4375\
 z \x22\x0a     class=\
\x22ColorScheme-Neg\
ativeText\x22\x0a     \
id=\x22path6\x22 />\x0a</\
svg>\x0a\
\x00\x00\x0e\x8e\
(\
\xb5/\xfd`\x1df%t\x00\x0a\xac\x94\x1b,\xd0\x8e\
\x86\x8c\x03\xc8\xcelQ\x8c\xc0\x0f\xbc\xb9\x82\x1fP3\
\xe2!\x03}\xa8.'>\xdcK\xb2\x9b\xec\x06kz\
\xad\xc7\xe8\x01_<\x22^\x0c\x0e\x05\x02\xc4\x01\x7f\x01\
\x9a\xace\x9f\x97\x0c6\x8bM\x00\x01\x16\xbcq+\x17\
N\x05\x8fd\xc1l\x17\x0f\x13\xe42\x99\xcd\xb0\xcf\x80\
K\xe0\x1a, \x0b\x14\x83\x1eG]\xf0\xc0\xc1\xd4(\
\x0fL\xc2\x02\x094p\x00I\x93\x05C\x92,4S\
\xc3\x80,\xb00E\x13\x0a\x02XD@\xcfC\xb1@\
q0\x13$r\x14 \x910\x14\x13\x843EL\xf7\
\x80\xf1S\xcb/\x97\xf3TN[r\xf5v\xbb\xcc\x01\
\xc4#M\xcd#\xc1\xf0\x90\x22\x87\x04\xd2H\x118\x12\
\x09 \x0e@ 9\x92I\x82A2=\x10\x09\x1a\x14\
\xddQ\xafz;\xc1\x80\xd7\x9b[~\x1b\xe1o]k\
\x87\xd9\xc0\x91(,,]\xff\xf0\xf6\xb9\xcc\x13\x8c\xbe\
g\x89|\xc8\x97\x90D4\x0fP\xc3p \x05\x04d\
\xdc\x7f\xd3\xcf\xed\xcd\x96\xe0\xdb\xde\xc4\xc7\xf4\x84\xe7\x1e\
c:\xfb\xfd\xb3%.3\xa3\x9d\xea\xb1Zf7\x9e\
8\xb7\xf4\xf6+v(\x94\xc4\xc2-\x22\xa6'Z\xd0\
F\x83\x85\x14A\x11\x83q\xa0\x88Ib\x8e\xc4\xe1\x88\
\x12\xf8\x1f\x89&\xc9?\x8dFR@j\x1c\x958\x9c\
\x06\x84\x08\x11\xf6\x91\x06\x04$\xe2@\x8f\x83\x99\xa4(\
\x02\xe1\x94\x03E\x08H\xce\x14\x11\x990\xc0\x88\x1a\x8b\
?\x7fI\xc1r-[\x5c\x82\xa1\xf1L\x14\x1a\x1e\x87\
\x02\xde&\x18(L\x8d\xe7A!q\x18MD\xe2<\
\x1aHcj\x941\x12\x22\x90\xa0\x98\x1cH9\x0e\x87\
!M\x22IE \x88\x85\xc2\xcc\x90\x81h&H\x84\
\x84a\x10\x15h\x8a\xff\xbf|p4\xa4\x06\x12\x88\x04\
\x12=\x1e\x11\xc3qx\x18\x8c\x84\xe2\xea\x14\x92\x09\xe2\
<\x1c\xc8Q0\x1a\x904\x89$\x18\x18\x8d\x85\x04\xa2\
(\x0a\x83\x06\x07\x09\x04\x06\x0c\x220\x8c\xf2@\xd1 \
E\xf5\xd4\xc3\xc3\x83B\xb1\x88L\x13\x05\x07\x8a\x13i\
\x18\x92\x0a\x90\x05\x14\x0a\xd3\xf3\xa04\x9c\xa9q$\x04\
\x14\x86\x01\x00\x02\x83\x08\x04$\x22H\x82\xc1\x81DP\
\xd3\x804\x93DI8\x93@\x04\x12$\x18\x1a O\
#b@\x1c%au\x09\x06H\xf4H$\xc7A\x81\
\x1e\x10\x04@\x08\x8b\x07\x92\x1cd{\xb4\xdb\x9a\xb0\x0d\
\x1e\x5c\xfbje+k\xef\xd6\x9e*?\xf2\xd5\xf9)\
baf\xa2*\xdf\x92\xdf\x8b\xc7\xe8\xbf\xc8S\x84I\
xe\xb8\xed\xac\xc5\xed\x85\xdb[\x8e<a4\x8b\x06\
\xa4\x02\xa3\x99\xc04\x10g\xe1A\x83\x87\x08rH\x8e\
C\xf4@\x90g\x11\x91<\x8d\x05\x07\x82\x9e\x09\x8f\xe4\
q\x90\x9c\x0a\x0b\x10\x91[8\x15\x22i\x92,D\x92\
S\x01$\x82,\x1ch\x22\xe1\x82-\xac\xf9)\x83\x07\
\x8d\x8e\xcc\xc2iiX\xbb\x8c\x03gj\xa0\xa9\xe14\
\xa2Gd\x12I\x0d\xa78\x13\x0a\xa0\x06\x81\x04\x03\xe4\
Lh\xa0\x06\x05\x04\x07\x9a\x9e\x05 \xe8\x99 P<\
\x0fGR@\x80\x1e\x10\x03<\x9e\x08\x0bFc\x12M\
h*H\xd1\x04\x0b\x06#\x01\x09\x0f,\x1c\x0d\xa9\x9b\
\xa9i4\x93\xf3h8\x15<\x8f\x07\xa2yD\xb46\
\xaf\xe21\x90\xe7a\x9a\xa2\x09\xd2\xe4p\xa0H41\
\x90\xa7Aj\x1e\xcc\xf48\xa0Fjx\x88(H\x9c\
\x88\x06\x92\xa4\x09Dd\xc2<&lY{x\xb6\xd5\
\x10\x0c\xfd\xf7\x7fDQ\x05\x0fQ\xa3\xa1 1\x06,\
9\x0d)\x9a\xe0p\x1a\x9aH3\xe1\xc1y\x1c\x1a\x0a\
\x08\x9fiV\xf9\xee\xbc\xbf\x99\x98\x95\xaa\xb5\x9a\x85\x9a\
\xa5\xbdn\xf5\xee\xbb\xe6_\x9b\xe6]\x9b\xa7\x9c\xc9\xc9\
\xed|\xc5\x9fk\xba\xa5~i\xb6\xc5\xae\xdf\x9b\x97\xdf\
\x99\x8a\xf5\x8c\xda\xeeZ\xcazkv\xd5z~\xc6V\
\x89\x8b\x97\xeaj\xde_\x98y\xfe\xcf\x96\xf7\xac\xdap\
|\xb3\xef\xac\xff\x8czm_;5\x8f\x83#\xa11\
\x81\x0e\x804\x8fD2i\x14p\x1c\xee/9S\xee\
\x1arj\xd7\xdd~\x9as\xdd#\x9e\xdd}\xfaz1\
\xe3.\xda\xb5\x7f\xeb\x15\xa7\xb5\xfd\xe3]\xf3\x95r_\
\xba\xd7{>\xber\xe1u\x07~\x8c\x92\xcb\xce\xc5\xfb\
\x8b\xbe\xe0rc/\xfd\x8e\x0a3\x8a\xfb^\xf5-\xfe\
\xd7e\xbeg=*\xeb\xb9X\xd7\xee\x96\xd5\xfd\xda\x9f\
u{\xfb\x7f\xcc\x97Vj\xa8\x8e\x9e\x8c\xfahm\xed\
v\xe7k\xda\x88{\xcbX\xc9\x0f\xa5W\xd9d\x92Y\
\x8eYriF\xb9\xfe\xec\xb5J|.^\x98Q\x96\
=\xad\xec\x963L\xd6\xac\x5c\xf6\xaf\xaf^Y\xc6\xf1\
\x05Y\xef\x8a\x15\x86\xf2\xee\xec\xb5|\x8b\xb7\xb6\x97\xde\
fb\xaf9\xc3\xa8qb\x1d\x9f\xe1\xd5\xa7\xfe_z\
\x83[\xa6\xd7}V?\xba\x22\xa3\x9c\xe2\xeb_\x8e\x87\
\x8ay\xe5\xc9(x\xcfV\xd8\xb8\xe4\x1b\x7f\xed\xe62\
\x9bF\x90\xa8\x01\x05\x02\xa5\xf1D\x92\x84F#\x828\
\x0e\x0e.@\x10F\xe4m\xfbj=\xed<}\xee\xeb\
b\xcc\x05\x0dW\xb5\xf2\xb6\x91\x0d\xff\xfb3u17\
mhP\xdcg7\xfeK\xe4\xdc^p\xd5\xf5R&\
\xdb\xb5\xb4\xd3\xd2.\x99\xd7\x99\xef\xd6B;\x06R\xf8\
\x94?\xbb\xb3\x5c9\xd3\xbb\xe5\xf3\xadU\xb0\xd9\xca\x98\
EY\xbf\x0b\x15\x86\xb2lj\xc5\xb6\x8b'\xda\xd7\xe6\
*\xd7\x89[v\xbbt\x9ak\xbd\xa6\xa2\x9e\xcdu\xbb\
\xcb\xb5[\xad\x9f\x82\x80\xf2\x8a\xdae\x87\xcd^w\xef\
\xf6u\x9a\x88\x8b\x1a\x1e\xe6\xc2%\xb6cr=3g\
7\xf0\x90\x81g\x150\xcab\x8a-kJ\xebs\x96\
[/\xab<\xfa\xdb\xa4\xc9\xd480R\x04\x81P\x98\
\x9a\xc8\x03kG\xc4\xb5-L6N/\xcf^\xed>\
\xd5\xfd\x88F\x92\x9a\x86\x06\x0c\x2248H\x14\x10\xac\
\x15\xdfV\x9b\x7fSS7;\xf5\xce\xf36\xd9L\x8d\
\xddLm\xcdLq\xfd_\xff\xb3\xfb\xb0\xbc[\xf7\xdf\
\x12\xaf\xae\x99\x85m\xb3\xd7\x91\xd7\x12\xbb\x92\xdd\xd6\x1e\
\x91\xafX\xb9\xbd\xceW\xceReW\xb7\xd3\xed\xb2P\
9\xbf\xe4\xf2T\xdez\xa5\x9d\x1f\xcf\xedJ\x15?\xb4\
n\xbe\xe4\xadU6o\xcb\x16\xcc\xe5Bn\xcb\xe5\xde\
\xca\xdb;\xf9\xb5\xb1:\x99\xa5\xd1\x9c\xb9\xdd\xde\x95k\
\x17Gl\xf3\xe5\xae\x5c\xcc+;\xb7\x8b;OY\xb6\
\xb4\xca[\xf0\xd6\xf0\x8dU\xab\x17\xc4fG5\xe6\xfa\
^^\xed\xb5,\x19\xc3\xbcC\x5c\xaf\xcb=\xcd\xda\xe3\
\xd4\xd6\xeb\xd66\xb5:\xfc\xb7/T\xda\xf1\x0f\xd5\xbf\
lo=Kq\x8f\xcbo\xd9\xc7\xee\xfe\xccS\xec.\
_\xd4\xde\xb6\xd8\xfc\xebt\xc1\xefs[\xce\x9b\xad\xf0\
\x14d\xeb[\xb4\xdd\xac\x9a\xcd\xd1\xf7\x90\xb5.\xf9>\
=\xab\xf7W\x0d3\xff\xb2\xb92\x19\x05\xf7\xbb\xdaU\
\x11\xebn\xf7\x94[\xb9y\xcb\x95\xfb\xf3.\xed\xbb\xae\
U\xfe\xb1\xaf\x9aY\xd2\xf3\xaf\x1c\x15|\xfb,d\xb4\
\x97S\xdbC\xe4\xfc\xe2S\xb0M\xbb\xf6\xa1\xe9h\xf5\
\x90\xe2\xf7\xea\xb8\xb7\x85\x8f\xcfW\xbe\xf4./\xeb\xad\
^\xa9\x8b\xcb\x1a\x1f\x972\x0a\xe6\xea.\xe3\x98~r\
\xa1.|\x8eyXz\x0b[\x1b\xd6\xad\xa2\x8c\xb3u\
\x0b\x9a\xe7\x95\xa6\xc2Hu\xc52Uno\xb9V\xd1\
r+\x83D\xa8\xf2\xa2\x9a\xa3\x0c1V\x22#IR\
\xc9p\xd2!\x86\x81i\x94\x86\xbd\x83{\xc2X<D\
q\x0c\xcc0\x14\xc4\x18\xa3\x08Q\x86\x10B\x08!F\
@\x08\x11\x19\x19\x19\x99\xaa:2\x8cf+\xb0\x0ch\
Z\x08Gk\xa0\xe1\xa8\xc2\xcaj\xd8\xd93\x0eq\xd9\
\xe8\xe7\xe0\xa3\xb8/\xc7:\x7f\xbb\xa4\xb2<\x5c\xacK\
\xf5\xa8\xb4\x8a\x1f\xae[\xe9\x025\xfd\xd4\x11\x12\x86\xad\
\xdf\x0fx\x88\xf5\xa6\xf8\x0bp\xb2u.\xe4\xc6\x0d5\
)\xdd\xda\xfb\xf9\xc0<\xbeEy\xf5j\x88\xba\xecK\
_\xcc\x17\xac\xf7\x0aM\xd2\xfe2\xbb\xbf~\xce\x08{\
z\x05UW\xf0\x7f\x82\xad\xec~%\x86=Yh\xd5\
\xa0\xb9h[\xa0(A\xb1>+ 12HbQ\
GC\x0f`\xdb\x0e\x0dz\x1d\xb6\x1f\xccui;\xa3\
\xab\xdc\x84i\xae\xcdve\xc4j\xed\x86\x8e\x1b\xf2\xcd\
U\x04a\x15\x7f\x8b\x0aD7\xa2\xa2\x1b\xb5\xed\x8c\xa0\
<X8\x0c\xee\x80\xa6\x9e\x8d'\x0ey\x80\xe1\x1f\xd3\
\x9a\x98M\xf1$6\x90>N(\x8d\xb4\x05@D\xa4\
#\xa2\xb3\xeb\xa9}f\x80_\x8d\x91\x9d\xaa'$y\
\xc4\x816W\xa2\xa6LR\xf6\x1ek\xeb\xbe\x08\x0b\xac\
0\x1c\xc3\x11!\xa0\xab\xf0\xf25\xe0\xeb\x8c i5\
\xd6\x7f\xa2\xcc\xae\xc9\xeb\x1b\xa2\xe0\xc3\xb5LN>.\
\xe4Q\xa5\xcb*\xcc\x0f\x88\xdc\x1c\x0c\xed[\xb6\xab\xaa\
\xfa\x8e,\xdb\x09.T\xdc\x85\xeb\x5c\xbd9\xee\x18\xd0\
Ag!\x92$\xb3A+\xec\x9cV\xbc\xbf\x09\xa6Q\
\xcb#q^\x0c\x92\xc1\x9fN6\x1a%Y\x0e\x06\xf4\
\x04\xeb\x97\xc88\xd1w\xd6\xb4pQ\x16\xa1\x96\x8f\xd2\
\xed\x11\xc6^\x16\x93\x9d\xd1\x0e?s\x86\x1a\xc2\x85\x84\
G\xd5d\xc6\x8a\x9d\xb6)\xd4|\xe9U\xd4\xbf7[\
M'b\x0cb\xeb\xb3\xcc\x94\x8e\x0e\xe5|\x93\x7ft\
\x1e\xd7\x0c\x9a^\xb2\xdc\xc6|\x0c2B\x0e\xad\xc9\xdd\
I\xbdf\x0d\xac;y\xb6\x5c\x7f\xbc0\x91\x81\xf8\x19\
\xf5\x86\xda\x0c\x13B\xb7\x80\x1e\xdd\xba}\x95r\xb8\xf5\
\xbbH\x1f\xed\x85\xe1\xb5wC\xd8(G\x8a\xd6\xb5\x8b\
\x8f\xd5\x8a\xb5\xdb[\xa0\x00zV\x98/\xeb\xab\xc2\xac\
\x00n\xb1\xd0F8\x80\xdc\xb7M\x01V\xd5\x04\xd4l\
6\x91\x8c\x85\x1e\xaa\xac-AN\x18\x0c\xb0,\xd8\xa2\
\x06\xc9\xd0\x12\xd1\xaa\xc0\x01\xe2\x85n\x1d\xc9\xa8\xe1\x9d\
\x83\xad=\xf1L*\xab\x08!\xd7\xa4\xcc=\x8a^\xde\
\x0a\xba\x0b,\xc3t*:\xbe\x8dY\x09\x05\x12\x0eS\
\x92\xda\xc6\x08\x0f\xa1{?!\xca \xad\x1e\x22-A\
$\x93bt\x88\x8f\x8a,\xd7'\xfdI\xffj@\x8a\
\x22\xc4~6\xf1\xadD\x06\xe28\xfe\x16\x82\xec\xc1\xff\
7\xdf\xa5aVhK\xc9&\xe6C#1p\x5c\xbe\
\xe2.\x82\xd0\x9c.\x91i\xa2\x89\xfa\x14\xd3\xe2\xda\x0c\
\xed\xe6\x7f8\xa9#\x09\x94\x8b\x84'\xe3\xeb\x10\x17\xab\
\xadGq\xce\xd5\xa2\xea\xc2\xcd\xa6&\x9c \xe5\x0f\xa3\
{\xc1\xd3P\xaa!\x0c\x81\x1a\x00\x1a\xf2\x087\xbd9\
\xcdl\xed\x9d\xc2i\x8c\xa7c%laU\x1a\xe1R\
4\xef\x85FQF\xe0r\xef[\x99J~\x14\xe0\xa5\
\xb9\xa4B,H\x0c\x86\xefY\xb5\xf7\xd8Q\x15\x198\
7D\xda\x8b&\xf9\x96\x14:(i\xeb\xd7~\xcb0\
\xa4\x03\x93\x88\x84\xdd\xb2xN\xaam\xa8G\x85P\xf1\
\xf34,\x80wQ\xb9\x9f/\xcc\xfdV\xde\xcb\x85\x82\
\x08\x8551\xc1n\xe0\xfb\xf1\xbdF2_\xec\xd7\x90\
\xe0\x9e!\x1a!8V\xc3x\xc0[\x19\xda\x88\x89#\
\xa0\xa2<\xe3#e\xa6k\xd9|HU:\xbbyz\
m\xe3\xff\xbe\xc0\x98:}\xa3\xed\xe7-\x9ao\x12n\
\xa5\xc4\xa8\x0eRC(\x02D?\xa3\xf9\x86\xe5\xb8\x17\
\x08\xfb\x86\x97\x13]\x8e\xfa\xf0\xbd\xbdr\xc0\x1d\xc0\x16\
I9\xb2\xa4\x82\x15Y\xbb\x1cOs\x05\x19,\xd5U\
Z`s\xbeY\x0e\xe6\x98\xe8\xa0>\xd4\xb9&MZ\
\x15\x02\xc2\xf3\x96d\xd0\x9d\x156<\x8eHKu \
D\xc0\x07UQ:=;\x03C#g\xc3\xcd\x95?\
teT\x8c\xaf\xc4\xbdd&\xd6\x8c\x81:\xed5\xd2\
\xa0T\xb9w\xcbd\x9f\xb9\x0d\x81\xbfm\xa6Q\x17\x08\
5\xccO\xa8\x92\x9e\xbc\x12\x03\xa5I\x8e\x8d\xd8ea\
|\xd0\x05\xb0BZt\x96U\x80N\x80\x91iCk\
\x02@\xcf\x03\xcd'\xed\x04\xf8\xb0T\x8bi\x1aD\xb9\
\xe2\xdf\x86\xe7\x16\xf5)\x93\xc2.[\xbaC\x00^n\
\xcf[\xf5\xb3\xee\xe8v$\x1a\xb0\xb1\x15\xa4i@\xa1\
1]\xa1\x9a\x9a&\x5c\x02\x00\xf3:\x97\x9f\xa9\xba\x07\
\x0b'\xc4\x99 \xd8\xe8ltH\xb5\xf2\xd11\x83w\
\xff\xd1rtV\x11\x90\x80C*?\x0d\xc8\x023r\
\x15U\x0a*\x0a\xfa\x8bmhU\x1a\x85\x15\x16\xac\xed\
C\xd88i\x5c\xc4YZ\x0f\xf1\xb4FIA\x8d\xf1\
\xaa\x9d\x04c9:\x87D\x88\xec\xc2\xba=\xbc\xb9%\
\xb8\xc9\x0bb\x0bB `\x0ePr\xf5j\xe6u=\
\xf4k2\x9dO\xa7<\x99\xd2\xcb'\x1dTA{W\
\x86\xe3%\xd0\x8d\x1cc\x904\x96pW\xcb\xa6\xcd\xfe\
#\xf3\xd9op\xb7\xb5Dp\xf2\xd8i\xdb\x89\xa5\xfd\
\xee\x0fL\x90?A7?\x85\xe8\xd9\x89\xec\xe7K\xdf\
\x816\x0c\xa0i\x84OF\x0c(\xb0^\xb3\xf9\x81:\
>\xe2;\x10C0k\xb2f\xbdT\x09\x97#\xfb\x92\
\x8f\xdf\x0b\xce;\xff5\xa0\xef\x84\x08zRn\x14\xbe\
tW-\xf1M\xcf\xf2\x10:B\xad\x9d1\x14\xd9\xc2\
\xccsqx|{\xef\x9cM\x87t\xb3F\xde\xdc\xc9\
=\xf1\x9f\xf6\xb8\xd3I&\xe5\xbf\xd5Z!\x0f\xc3\xd7\
\x0ez\x08\xc1\x9b,W\x19P9\xdfPy\x8f\xf9)\
\xe7\x0f\xc1\x7f\x9aw\xfa\x05\xe8\xaa\xbe\x14\xb7\x09\xc9 \
0\x1bU\xa3ZH\xd5\x08\xd6,\x0a\xc6\xcf\xff\xc1\x1b\
`\xf0-\x84\xfb\x85\xfe\x89\xce\x8d\xad\x85\xe7?\x92\xd8\
\x0b\x96\xab\x81\x0a&\xe0\x14\xba\x9a|6\x83\x13\x98l\
\xc5\xce{7\xb2<\x81\xfa\x819]E\x22`\x81>\
-\xfb\xbf\xd4\x22)<B e\xcf!\x16\xeb\xc1_\
\xc0S\x86\xef\xd4Zo\x93\x0c\x16\xd8\x81>\x95\xb9\x9c\
\x93\x9f\xa4o\xba+\x0b\xd8\xae'\xa2\xcf\xa1\xccfw\
K\x9c\xa9\x93\xbcn1\x1dFP\xd6v\xa3r\x9a\xb2\
\xfe\xc6\xeeM\x03\xab\x10\x9b\x82\x86\x92\x04D\xd4\xa0$\
\xc1# \xce\xb4C-\xdeM\xa9l0\x16\xea\xd8\x03\
\x8c\x13c\xabO\x06\xb9\xce\x881\x9a\xb6\xfc\xb34S\
\xc2\x84\xaf\x81\x0bu\x8b\x22\xc9\xe1\x0f\xfc9\x1cE\xd2\
b\xc3T\xc9hu\xf9\xc5d\x86\xf31`A\xa6\xb8\
>\xab\xe64\xd9\x81l\x80\xcb\xf7V\x01\xa4#\xed_\
1\x7ff\x90\xccxu\x9b\x80\xe8\xf5N\xb4\xb2\x1a\x22\
\x1dj9\xc8\x0bd\x87\x13K\x98\xc65<e\xebw\
DI{@S\x90\x19)e\x1eAi5\x11\xf2\xf4\
\x8b\x03\xf5\xe7\x1bL\x80\x8c(\xe6%\x0e\x02\xac\x89\x07\
\xfc\x0f\xa0\xfcQ\xdf\xc3b\xddc\xee\xef\x0bX\x84 \
\x0d\xecF{\x9fv\xf1'W\x9c\xeb[\xe8)\x0d\x5c\
\xf4\xa5\x18\xe3\x93}\xf9C\xbe\x02&J\xe1j:f\
c\x9c\x03\x1e9\xc9SA\x80)\x04\xf0\xcc\x9d\x00\x09\
6\xad\xc34\xe3\x1e\xdc\x86W\x06Ca\xf6\xb0I\xd4\
\x04\xa4\x85`{\xa9\xd7\xe5\x85LT]\x903\x7f\x12\
\xeb\xf6\xe3E\xfbW\xa5\xaf\x0e3\xbd\x8dBt1\xdc\
'0\x1e\xaf\xb5\xb3<\xecaT \x19%L5T\
\xa0y=$\x0d\x0d\xa9\xb9\xb5\x14\xc0\x03\xd7\xb6\x183\
;\xb3\x094\xc0\x93A?\xdc\xc2\xfb\xc6\xab0\x1f\xa3\
\xd0\x1c`R\xeb\x98\xa5$\xac@\xee\x95\x12\xcd\x00\x06\
\xec\x99I.h\x02\xef(8\x9f@A88\xe4\xa9\
;\xf8cj\xd9\x16\xf4\xe4\xa5t\xa2\x91\x9e?V\xf2\
D\x9e\x91\x93F\x14\x17\xce;\x1d\xe0\x80\xe0\xd5\xab\x84\
\x97\x15=])\xdb\xed\x87?,\xb1Z\x01\
\x00\x00\x09X\
<\
svg xmlns=\x22http:\
//www.w3.org/200\
0/svg\x22 width=\x2248\
\x22 height=\x2248\x22 ve\
rsion=\x221\x22>\x0a <pat\
h style=\x22opacity\
:0.2\x22 d=\x22m 4,40 \
v 1 c 0,1.108 0.\
892,2 2,2 h 36 c\
 1.108,0 2,-0.89\
2 2,-2 v -1 c 0,\
1.108 -0.892,2 -\
2,2 H 6 C 4.892,\
42 4,41.108 4,40\
 Z\x22/>\x0a <rect sty\
le=\x22fill:#8e8e8e\
\x22 width=\x2240\x22 hei\
ght=\x2236\x22 x=\x224\x22 y\
=\x226\x22 rx=\x222\x22 ry=\x22\
2\x22/>\x0a <path styl\
e=\x22opacity:0.1;f\
ill:#ffffff\x22 d=\x22\
M 6,6 C 4.892,6 \
4,6.892 4,8 V 9 \
C 4,7.892 4.892,\
7 6,7 h 36 c 1.1\
08,0 2,0.892 2,2\
 V 8 C 44,6.892 \
43.108,6 42,6 Z\x22\
/>\x0a <rect style=\
\x22fill:#35454e\x22 w\
idth=\x2240\x22 height\
=\x2228\x22 x=\x224\x22 y=\x221\
0\x22/>\x0a <path styl\
e=\x22opacity:0.2\x22 \
d=\x22m 13,16 v 2 1\
6 h 2 3 V 32 H 1\
5 V 18 h 3 v -2 \
h -3 z m 15,0 v \
2 h 3 v 14 h -3 \
v 2 h 5 V 32 16 \
Z m 7,4 a 1,1 0 \
0 0 -1,1 1,1 0 0\
 0 1,1 1,1 0 0 0\
 1,-1 1,1 0 0 0 \
-1,-1 z m 0,9 a \
1,1 0 0 0 -1,1 1\
,1 0 0 0 1,1 1,1\
 0 0 0 1,-1 1,1 \
0 0 0 -1,-1 z\x22/>\
\x0a <rect style=\x22f\
ill:#267edb\x22 wid\
th=\x222\x22 height=\x221\
8\x22 x=\x2213\x22 y=\x2215\x22\
/>\x0a <rect style=\
\x22fill:#267edb\x22 w\
idth=\x225\x22 height=\
\x222\x22 x=\x2213\x22 y=\x2215\
\x22/>\x0a <rect style\
=\x22fill:#267edb\x22 \
width=\x225\x22 height\
=\x222\x22 x=\x2213\x22 y=\x223\
1\x22/>\x0a <rect styl\
e=\x22fill:#267edb\x22\
 width=\x222\x22 heigh\
t=\x2218\x22 x=\x22-33\x22 y\
=\x2215\x22 transform=\
\x22scale(-1,1)\x22/>\x0a\
 <rect style=\x22fi\
ll:#267edb\x22 widt\
h=\x225\x22 height=\x222\x22\
 x=\x22-33\x22 y=\x2215\x22 \
transform=\x22scale\
(-1,1)\x22/>\x0a <rect\
 style=\x22fill:#26\
7edb\x22 width=\x225\x22 \
height=\x222\x22 x=\x22-3\
3\x22 y=\x2231\x22 transf\
orm=\x22scale(-1,1)\
\x22/>\x0a <path style\
=\x22opacity:0.2\x22 d\
=\x22m 19.875,19.51\
3672 -1.75,0.972\
656 4.978516,8.9\
60938 c -0.19499\
,0.349806 -0.389\
051,0.679462 -0.\
582032,0.974609 \
-0.368948,0.5642\
74 -0.732949,1.0\
11451 -1.027343,\
1.275391 C 21.19\
9746,31.961205 2\
1.013889,32 21,3\
2 h -1 v 2 h 1 c\
 0.736111,0 1.33\
1504,-0.367455 1\
.830078,-0.81445\
3 0.498574,-0.44\
6998 0.939261,-1\
.015446 1.367188\
,-1.669922 0.855\
853,-1.308952 1.\
649398,-2.971909\
 2.349609,-4.626\
953 1.400422,-3.\
310088 2.408203,\
-6.59375 2.40820\
3,-6.59375 l -1.\
910156,-0.589844\
 c 0,0 -0.992219\
,3.216338 -2.341\
797,6.40625 -0.1\
66282,0.393029 -\
0.349547,0.76311\
2 -0.525391,1.14\
8438 z\x22/>\x0a <path\
 style=\x22fill:non\
e;stroke:#ffffff\
;stroke-width:2\x22\
 d=\x22m 19,19 5,9\x22\
/>\x0a <path style=\
\x22fill:none;strok\
e:#ffffff;stroke\
-width:2\x22 d=\x22m 2\
8,19 c 0,0 -4,13\
 -7,13 h -1\x22/>\x0a \
<path style=\x22fil\
l:#267edb\x22 d=\x22m \
36,20 a 1,1 0 0 \
1 -1,1 1,1 0 0 1\
 -1,-1 1,1 0 0 1\
 1,-1 1,1 0 0 1 \
1,1 z\x22/>\x0a <path \
style=\x22fill:#267\
edb\x22 d=\x22m 36,29 \
a 1,1 0 0 1 -1,1\
 1,1 0 0 1 -1,-1\
 1,1 0 0 1 1,-1 \
1,1 0 0 1 1,1 z\x22\
/>\x0a <rect style=\
\x22opacity:0.2\x22 wi\
dth=\x2240\x22 height=\
\x221\x22 x=\x224\x22 y=\x2210\x22\
/>\x0a <rect style=\
\x22opacity:0.1;fil\
l:#ffffff\x22 width\
=\x2240\x22 height=\x221\x22\
 x=\x224\x22 y=\x2238\x22/>\x0a\
</svg>\x0a\
\x00\x00\x04\xdc\
<\
?xml version=\x221.\
0\x22 encoding=\x22UTF\
-8\x22 standalone=\x22\
no\x22?>\x0a<svg\x0a   vi\
ewBox=\x220 0 16 16\
\x22\x0a   version=\x221.\
1\x22\x0a   id=\x22svg1\x22\x0a\
   sodipodi:docn\
ame=\x22add-vertica\
l-cursor-dark.sv\
g\x22\x0a   inkscape:v\
ersion=\x221.4.2 (u\
nknown)\x22\x0a   xmln\
s:inkscape=\x22http\
://www.inkscape.\
org/namespaces/i\
nkscape\x22\x0a   xmln\
s:sodipodi=\x22http\
://sodipodi.sour\
ceforge.net/DTD/\
sodipodi-0.dtd\x22\x0a\
   xmlns=\x22http:/\
/www.w3.org/2000\
/svg\x22\x0a   xmlns:s\
vg=\x22http://www.w\
3.org/2000/svg\x22>\
\x0a  <sodipodi:nam\
edview\x0a     id=\x22\
namedview1\x22\x0a    \
 pagecolor=\x22#dbd\
bdb\x22\x0a     border\
color=\x22#666666\x22\x0a\
     borderopaci\
ty=\x221.0\x22\x0a     in\
kscape:showpages\
hadow=\x222\x22\x0a     i\
nkscape:pageopac\
ity=\x220.0\x22\x0a     i\
nkscape:pagechec\
kerboard=\x220\x22\x0a   \
  inkscape:deskc\
olor=\x22#d1d1d1\x22\x0a \
    inkscape:zoo\
m=\x2274\x22\x0a     inks\
cape:cx=\x227.99324\
32\x22\x0a     inkscap\
e:cy=\x228\x22\x0a     in\
kscape:window-wi\
dth=\x223438\x22\x0a     \
inkscape:window-\
height=\x221387\x22\x0a  \
   inkscape:wind\
ow-x=\x220\x22\x0a     in\
kscape:window-y=\
\x220\x22\x0a     inkscap\
e:window-maximiz\
ed=\x221\x22\x0a     inks\
cape:current-lay\
er=\x22svg1\x22 />\x0a  <\
defs\x0a     id=\x22de\
fs3051\x22>\x0a    <st\
yle\x0a       type=\
\x22text/css\x22\x0a     \
  id=\x22current-co\
lor-scheme\x22>.Col\
orScheme-Text { \
color: #fcfcfc; \
} </style>\x0a  </d\
efs>\x0a  <path\x0a   \
  style=\x22fill:#f\
fffff;fill-opaci\
ty:1;stroke:none\
\x22\x0a     d=\x22M 5,2 \
V 3 H 7 V 13 H 5\
 v 1 h 5 V 13 H \
8 V 3 h 2 V 2 Z\x22\
\x0a     id=\x22path1\x22\
 />\x0a</svg>\x0a\
\x00\x00\x08\xbd\
<\
?xml version=\x221.\
0\x22 encoding=\x22UTF\
-8\x22 standalone=\x22\
no\x22?>\x0a<svg\x0a   vi\
ewBox=\x220 0 23.46\
6667 23.466667\x22\x0a\
   id=\x22svg2\x22\x0a   \
version=\x221.1\x22\x0a  \
 inkscape:versio\
n=\x221.4.4 (unknow\
n)\x22\x0a   sodipodi:\
docname=\x22overflo\
w-menu-dark.svg\x22\
\x0a   width=\x2225.03\
1111\x22\x0a   height=\
\x2225.031111\x22\x0a   x\
mlns:inkscape=\x22h\
ttp://www.inksca\
pe.org/namespace\
s/inkscape\x22\x0a   x\
mlns:sodipodi=\x22h\
ttp://sodipodi.s\
ourceforge.net/D\
TD/sodipodi-0.dt\
d\x22\x0a   xmlns=\x22htt\
p://www.w3.org/2\
000/svg\x22\x0a   xmln\
s:svg=\x22http://ww\
w.w3.org/2000/sv\
g\x22\x0a   xmlns:rdf=\
\x22http://www.w3.o\
rg/1999/02/22-rd\
f-syntax-ns#\x22\x0a  \
 xmlns:cc=\x22http:\
//creativecommon\
s.org/ns#\x22\x0a   xm\
lns:dc=\x22http://p\
url.org/dc/eleme\
nts/1.1/\x22>\x0a  <me\
tadata\x0a     id=\x22\
metadata10\x22>\x0a   \
 <rdf:RDF>\x0a     \
 <cc:Work\x0a      \
   rdf:about=\x22\x22>\
\x0a        <dc:for\
mat>image/svg+xm\
l</dc:format>\x0a  \
      <dc:type\x0a \
          rdf:re\
source=\x22http://p\
url.org/dc/dcmit\
ype/StillImage\x22 \
/>\x0a      </cc:Wo\
rk>\x0a    </rdf:RD\
F>\x0a  </metadata>\
\x0a  <sodipodi:nam\
edview\x0a     page\
color=\x22#ffffff\x22\x0a\
     bordercolor\
=\x22#666666\x22\x0a     \
borderopacity=\x221\
\x22\x0a     objecttol\
erance=\x2210\x22\x0a    \
 gridtolerance=\x22\
10\x22\x0a     guideto\
lerance=\x2210\x22\x0a   \
  inkscape:pageo\
pacity=\x220\x22\x0a     \
inkscape:pagesha\
dow=\x222\x22\x0a     ink\
scape:window-wid\
th=\x221914\x22\x0a     i\
nkscape:window-h\
eight=\x221140\x22\x0a   \
  id=\x22namedview8\
\x22\x0a     showgrid=\
\x22false\x22\x0a     sho\
wguides=\x22true\x22\x0a \
    inkscape:gui\
de-bbox=\x22true\x22\x0a \
    inkscape:zoo\
m=\x227.5853273\x22\x0a  \
   inkscape:cx=\x22\
33.156117\x22\x0a     \
inkscape:cy=\x229.3\
601762\x22\x0a     ink\
scape:window-x=\x22\
0\x22\x0a     inkscape\
:window-y=\x2224\x22\x0a \
    inkscape:win\
dow-maximized=\x220\
\x22\x0a     inkscape:\
current-layer=\x22s\
vg2\x22\x0a     inksca\
pe:showpageshado\
w=\x222\x22\x0a     inksc\
ape:pagecheckerb\
oard=\x220\x22\x0a     in\
kscape:deskcolor\
=\x22#d1d1d1\x22>\x0a    \
<inkscape:grid\x0a \
      type=\x22xygr\
id\x22\x0a       id=\x22g\
rid3338\x22\x0a       \
originx=\x220\x22\x0a    \
   originy=\x220\x22\x0a \
      spacingy=\x22\
1\x22\x0a       spacin\
gx=\x221\x22\x0a       un\
its=\x22px\x22 />\x0a  </\
sodipodi:namedvi\
ew>\x0a  <defs\x0a    \
 id=\x22defs3051\x22>\x0a\
    <style\x0a     \
  type=\x22text/css\
\x22\x0a       id=\x22cur\
rent-color-schem\
e\x22>\x0a      .Color\
Scheme-Text {\x0a  \
      color:#232\
629;\x0a      }\x0a   \
   </style>\x0a  </\
defs>\x0a  <path\x0a  \
   style=\x22fill:#\
ebebeb;fill-opac\
ity:1;stroke:non\
e\x22\x0a     d=\x22m 10,\
5 v 2 h 2 V 5 h \
-2 m 0,5 v 2 h 2\
 v -2 h -2 m 0,5\
 v 2 h 2 v -2 h \
-2\x22\x0a     class=\x22\
ColorScheme-Text\
\x22\x0a     id=\x22path6\
\x22\x0a     inkscape:\
connector-curvat\
ure=\x220\x22\x0a     sod\
ipodi:nodetypes=\
\x22ccccccccccccccc\
\x22 />\x0a</svg>\x0a\
\x00\x00\x0e\x01\
<\
?xml version=\x221.\
0\x22 encoding=\x22UTF\
-8\x22 standalone=\x22\
no\x22?>\x0a<svg\x0a   xm\
lns:dc=\x22http://p\
url.org/dc/eleme\
nts/1.1/\x22\x0a   xml\
ns:cc=\x22http://cr\
eativecommons.or\
g/ns#\x22\x0a   xmlns:\
rdf=\x22http://www.\
w3.org/1999/02/2\
2-rdf-syntax-ns#\
\x22\x0a   xmlns:svg=\x22\
http://www.w3.or\
g/2000/svg\x22\x0a   x\
mlns=\x22http://www\
.w3.org/2000/svg\
\x22\x0a   xmlns:sodip\
odi=\x22http://sodi\
podi.sourceforge\
.net/DTD/sodipod\
i-0.dtd\x22\x0a   xmln\
s:inkscape=\x22http\
://www.inkscape.\
org/namespaces/i\
nkscape\x22\x0a   view\
Box=\x220 0 24 24\x22\x0a\
   id=\x22svg2\x22\x0a   \
version=\x221.1\x22\x0a  \
 inkscape:versio\
n=\x220.91 r13725\x22\x0a\
   sodipodi:docn\
ame=\x22remove_many\
_specified.svg\x22>\
\x0a  <metadata\x0a   \
  id=\x22metadata10\
\x22>\x0a    <rdf:RDF>\
\x0a      <cc:Work\x0a\
         rdf:abo\
ut=\x22\x22>\x0a        <\
dc:format>image/\
svg+xml</dc:form\
at>\x0a        <dc:\
type\x0a           \
rdf:resource=\x22ht\
tp://purl.org/dc\
/dcmitype/StillI\
mage\x22 />\x0a       \
 <dc:title></dc:\
title>\x0a      </c\
c:Work>\x0a    </rd\
f:RDF>\x0a  </metad\
ata>\x0a  <sodipodi\
:namedview\x0a     \
pagecolor=\x22#ffff\
ff\x22\x0a     borderc\
olor=\x22#666666\x22\x0a \
    borderopacit\
y=\x221\x22\x0a     objec\
ttolerance=\x2210\x22\x0a\
     gridtoleran\
ce=\x2210\x22\x0a     gui\
detolerance=\x2210\x22\
\x0a     inkscape:p\
ageopacity=\x220\x22\x0a \
    inkscape:pag\
eshadow=\x222\x22\x0a    \
 inkscape:window\
-width=\x221522\x22\x0a  \
   inkscape:wind\
ow-height=\x22711\x22\x0a\
     id=\x22namedvi\
ew8\x22\x0a     showgr\
id=\x22false\x22\x0a     \
inkscape:zoom=\x229\
.8333333\x22\x0a     i\
nkscape:cx=\x2210.2\
20339\x22\x0a     inks\
cape:cy=\x2212\x22\x0a   \
  inkscape:windo\
w-x=\x22186\x22\x0a     i\
nkscape:window-y\
=\x22151\x22\x0a     inks\
cape:window-maxi\
mized=\x220\x22\x0a     i\
nkscape:current-\
layer=\x22svg2\x22 />\x0a\
  <defs\x0a     id=\
\x22defs3051\x22>\x0a    \
<style\x0a       ty\
pe=\x22text/css\x22\x0a  \
     id=\x22current\
-color-scheme\x22>\x0a\
      .ColorSche\
me-Text {\x0a      \
  color:#4d4d4d;\
\x0a      }\x0a      <\
/style>\x0a  </defs\
>\x0a  <path\x0a     s\
tyle=\x22fill:#da44\
53;fill-opacity:\
1;stroke:none\x22\x0a \
    d=\x22M 12 4 C \
7.5817254 4 4.00\
00047 7.5817206 \
4 12 C 4.0000047\
 16.418279 7.581\
7254 20 12 20 C \
16.418275 20 19.\
999995 16.418279\
 20 12 C 19.9999\
95 7.5817206 16.\
418275 4 12 4 z \
M 12 5 C 13.6601\
91 5.0004288 15.\
266188 5.5909096\
 16.53125 6.6660\
156 L 16.53125 6\
.6679688 C 16.54\
371 6.6873648 16\
.54928 6.698596 \
16.5625 6.71875 \
L 12 11.28125 L \
7.4375 6.71875 C\
 7.44567 6.70564\
4 7.4489602 6.69\
85249 7.4570312 \
6.6855469 C 8.72\
23998 5.6007743 \
10.333303 5.0030\
918 12 5 z M 6.7\
1875 7.4375 L 11\
.28125 12 L 6.71\
875 16.5625 C 6.\
6171467 16.44080\
5 6.5512717 16.3\
75451 6.4570312 \
16.265625 C 5.51\
4313 15.043295 5\
.0020659 13.5436\
33 5 12 C 5.0008\
918 10.340481 5.\
5913443 8.735253\
 6.6660156 7.470\
7031 C 6.6871048\
 7.4567728 6.697\
1198 7.4519431 6\
.71875 7.4375 z \
M 17.28125 7.437\
5 C 17.29045 7.4\
413 17.295507 7.\
4415525 17.30468\
8 7.4453125 C 18\
.395603 8.712359\
1 18.996983 10.3\
28027 19 12 C 18\
.99955 13.666377\
 18.404652 15.27\
7936 17.322266 1\
6.544922 C 17.30\
7246 16.552622 1\
7.29715 16.55392\
 17.28125 16.562\
5 L 12.71875 12 \
L 17.28125 7.437\
5 z M 12 12.7187\
5 L 16.5625 17.2\
8125 C 16.5577 1\
7.2914 16.555501\
 17.296561 16.55\
0781 17.306641 C\
 15.284483 18.39\
5984 13.67038 18\
.996594 12 19 C \
10.326931 18.998\
459 8.7097453 18\
.397731 7.441406\
2 17.306641 C 7.\
4396762 17.29632\
1 7.43926 17.291\
65 7.4375 17.281\
25 L 12 12.71875\
 z \x22\x0a     class=\
\x22ColorScheme-Tex\
t\x22\x0a     id=\x22path\
6\x22 />\x0a  <path\x0a  \
   inkscape:conn\
ector-curvature=\
\x220\x22\x0a     id=\x22pat\
h4165\x22\x0a     styl\
e=\x22color:#4d4d4d\
;fill:currentCol\
or;fill-opacity:\
1;stroke:none\x22\x0a \
    d=\x22m 21.6779\
67,20.254237 c -\
0.552285,0 -1,0.\
447715 -1,1 0,0.\
552285 0.447715,\
1 1,1 0.552285,0\
 1,-0.447715 1,-\
1 0,-0.552285 -0\
.447715,-1 -1,-1\
 z m -2.847458,0\
 c -0.552285,0 -\
1,0.447715 -1,1 \
0,0.552285 0.447\
715,1 1,1 0.5522\
85,0 1,-0.447715\
 1,-1 0,-0.55228\
5 -0.447715,-1 -\
1,-1 z m -2.8813\
56,0 c -0.552285\
,0 -1,0.447715 -\
1,1 0,0.552285 0\
.447715,1 1,1 0.\
552285,0 1,-0.44\
7715 1,-1 0,-0.5\
52285 -0.447715,\
-1 -1,-1 z\x22\x0a    \
 sodipodi:nodety\
pes=\x22sssssssssss\
ssss\x22 />\x0a</svg>\x0a\
\
\x00\x00\x05\x06\
<\
?xml version=\x221.\
0\x22 encoding=\x22UTF\
-8\x22 standalone=\x22\
no\x22?>\x0a<svg\x0a   vi\
ewBox=\x220 0 22 22\
\x22\x0a   version=\x221.\
1\x22\x0a   id=\x22svg1\x22\x0a\
   sodipodi:docn\
ame=\x22list-remove\
-dark.svg\x22\x0a   in\
kscape:version=\x22\
1.4.4 (unknown)\x22\
\x0a   xmlns:inksca\
pe=\x22http://www.i\
nkscape.org/name\
spaces/inkscape\x22\
\x0a   xmlns:sodipo\
di=\x22http://sodip\
odi.sourceforge.\
net/DTD/sodipodi\
-0.dtd\x22\x0a   xmlns\
=\x22http://www.w3.\
org/2000/svg\x22\x0a  \
 xmlns:svg=\x22http\
://www.w3.org/20\
00/svg\x22>\x0a  <sodi\
podi:namedview\x0a \
    id=\x22namedvie\
w1\x22\x0a     pagecol\
or=\x22#ffffff\x22\x0a   \
  bordercolor=\x22#\
666666\x22\x0a     bor\
deropacity=\x221.0\x22\
\x0a     inkscape:s\
howpageshadow=\x222\
\x22\x0a     inkscape:\
pageopacity=\x220.0\
\x22\x0a     inkscape:\
pagecheckerboard\
=\x220\x22\x0a     inksca\
pe:deskcolor=\x22#d\
1d1d1\x22\x0a     inks\
cape:zoom=\x2254.90\
9091\x22\x0a     inksc\
ape:cx=\x2210.99089\
4\x22\x0a     inkscape\
:cy=\x2211\x22\x0a     in\
kscape:window-wi\
dth=\x223440\x22\x0a     \
inkscape:window-\
height=\x221388\x22\x0a  \
   inkscape:wind\
ow-x=\x220\x22\x0a     in\
kscape:window-y=\
\x2224\x22\x0a     inksca\
pe:window-maximi\
zed=\x221\x22\x0a     ink\
scape:current-la\
yer=\x22svg1\x22 />\x0a  \
<defs\x0a     id=\x22d\
efs3051\x22>\x0a    <s\
tyle\x0a       type\
=\x22text/css\x22\x0a    \
   id=\x22current-c\
olor-scheme\x22>\x0a  \
    .ColorScheme\
-Text {\x0a        \
color:#232629;\x0a \
     }\x0a      </s\
tyle>\x0a  </defs>\x0a\
  <path\x0a     sty\
le=\x22fill:#ebebeb\
\x22\x0a     class=\x22Co\
lorScheme-Text\x22\x0a\
     d=\x22M 3 7 L \
3 9 L 13 9 L 13 \
7 L 3 7 z\x22\x0a     \
transform=\x22trans\
late(3 3)\x22\x0a     \
id=\x22path1\x22 />\x0a</\
svg>\x0a\
\x00\x00\x05=\
<\
?xml version=\x221.\
0\x22 encoding=\x22UTF\
-8\x22 standalone=\x22\
no\x22?>\x0a<svg\x0a   vi\
ewBox=\x220 0 22 22\
\x22\x0a   version=\x221.\
1\x22\x0a   id=\x22svg1\x22\x0a\
   sodipodi:docn\
ame=\x22overflow-me\
nu-right-dark.sv\
g\x22\x0a   inkscape:v\
ersion=\x221.4.4 (u\
nknown)\x22\x0a   xmln\
s:inkscape=\x22http\
://www.inkscape.\
org/namespaces/i\
nkscape\x22\x0a   xmln\
s:sodipodi=\x22http\
://sodipodi.sour\
ceforge.net/DTD/\
sodipodi-0.dtd\x22\x0a\
   xmlns=\x22http:/\
/www.w3.org/2000\
/svg\x22\x0a   xmlns:s\
vg=\x22http://www.w\
3.org/2000/svg\x22>\
\x0a  <sodipodi:nam\
edview\x0a     id=\x22\
namedview1\x22\x0a    \
 pagecolor=\x22#fff\
fff\x22\x0a     border\
color=\x22#666666\x22\x0a\
     borderopaci\
ty=\x221.0\x22\x0a     in\
kscape:showpages\
hadow=\x222\x22\x0a     i\
nkscape:pageopac\
ity=\x220.0\x22\x0a     i\
nkscape:pagechec\
kerboard=\x220\x22\x0a   \
  inkscape:deskc\
olor=\x22#d1d1d1\x22\x0a \
    inkscape:zoo\
m=\x2254.909091\x22\x0a  \
   inkscape:cx=\x22\
10.990894\x22\x0a     \
inkscape:cy=\x2211\x22\
\x0a     inkscape:w\
indow-width=\x22344\
0\x22\x0a     inkscape\
:window-height=\x22\
1388\x22\x0a     inksc\
ape:window-x=\x220\x22\
\x0a     inkscape:w\
indow-y=\x2224\x22\x0a   \
  inkscape:windo\
w-maximized=\x221\x22\x0a\
     inkscape:cu\
rrent-layer=\x22svg\
1\x22 />\x0a  <defs\x0a  \
   id=\x22defs3051\x22\
>\x0a    <style\x0a   \
    type=\x22text/c\
ss\x22\x0a       id=\x22c\
urrent-color-sch\
eme\x22>\x0a      .Col\
orScheme-Text {\x0a\
        color:#2\
32629;\x0a      }\x0a \
     </style>\x0a  \
</defs>\x0a  <path\x0a\
     style=\x22fill\
:#ebebeb;fill-op\
acity:1;stroke:n\
one\x22\x0a     d=\x22m 1\
0,5 0,2 2,0 0,-2\
 z m 4,5 0,2 2,0\
 0,-2 z m -4,0 0\
,2 2,0 0,-2 z m \
0,5 0,2 2,0 0,-2\
 z\x22\x0a     class=\x22\
ColorScheme-Text\
\x22\x0a     id=\x22path1\
\x22 />\x0a</svg>\x0a\
\x00\x00\x08\x80\
<\
?xml version=\x221.\
0\x22 encoding=\x22UTF\
-8\x22 standalone=\x22\
no\x22?>\x0a<svg\x0a   vi\
ewBox=\x220 0 25.6 \
25.6\x22\x0a   id=\x22svg\
2\x22\x0a   version=\x221\
.1\x22\x0a   inkscape:\
version=\x221.4.4 (\
unknown)\x22\x0a   sod\
ipodi:docname=\x22i\
nsert.svg\x22\x0a   wi\
dth=\x2227.306667\x22\x0a\
   height=\x2227.30\
6667\x22\x0a   xmlns:i\
nkscape=\x22http://\
www.inkscape.org\
/namespaces/inks\
cape\x22\x0a   xmlns:s\
odipodi=\x22http://\
sodipodi.sourcef\
orge.net/DTD/sod\
ipodi-0.dtd\x22\x0a   \
xmlns=\x22http://ww\
w.w3.org/2000/sv\
g\x22\x0a   xmlns:svg=\
\x22http://www.w3.o\
rg/2000/svg\x22\x0a   \
xmlns:rdf=\x22http:\
//www.w3.org/199\
9/02/22-rdf-synt\
ax-ns#\x22\x0a   xmlns\
:cc=\x22http://crea\
tivecommons.org/\
ns#\x22\x0a   xmlns:dc\
=\x22http://purl.or\
g/dc/elements/1.\
1/\x22>\x0a  <metadata\
\x0a     id=\x22metada\
ta10\x22>\x0a    <rdf:\
RDF>\x0a      <cc:W\
ork\x0a         rdf\
:about=\x22\x22>\x0a     \
   <dc:format>im\
age/svg+xml</dc:\
format>\x0a        \
<dc:type\x0a       \
    rdf:resource\
=\x22http://purl.or\
g/dc/dcmitype/St\
illImage\x22 />\x0a   \
   </cc:Work>\x0a  \
  </rdf:RDF>\x0a  <\
/metadata>\x0a  <so\
dipodi:namedview\
\x0a     pagecolor=\
\x22#ffffff\x22\x0a     b\
ordercolor=\x22#666\
666\x22\x0a     border\
opacity=\x221\x22\x0a    \
 objecttolerance\
=\x2210\x22\x0a     gridt\
olerance=\x2210\x22\x0a  \
   guidetoleranc\
e=\x2210\x22\x0a     inks\
cape:pageopacity\
=\x220\x22\x0a     inksca\
pe:pageshadow=\x222\
\x22\x0a     inkscape:\
window-width=\x2211\
74\x22\x0a     inkscap\
e:window-height=\
\x22612\x22\x0a     id=\x22n\
amedview8\x22\x0a     \
showgrid=\x22false\x22\
\x0a     inkscape:z\
oom=\x229.8333333\x22\x0a\
     inkscape:cx\
=\x22-1.3220339\x22\x0a  \
   inkscape:cy=\x22\
12\x22\x0a     inkscap\
e:window-x=\x221458\
\x22\x0a     inkscape:\
window-y=\x22263\x22\x0a \
    inkscape:win\
dow-maximized=\x220\
\x22\x0a     inkscape:\
current-layer=\x22s\
vg2\x22\x0a     inksca\
pe:showpageshado\
w=\x222\x22\x0a     inksc\
ape:pagecheckerb\
oard=\x220\x22\x0a     in\
kscape:deskcolor\
=\x22#d1d1d1\x22 />\x0a  \
<defs\x0a     id=\x22d\
efs3051\x22>\x0a    <s\
tyle\x0a       type\
=\x22text/css\x22\x0a    \
   id=\x22current-c\
olor-scheme\x22>\x0a  \
    .ColorScheme\
-Text {\x0a        \
color:#4d4d4d;\x0a \
     }\x0a      </s\
tyle>\x0a  </defs>\x0a\
  <path\x0a     id=\
\x22path4142\x22\x0a     \
style=\x22fill:#4d4\
d4d;fill-opacity\
:1;stroke:none\x22\x0a\
     d=\x22m 1.3535\
155,4 6.125,6.12\
5 1.875,1.875 -1\
.875,1.875 -6.12\
5,6.125 -0.70703\
1,-0.707031 6.12\
5,-6.125 L 7.939\
4535,12 l -1.167\
969,-1.167969 -6\
.125,-6.1249998 \
z m 21.2929685,0\
 -6.125,6.125 -1\
.874999,1.875 1.\
874999,1.875 6.1\
25,6.125 0.70703\
1,-0.707031 -6.1\
25,-6.125 L 16.0\
60546,12 l 1.167\
969,-1.167969 6.\
125,-6.1249998 z\
 M 11.353516,4 v\
 16 h 1 V 4 Z\x22\x0a \
    inkscape:con\
nector-curvature\
=\x220\x22 />\x0a</svg>\x0a\
\x00\x00\x07\xb8\
<\
?xml version=\x221.\
0\x22 encoding=\x22UTF\
-8\x22 standalone=\x22\
no\x22?>\x0a<svg\x0a   xm\
lns:dc=\x22http://p\
url.org/dc/eleme\
nts/1.1/\x22\x0a   xml\
ns:cc=\x22http://cr\
eativecommons.or\
g/ns#\x22\x0a   xmlns:\
rdf=\x22http://www.\
w3.org/1999/02/2\
2-rdf-syntax-ns#\
\x22\x0a   xmlns:svg=\x22\
http://www.w3.or\
g/2000/svg\x22\x0a   x\
mlns=\x22http://www\
.w3.org/2000/svg\
\x22\x0a   xmlns:sodip\
odi=\x22http://sodi\
podi.sourceforge\
.net/DTD/sodipod\
i-0.dtd\x22\x0a   xmln\
s:inkscape=\x22http\
://www.inkscape.\
org/namespaces/i\
nkscape\x22\x0a   view\
Box=\x220 0 22 22\x22\x0a\
   id=\x22svg2\x22\x0a   \
version=\x221.1\x22\x0a  \
 inkscape:versio\
n=\x220.91 r13725\x22\x0a\
   sodipodi:docn\
ame=\x22overflow-me\
nu.svg\x22>\x0a  <meta\
data\x0a     id=\x22me\
tadata10\x22>\x0a    <\
rdf:RDF>\x0a      <\
cc:Work\x0a        \
 rdf:about=\x22\x22>\x0a \
       <dc:forma\
t>image/svg+xml<\
/dc:format>\x0a    \
    <dc:type\x0a   \
        rdf:reso\
urce=\x22http://pur\
l.org/dc/dcmityp\
e/StillImage\x22 />\
\x0a      </cc:Work\
>\x0a    </rdf:RDF>\
\x0a  </metadata>\x0a \
 <sodipodi:named\
view\x0a     pageco\
lor=\x22#ffffff\x22\x0a  \
   bordercolor=\x22\
#666666\x22\x0a     bo\
rderopacity=\x221\x22\x0a\
     objecttoler\
ance=\x2210\x22\x0a     g\
ridtolerance=\x2210\
\x22\x0a     guidetole\
rance=\x2210\x22\x0a     \
inkscape:pageopa\
city=\x220\x22\x0a     in\
kscape:pageshado\
w=\x222\x22\x0a     inksc\
ape:window-width\
=\x22999\x22\x0a     inks\
cape:window-heig\
ht=\x22779\x22\x0a     id\
=\x22namedview8\x22\x0a  \
   showgrid=\x22fal\
se\x22\x0a     showgui\
des=\x22true\x22\x0a     \
inkscape:guide-b\
box=\x22true\x22\x0a     \
inkscape:zoom=\x227\
.5853273\x22\x0a     i\
nkscape:cx=\x2233.1\
98554\x22\x0a     inks\
cape:cy=\x229.47296\
22\x22\x0a     inkscap\
e:window-x=\x220\x22\x0a \
    inkscape:win\
dow-y=\x220\x22\x0a     i\
nkscape:window-m\
aximized=\x220\x22\x0a   \
  inkscape:curre\
nt-layer=\x22svg2\x22>\
\x0a    <inkscape:g\
rid\x0a       type=\
\x22xygrid\x22\x0a       \
id=\x22grid3338\x22 />\
\x0a  </sodipodi:na\
medview>\x0a  <defs\
\x0a     id=\x22defs30\
51\x22>\x0a    <style\x0a\
       type=\x22tex\
t/css\x22\x0a       id\
=\x22current-color-\
scheme\x22>\x0a      .\
ColorScheme-Text\
 {\x0a        color\
:#232629;\x0a      \
}\x0a      </style>\
\x0a  </defs>\x0a  <pa\
th\x0a     style=\x22f\
ill:currentColor\
;fill-opacity:1;\
stroke:none\x22\x0a   \
  d=\x22m 10,5 0,2 \
2,0 0,-2 -2,0 m \
0,5 0,2 2,0 0,-2\
 -2,0 m 0,5 0,2 \
2,0 0,-2 -2,0\x22\x0a \
    class=\x22Color\
Scheme-Text\x22\x0a   \
  id=\x22path6\x22\x0a   \
  inkscape:conne\
ctor-curvature=\x22\
0\x22\x0a     sodipodi\
:nodetypes=\x22cccc\
ccccccccccc\x22 />\x0a\
</svg>\x0a\
\x00\x00\x04\xda\
<\
?xml version=\x221.\
0\x22 encoding=\x22UTF\
-8\x22 standalone=\x22\
no\x22?>\x0a<svg\x0a   vi\
ewBox=\x220 0 16 16\
\x22\x0a   version=\x221.\
1\x22\x0a   id=\x22svg1\x22\x0a\
   sodipodi:docn\
ame=\x22add-vertica\
l-cursor.svg\x22\x0a  \
 inkscape:versio\
n=\x221.4.4 (unknow\
n)\x22\x0a   xmlns:ink\
scape=\x22http://ww\
w.inkscape.org/n\
amespaces/inksca\
pe\x22\x0a   xmlns:sod\
ipodi=\x22http://so\
dipodi.sourcefor\
ge.net/DTD/sodip\
odi-0.dtd\x22\x0a   xm\
lns=\x22http://www.\
w3.org/2000/svg\x22\
\x0a   xmlns:svg=\x22h\
ttp://www.w3.org\
/2000/svg\x22>\x0a  <s\
odipodi:namedvie\
w\x0a     id=\x22named\
view1\x22\x0a     page\
color=\x22#dbdbdb\x22\x0a\
     bordercolor\
=\x22#666666\x22\x0a     \
borderopacity=\x221\
.0\x22\x0a     inkscap\
e:showpageshadow\
=\x222\x22\x0a     inksca\
pe:pageopacity=\x22\
0.0\x22\x0a     inksca\
pe:pagecheckerbo\
ard=\x220\x22\x0a     ink\
scape:deskcolor=\
\x22#d1d1d1\x22\x0a     i\
nkscape:zoom=\x2274\
\x22\x0a     inkscape:\
cx=\x227.9932432\x22\x0a \
    inkscape:cy=\
\x228\x22\x0a     inkscap\
e:window-width=\x22\
1073\x22\x0a     inksc\
ape:window-heigh\
t=\x221244\x22\x0a     in\
kscape:window-x=\
\x22567\x22\x0a     inksc\
ape:window-y=\x2295\
\x22\x0a     inkscape:\
window-maximized\
=\x220\x22\x0a     inksca\
pe:current-layer\
=\x22svg1\x22 />\x0a  <de\
fs\x0a     id=\x22defs\
3051\x22>\x0a    <styl\
e\x0a       type=\x22t\
ext/css\x22\x0a       \
id=\x22current-colo\
r-scheme\x22>.Color\
Scheme-Text { co\
lor: #fcfcfc; } \
</style>\x0a  </def\
s>\x0a  <path\x0a     \
style=\x22fill:#4d4\
d4d;fill-opacity\
:1;stroke:none\x22\x0a\
     d=\x22M 5,2 V \
3 H 7 V 13 H 5 v\
 1 h 5 V 13 H 8 \
V 3 h 2 V 2 Z\x22\x0a \
    id=\x22path1\x22 /\
>\x0a</svg>\x0a\
\x00\x00\x05\x85\
<\
?xml version=\x221.\
0\x22 encoding=\x22UTF\
-8\x22 standalone=\x22\
no\x22?>\x0a<svg\x0a   vi\
ewBox=\x220 0 22 22\
\x22\x0a   version=\x221.\
1\x22\x0a   id=\x22svg1\x22\x0a\
   sodipodi:docn\
ame=\x22overflow-me\
nu-left-dark.svg\
\x22\x0a   inkscape:ve\
rsion=\x221.4.4 (un\
known)\x22\x0a   xmlns\
:inkscape=\x22http:\
//www.inkscape.o\
rg/namespaces/in\
kscape\x22\x0a   xmlns\
:sodipodi=\x22http:\
//sodipodi.sourc\
eforge.net/DTD/s\
odipodi-0.dtd\x22\x0a \
  xmlns=\x22http://\
www.w3.org/2000/\
svg\x22\x0a   xmlns:sv\
g=\x22http://www.w3\
.org/2000/svg\x22>\x0a\
  <sodipodi:name\
dview\x0a     id=\x22n\
amedview1\x22\x0a     \
pagecolor=\x22#ffff\
ff\x22\x0a     borderc\
olor=\x22#666666\x22\x0a \
    borderopacit\
y=\x221.0\x22\x0a     ink\
scape:showpagesh\
adow=\x222\x22\x0a     in\
kscape:pageopaci\
ty=\x220.0\x22\x0a     in\
kscape:pagecheck\
erboard=\x220\x22\x0a    \
 inkscape:deskco\
lor=\x22#d1d1d1\x22\x0a  \
   inkscape:zoom\
=\x2254.909091\x22\x0a   \
  inkscape:cx=\x221\
0.990894\x22\x0a     i\
nkscape:cy=\x2211\x22\x0a\
     inkscape:wi\
ndow-width=\x223440\
\x22\x0a     inkscape:\
window-height=\x221\
388\x22\x0a     inksca\
pe:window-x=\x220\x22\x0a\
     inkscape:wi\
ndow-y=\x2224\x22\x0a    \
 inkscape:window\
-maximized=\x221\x22\x0a \
    inkscape:cur\
rent-layer=\x22svg1\
\x22 />\x0a  <defs\x0a   \
  id=\x22defs3051\x22>\
\x0a    <style\x0a    \
   type=\x22text/cs\
s\x22\x0a       id=\x22cu\
rrent-color-sche\
me\x22>\x0a      .Colo\
rScheme-Text {\x0a \
       color:#23\
2629;\x0a      }\x0a  \
    </style>\x0a  <\
/defs>\x0a  <path\x0a \
    style=\x22fill:\
#ebebeb;fill-opa\
city:1;stroke:no\
ne\x22\x0a     d=\x22M 10\
 5 L 10 7 L 12 7\
 L 12 5 L 10 5 z\
 M 6 10 L 6 12 L\
 8 12 L 8 10 L 6\
 10 z M 10 10 L \
10 12 L 12 12 L \
12 10 L 10 10 z \
M 10 15 L 10 17 \
L 12 17 L 12 15 \
L 10 15 z \x22\x0a    \
 class=\x22ColorSch\
eme-Text\x22\x0a     i\
d=\x22path1\x22 />\x0a</s\
vg>\x0a\
\x00\x00\x0a0\
<\
?xml version=\x221.\
0\x22 encoding=\x22UTF\
-8\x22 standalone=\x22\
no\x22?>\x0a<svg\x0a   xm\
lns:dc=\x22http://p\
url.org/dc/eleme\
nts/1.1/\x22\x0a   xml\
ns:cc=\x22http://cr\
eativecommons.or\
g/ns#\x22\x0a   xmlns:\
rdf=\x22http://www.\
w3.org/1999/02/2\
2-rdf-syntax-ns#\
\x22\x0a   xmlns:svg=\x22\
http://www.w3.or\
g/2000/svg\x22\x0a   x\
mlns=\x22http://www\
.w3.org/2000/svg\
\x22\x0a   xmlns:sodip\
odi=\x22http://sodi\
podi.sourceforge\
.net/DTD/sodipod\
i-0.dtd\x22\x0a   xmln\
s:inkscape=\x22http\
://www.inkscape.\
org/namespaces/i\
nkscape\x22\x0a   view\
Box=\x220 0 24 24\x22\x0a\
   id=\x22svg2\x22\x0a   \
version=\x221.1\x22\x0a  \
 inkscape:versio\
n=\x220.91 r13725\x22\x0a\
   sodipodi:docn\
ame=\x22tools-wizar\
d_multiple.svg\x22>\
\x0a  <metadata\x0a   \
  id=\x22metadata10\
\x22>\x0a    <rdf:RDF>\
\x0a      <cc:Work\x0a\
         rdf:abo\
ut=\x22\x22>\x0a        <\
dc:format>image/\
svg+xml</dc:form\
at>\x0a        <dc:\
type\x0a           \
rdf:resource=\x22ht\
tp://purl.org/dc\
/dcmitype/StillI\
mage\x22 />\x0a       \
 <dc:title></dc:\
title>\x0a      </c\
c:Work>\x0a    </rd\
f:RDF>\x0a  </metad\
ata>\x0a  <sodipodi\
:namedview\x0a     \
pagecolor=\x22#ffff\
ff\x22\x0a     borderc\
olor=\x22#666666\x22\x0a \
    borderopacit\
y=\x221\x22\x0a     objec\
ttolerance=\x2210\x22\x0a\
     gridtoleran\
ce=\x2210\x22\x0a     gui\
detolerance=\x2210\x22\
\x0a     inkscape:p\
ageopacity=\x220\x22\x0a \
    inkscape:pag\
eshadow=\x222\x22\x0a    \
 inkscape:window\
-width=\x221912\x22\x0a  \
   inkscape:wind\
ow-height=\x221027\x22\
\x0a     id=\x22namedv\
iew8\x22\x0a     showg\
rid=\x22false\x22\x0a    \
 inkscape:zoom=\x22\
9.8333333\x22\x0a     \
inkscape:cx=\x22-14\
.440678\x22\x0a     in\
kscape:cy=\x220.610\
16949\x22\x0a     inks\
cape:window-x=\x220\
\x22\x0a     inkscape:\
window-y=\x2222\x22\x0a  \
   inkscape:wind\
ow-maximized=\x221\x22\
\x0a     inkscape:c\
urrent-layer=\x22sv\
g2\x22 />\x0a  <defs\x0a \
    id=\x22defs3051\
\x22>\x0a    <style\x0a  \
     type=\x22text/\
css\x22\x0a       id=\x22\
current-color-sc\
heme\x22>\x0a      .Co\
lorScheme-Text {\
\x0a        color:#\
4d4d4d;\x0a      }\x0a\
      </style>\x0a \
 </defs>\x0a  <path\
\x0a     id=\x22path41\
65\x22\x0a     style=\x22\
color:#4d4d4d;fi\
ll:currentColor;\
fill-opacity:1;s\
troke:none\x22\x0a    \
 d=\x22m 19,18 c -0\
.552285,0 -1,0.4\
47715 -1,1 0,0.5\
52285 0.447715,1\
 1,1 0.552285,0 \
1,-0.447715 1,-1\
 0,-0.552285 -0.\
447715,-1 -1,-1 \
z m -2.847458,0 \
c -0.552285,0 -1\
,0.447715 -1,1 0\
,0.552285 0.4477\
15,1 1,1 0.55228\
5,0 1,-0.447715 \
1,-1 0,-0.552285\
 -0.447715,-1 -1\
,-1 z m -2.88135\
6,0 c -0.552285,\
0 -1,0.447715 -1\
,1 0,0.552285 0.\
447715,1 1,1 0.5\
52285,0 1,-0.447\
715 1,-1 0,-0.55\
2285 -0.447715,-\
1 -1,-1 z M 5.5,\
4 4.96875,4.9687\
5 4,5.5 4.96875,\
6.03125 5.5,7 6.\
03125,6.03125 7,\
5.5 6.03125,4.96\
875 5.5,4 Z m 5,\
0 L 9.96875,4.96\
875 9,5.5 9.9687\
5,6.03125 10.5,7\
 11.03125,6.0312\
5 12,5.5 11.0312\
5,4.96875 10.5,4\
 Z M 17.171875,4\
 4,17.171875 6.8\
28125,20 20,6.82\
8125 17.171875,4\
 Z m -0.06836,1.\
4824219 1.414062\
,1.4140625 -3.09\
7656,3.0996096 -\
1.416016,-1.4160\
159 3.09961,-3.0\
976562 z M 7.5,8\
 6.96875,8.96875\
 6,9.5 6.96875,1\
0.03125 7.5,11 8\
.03125,10.03125 \
9,9.5 8.03125,8.\
96875 7.5,8 Z\x22\x0a \
    inkscape:con\
nector-curvature\
=\x220\x22 />\x0a</svg>\x0a\
\x00\x00\x02:\
<\
svg version=\x221.1\
\x22 viewBox=\x220 0 2\
2 22\x22 xmlns=\x22htt\
p://www.w3.org/2\
000/svg\x22>\x0a    <s\
tyle\x0a        typ\
e=\x22text/css\x22\x0a   \
     id=\x22current\
-color-scheme\x22>\x0a\
        .ColorSc\
heme-NegativeTex\
t {\x0a            \
color:#da4453;\x0a \
       }\x0a    </s\
tyle>\x0a    <path \
class=\x22ColorSche\
me-NegativeText\x22\
 d=\x22M 3.6992188 \
3 L 3 3.6992188 \
L 10.300781 11 L\
 3 18.300781 C 3\
 18.300781 3.711\
2147 18.993333 3\
.6992188 19 L 11\
 11.699219 L 18.\
300781 19 C 18.2\
88781 18.9933 19\
 18.300781 19 18\
.300781 L 11.699\
219 11.001953 L \
19 3.6992188 L 1\
8.300781 3 L 11 \
10.300781 L 3.69\
92188 3 z \x22 fill\
=\x22currentColor\x22/\
>\x0a</svg>\x0a\
\x00\x00\x01r\
<\
svg xmlns=\x22http:\
//www.w3.org/200\
0/svg\x22 viewBox=\x22\
0 0 22 22\x22>\x0d\x0a  <\
defs id=\x22defs305\
1\x22>\x0d\x0a    <style \
type=\x22text/css\x22 \
id=\x22current-colo\
r-scheme\x22>\x0d\x0a    \
  .ColorScheme-T\
ext {\x0d\x0a        c\
olor:#232629;\x0d\x0a \
     }\x0d\x0a      </\
style>\x0d\x0a  </defs\
>\x0d\x0a <path \x0d\x0a    \
 style=\x22fill:cur\
rentColor;fill-o\
pacity:1;stroke:\
none\x22 \x0d\x0a    d=\x22m\
3 10h16v2h-16z\x22\x0d\
\x0a     class=\x22Col\
orScheme-Text\x22\x0d\x0a\
     />\x0d\x0a</svg>\x0d\
\x0a\
\x00\x00\x01c\
<\
svg xmlns=\x22http:\
//www.w3.org/200\
0/svg\x22 viewBox=\x22\
0 0 22 22\x22>\x0a  <d\
efs id=\x22defs3051\
\x22>\x0a    <style ty\
pe=\x22text/css\x22 id\
=\x22current-color-\
scheme\x22>\x0a      .\
ColorScheme-Text\
 {\x0a        color\
:#232629;\x0a      \
}\x0a      </style>\
\x0a  </defs>\x0a    <\
path style=\x22fill\
:currentColor\x22 c\
lass=\x22ColorSchem\
e-Text\x22 d=\x22M 3 7\
 L 3 9 L 13 9 L \
13 7 L 3 7 z\x22 tr\
ansform=\x22transla\
te(3 3)\x22/>\x0a</svg\
>\x0a\
\x00\x00\x0b\x86\
<\
?xml version=\x221.\
0\x22 encoding=\x22UTF\
-8\x22 standalone=\x22\
no\x22?>\x0a<svg\x0a   xm\
lns:dc=\x22http://p\
url.org/dc/eleme\
nts/1.1/\x22\x0a   xml\
ns:cc=\x22http://cr\
eativecommons.or\
g/ns#\x22\x0a   xmlns:\
rdf=\x22http://www.\
w3.org/1999/02/2\
2-rdf-syntax-ns#\
\x22\x0a   xmlns:svg=\x22\
http://www.w3.or\
g/2000/svg\x22\x0a   x\
mlns=\x22http://www\
.w3.org/2000/svg\
\x22\x0a   xmlns:sodip\
odi=\x22http://sodi\
podi.sourceforge\
.net/DTD/sodipod\
i-0.dtd\x22\x0a   xmln\
s:inkscape=\x22http\
://www.inkscape.\
org/namespaces/i\
nkscape\x22\x0a   view\
Box=\x220 0 24 24\x22\x0a\
   id=\x22svg2\x22\x0a   \
version=\x221.1\x22\x0a  \
 inkscape:versio\
n=\x220.91 r13725\x22\x0a\
   sodipodi:docn\
ame=\x22remove_many\
.svg\x22>\x0a  <metada\
ta\x0a     id=\x22meta\
data10\x22>\x0a    <rd\
f:RDF>\x0a      <cc\
:Work\x0a         r\
df:about=\x22\x22>\x0a   \
     <dc:format>\
image/svg+xml</d\
c:format>\x0a      \
  <dc:type\x0a     \
      rdf:resour\
ce=\x22http://purl.\
org/dc/dcmitype/\
StillImage\x22 />\x0a \
     </cc:Work>\x0a\
    </rdf:RDF>\x0a \
 </metadata>\x0a  <\
sodipodi:namedvi\
ew\x0a     pagecolo\
r=\x22#ffffff\x22\x0a    \
 bordercolor=\x22#6\
66666\x22\x0a     bord\
eropacity=\x221\x22\x0a  \
   objecttoleran\
ce=\x2210\x22\x0a     gri\
dtolerance=\x2210\x22\x0a\
     guidetolera\
nce=\x2210\x22\x0a     in\
kscape:pageopaci\
ty=\x220\x22\x0a     inks\
cape:pageshadow=\
\x222\x22\x0a     inkscap\
e:window-width=\x22\
1522\x22\x0a     inksc\
ape:window-heigh\
t=\x22711\x22\x0a     id=\
\x22namedview8\x22\x0a   \
  showgrid=\x22fals\
e\x22\x0a     inkscape\
:zoom=\x229.8333333\
\x22\x0a     inkscape:\
cx=\x2210.220339\x22\x0a \
    inkscape:cy=\
\x2212\x22\x0a     inksca\
pe:window-x=\x22186\
\x22\x0a     inkscape:\
window-y=\x22151\x22\x0a \
    inkscape:win\
dow-maximized=\x220\
\x22\x0a     inkscape:\
current-layer=\x22s\
vg2\x22 />\x0a  <defs\x0a\
     id=\x22defs305\
1\x22>\x0a    <style\x0a \
      type=\x22text\
/css\x22\x0a       id=\
\x22current-color-s\
cheme\x22>\x0a      .C\
olorScheme-Text \
{\x0a        color:\
#4d4d4d;\x0a      }\
\x0a      </style>\x0a\
  </defs>\x0a  <pat\
h\x0a     style=\x22fi\
ll:#da4453;fill-\
opacity:1;stroke\
:none\x22\x0a     d=\x22M\
 12 4 C 7.581725\
4 4 4.0000047 7.\
5817206 4 12 C 4\
.0000047 16.4182\
79 7.5817254 20 \
12 20 C 16.41827\
5 20 19.999995 1\
6.418279 20 12 C\
 19.999995 7.581\
7206 16.418275 4\
 12 4 z M 12 5 C\
 13.660191 5.000\
4288 15.266188 5\
.5909096 16.5312\
5 6.6660156 L 16\
.53125 6.6679688\
 C 16.54371 6.68\
73648 16.54928 6\
.698596 16.5625 \
6.71875 L 12 11.\
28125 L 7.4375 6\
.71875 C 7.44567\
 6.705644 7.4489\
602 6.6985249 7.\
4570312 6.685546\
9 C 8.7223998 5.\
6007743 10.33330\
3 5.0030918 12 5\
 z M 6.71875 7.4\
375 L 11.28125 1\
2 L 6.71875 16.5\
625 C 6.6171467 \
16.440805 6.5512\
717 16.375451 6.\
4570312 16.26562\
5 C 5.514313 15.\
043295 5.0020659\
 13.543633 5 12 \
C 5.0008918 10.3\
40481 5.5913443 \
8.735253 6.66601\
56 7.4707031 C 6\
.6871048 7.45677\
28 6.6971198 7.4\
519431 6.71875 7\
.4375 z M 17.281\
25 7.4375 C 17.2\
9045 7.4413 17.2\
95507 7.4415525 \
17.304688 7.4453\
125 C 18.395603 \
8.7123591 18.996\
983 10.328027 19\
 12 C 18.99955 1\
3.666377 18.4046\
52 15.277936 17.\
322266 16.544922\
 C 17.307246 16.\
552622 17.29715 \
16.55392 17.2812\
5 16.5625 L 12.7\
1875 12 L 17.281\
25 7.4375 z M 12\
 12.71875 L 16.5\
625 17.28125 C 1\
6.5577 17.2914 1\
6.555501 17.2965\
61 16.550781 17.\
306641 C 15.2844\
83 18.395984 13.\
67038 18.996594 \
12 19 C 10.32693\
1 18.998459 8.70\
97453 18.397731 \
7.4414062 17.306\
641 C 7.4396762 \
17.296321 7.4392\
6 17.29165 7.437\
5 17.28125 L 12 \
12.71875 z \x22\x0a   \
  class=\x22ColorSc\
heme-Text\x22\x0a     \
id=\x22path6\x22 />\x0a</\
svg>\x0a\
\x00\x00\x01\xe0\
<\
?xml version=\x221.\
0\x22 encoding=\x22UTF\
-8\x22 standalone=\x22\
no\x22?>\x0a<svg xmlns\
=\x22http://www.w3.\
org/2000/svg\x22 vi\
ewBox=\x220 0 22 22\
\x22>\x0a  <defs id=\x22d\
efs3051\x22>\x0a    <s\
tyle type=\x22text/\
css\x22 id=\x22current\
-color-scheme\x22>\x0a\
      .ColorSche\
me-Text {\x0a      \
  color:#232629;\
\x0a      }\x0a      <\
/style>\x0a  </defs\
>\x0a <path \x0a     s\
tyle=\x22fill:curre\
ntColor;fill-opa\
city:1;stroke:no\
ne\x22 \x0a     d=\x22m 1\
0,5 0,2 2,0 0,-2\
 z m 4,5 0,2 2,0\
 0,-2 z m -4,0 0\
,2 2,0 0,-2 z m \
0,5 0,2 2,0 0,-2\
 z\x22\x0a\x09 class=\x22Col\
orScheme-Text\x22\x0a \
    />\x0a</svg>\x0a\x0a\
\x00\x00\x08\x84\
<\
?xml version=\x221.\
0\x22 encoding=\x22UTF\
-8\x22 standalone=\x22\
no\x22?>\x0a<svg\x0a   vi\
ewBox=\x220 0 25.6 \
25.6\x22\x0a   id=\x22svg\
2\x22\x0a   version=\x221\
.1\x22\x0a   inkscape:\
version=\x221.4.4 (\
unknown)\x22\x0a   sod\
ipodi:docname=\x22i\
nsert-dark.svg\x22\x0a\
   width=\x2227.306\
667\x22\x0a   height=\x22\
27.306667\x22\x0a   xm\
lns:inkscape=\x22ht\
tp://www.inkscap\
e.org/namespaces\
/inkscape\x22\x0a   xm\
lns:sodipodi=\x22ht\
tp://sodipodi.so\
urceforge.net/DT\
D/sodipodi-0.dtd\
\x22\x0a   xmlns=\x22http\
://www.w3.org/20\
00/svg\x22\x0a   xmlns\
:svg=\x22http://www\
.w3.org/2000/svg\
\x22\x0a   xmlns:rdf=\x22\
http://www.w3.or\
g/1999/02/22-rdf\
-syntax-ns#\x22\x0a   \
xmlns:cc=\x22http:/\
/creativecommons\
.org/ns#\x22\x0a   xml\
ns:dc=\x22http://pu\
rl.org/dc/elemen\
ts/1.1/\x22>\x0a  <met\
adata\x0a     id=\x22m\
etadata10\x22>\x0a    \
<rdf:RDF>\x0a      \
<cc:Work\x0a       \
  rdf:about=\x22\x22>\x0a\
        <dc:form\
at>image/svg+xml\
</dc:format>\x0a   \
     <dc:type\x0a  \
         rdf:res\
ource=\x22http://pu\
rl.org/dc/dcmity\
pe/StillImage\x22 /\
>\x0a      </cc:Wor\
k>\x0a    </rdf:RDF\
>\x0a  </metadata>\x0a\
  <sodipodi:name\
dview\x0a     pagec\
olor=\x22#ffffff\x22\x0a \
    bordercolor=\
\x22#666666\x22\x0a     b\
orderopacity=\x221\x22\
\x0a     objecttole\
rance=\x2210\x22\x0a     \
gridtolerance=\x221\
0\x22\x0a     guidetol\
erance=\x2210\x22\x0a    \
 inkscape:pageop\
acity=\x220\x22\x0a     i\
nkscape:pageshad\
ow=\x222\x22\x0a     inks\
cape:window-widt\
h=\x221712\x22\x0a     in\
kscape:window-he\
ight=\x22926\x22\x0a     \
id=\x22namedview8\x22\x0a\
     showgrid=\x22f\
alse\x22\x0a     inksc\
ape:zoom=\x229.8333\
333\x22\x0a     inksca\
pe:cx=\x22-1.372881\
4\x22\x0a     inkscape\
:cy=\x2212\x22\x0a     in\
kscape:window-x=\
\x22371\x22\x0a     inksc\
ape:window-y=\x2227\
5\x22\x0a     inkscape\
:window-maximize\
d=\x220\x22\x0a     inksc\
ape:current-laye\
r=\x22svg2\x22\x0a     in\
kscape:showpages\
hadow=\x222\x22\x0a     i\
nkscape:pagechec\
kerboard=\x220\x22\x0a   \
  inkscape:deskc\
olor=\x22#d1d1d1\x22 /\
>\x0a  <defs\x0a     i\
d=\x22defs3051\x22>\x0a  \
  <style\x0a       \
type=\x22text/css\x22\x0a\
       id=\x22curre\
nt-color-scheme\x22\
>\x0a      .ColorSc\
heme-Text {\x0a    \
    color:#4d4d4\
d;\x0a      }\x0a     \
 </style>\x0a  </de\
fs>\x0a  <path\x0a    \
 id=\x22path4142\x22\x0a \
    style=\x22fill:\
#ebebeb;fill-opa\
city:1;stroke:no\
ne\x22\x0a     d=\x22m 1.\
3535155,4 6.125,\
6.125 1.875,1.87\
5 -1.875,1.875 -\
6.125,6.125 -0.7\
07031,-0.707031 \
6.125,-6.125 L 7\
.9394535,12 l -1\
.167969,-1.16796\
9 -6.125,-6.1249\
998 z m 21.29296\
85,0 -6.125,6.12\
5 -1.874999,1.87\
5 1.874999,1.875\
 6.125,6.125 0.7\
07031,-0.707031 \
-6.125,-6.125 L \
16.060546,12 l 1\
.167969,-1.16796\
9 6.125,-6.12499\
98 z M 11.353516\
,4 v 16 h 1 V 4 \
Z\x22\x0a     inkscape\
:connector-curva\
ture=\x220\x22 />\x0a</sv\
g>\x0a\
\x00\x00\x0e\x8e\
(\
\xb5/\xfd`\x1df%t\x00\x0a\xac\x94\x1b,\xd0\x8e\
\x86\x8c\x03\xc8\xcelQ\x8c\xc0\x0f\xbc\xb9\x82\x1fP3\
\xe2!\x03}\xa8.'>\xdcK\xb2\x9b\xec\x06kz\
\xad\xc7\xe8\x01_<\x22^\x0c\x0e\x05\x02\xc4\x01\x7f\x01\
\x9a\xace\x9f\x97\x0c6\x8bM\x00\x01\x16\xbcq+\x17\
N\x05\x8fd\xc1l\x17\x0f\x13\xe42\x99\xcd\xb0\xcf\x80\
K\xe0\x1a, \x0b\x14\x83\x1eG]\xf0\xc0\xc1\xd4(\
\x0fL\xc2\x02\x094p\x00I\x93\x05C\x92,4S\
\xc3\x80,\xb00E\x13\x0a\x02XD@\xcfC\xb1@\
q0\x13$r\x14 \x910\x14\x13\x843EL\xf7\
\x80\xf1S\xcb/\x97\xf3TN[r\xf5v\xbb\xcc\x01\
\xc4#M\xcd#\xc1\xf0\x90\x22\x87\x04\xd2H\x118\x12\
\x09 \x0e@ 9\x92I\x82A2=\x10\x09\x1a\x14\
\xddQ\xafz;\xc1\x80\xd7\x9b[~\x1b\xe1o]k\
\x87\xd9\xc0\x91(,,]\xff\xf0\xf6\xb9\xcc\x13\x8c\xbe\
g\x89|\xc8\x97\x90D4\x0fP\xc3p \x05\x04d\
\xdc\x7f\xd3\xcf\xed\xcd\x96\xe0\xdb\xde\xc4\xc7\xf4\x84\xe7\x1e\
c:\xfb\xfd\xb3%.3\xa3\x9d\xea\xb1Zf7\x9e\
8\xb7\xf4\xf6+v(\x94\xc4\xc2-\x22\xa6'Z\xd0\
F\x83\x85\x14A\x11\x83q\xa0\x88Ib\x8e\xc4\xe1\x88\
\x12\xf8\x1f\x89&\xc9?\x8dFR@j\x1c\x958\x9c\
\x06\x84\x08\x11\xf6\x91\x06\x04$\xe2@\x8f\x83\x99\xa4(\
\x02\xe1\x94\x03E\x08H\xce\x14\x11\x990\xc0\x88\x1a\x8b\
?\x7fI\xc1r-[\x5c\x82\xa1\xf1L\x14\x1a\x1e\x87\
\x02\xde&\x18(L\x8d\xe7A!q\x18MD\xe2<\
\x1aHcj\x941\x12\x22\x90\xa0\x98\x1cH9\x0e\x87\
!M\x22IE \x88\x85\xc2\xcc\x90\x81h&H\x84\
\x84a\x10\x15h\x8a\xff\xbf|p4\xa4\x06\x12\x88\x04\
\x12=\x1e\x11\xc3qx\x18\x8c\x84\xe2\xea\x14\x92\x09\xe2\
<\x1c\xc8Q0\x1a\x904\x89$\x18\x18\x8d\x85\x04\xa2\
(\x0a\x83\x06\x07\x09\x04\x06\x0c\x220\x8c\xf2@\xd1 \
E\xf5\xd4\xc3\xc3\x83B\xb1\x88L\x13\x05\x07\x8a\x13i\
\x18\x92\x0a\x90\x05\x14\x0a\xd3\xf3\xa04\x9c\xa9q$\x04\
\x14\x86\x01\x00\x02\x83\x08\x04$\x22H\x82\xc1\x81DP\
\xd3\x804\x93DI8\x93@\x04\x12$\x18\x1a O\
#b@\x1c%au\x09\x06H\xf4H$\xc7A\x81\
\x1e\x10\x04@\x08\x8b\x07\x92\x1cd{\xb4\xdb\x9a\xb0\x0d\
\x1e\x5c\xfbje+k\xef\xd6\x9e*?\xf2\xd5\xf9)\
baf\xa2*\xdf\x92\xdf\x8b\xc7\xe8\xbf\xc8S\x84I\
xe\xb8\xed\xac\xc5\xed\x85\xdb[\x8e<a4\x8b\x06\
\xa4\x02\xa3\x99\xc04\x10g\xe1A\x83\x87\x08rH\x8e\
C\xf4@\x90g\x11\x91<\x8d\x05\x07\x82\x9e\x09\x8f\xe4\
q\x90\x9c\x0a\x0b\x10\x91[8\x15\x22i\x92,D\x92\
S\x01$\x82,\x1ch\x22\xe1\x82-\xac\xf9)\x83\x07\
\x8d\x8e\xcc\xc2iiX\xbb\x8c\x03gj\xa0\xa9\xe14\
\xa2Gd\x12I\x0d\xa78\x13\x0a\xa0\x06\x81\x04\x03\xe4\
Lh\xa0\x06\x05\x04\x07\x9a\x9e\x05 \xe8\x99 P<\
\x0fGR@\x80\x1e\x10\x03<\x9e\x08\x0bFc\x12M\
h*H\xd1\x04\x0b\x06#\x01\x09\x0f,\x1c\x0d\xa9\x9b\
\xa9i4\x93\xf3h8\x15<\x8f\x07\xa2yD\xb46\
\xaf\xe21\x90\xe7a\x9a\xa2\x09\xd2\xe4p\xa0H41\
\x90\xa7Aj\x1e\xcc\xf48\xa0Fjx\x88(H\x9c\
\x88\x06\x92\xa4\x09Dd\xc2<&lY{x\xb6\xd5\
\x10\x0c\xfd\xf7\x7fDQ\x05\x0fQ\xa3\xa1 1\x06,\
9\x0d)\x9a\xe0p\x1a\x9aH3\xe1\xc1y\x1c\x1a\x0a\
\x08\x9fiV\xf9\xee\xbc\xbf\x99\x98\x95\xaa\xb5\x9a\x85\x9a\
\xa5\xbdn\xf5\xee\xbb\xe6_\x9b\xe6]\x9b\xa7\x9c\xc9\xc9\
\xed|\xc5\x9fk\xba\xa5~i\xb6\xc5\xae\xdf\x9b\x97\xdf\
\x99\x8a\xf5\x8c\xda\xeeZ\xcazkv\xd5z~\xc6V\
\x89\x8b\x97\xeaj\xde_\x98y\xfe\xcf\x96\xf7\xac\xdap\
|\xb3\xef\xac\xff\x8czm_;5\x8f\x83#\xa11\
\x81\x0e\x804\x8fD2i\x14p\x1c\xee/9S\xee\
\x1arj\xd7\xdd~\x9as\xdd#\x9e\xdd}\xfaz1\
\xe3.\xda\xb5\x7f\xeb\x15\xa7\xb5\xfd\xe3]\xf3\x95r_\
\xba\xd7{>\xber\xe1u\x07~\x8c\x92\xcb\xce\xc5\xfb\
\x8b\xbe\xe0rc/\xfd\x8e\x0a3\x8a\xfb^\xf5-\xfe\
\xd7e\xbeg=*\xeb\xb9X\xd7\xee\x96\xd5\xfd\xda\x9f\
u{\xfb\x7f\xcc\x97Vj\xa8\x8e\x9e\x8c\xfahm\xed\
v\xe7k\xda\x88{\xcbX\xc9\x0f\xa5W\xd9d\x92Y\
\x8eYriF\xb9\xfe\xec\xb5J|.^\x98Q\x96\
=\xad\xec\x963L\xd6\xac\x5c\xf6\xaf\xaf^Y\xc6\xf1\
\x05Y\xef\x8a\x15\x86\xf2\xee\xec\xb5|\x8b\xb7\xb6\x97\xde\
fb\xaf9\xc3\xa8qb\x1d\x9f\xe1\xd5\xa7\xfe_z\
\x83[\xa6\xd7}V?\xba\x22\xa3\x9c\xe2\xeb_\x8e\x87\
\x8ay\xe5\xc9(x\xcfV\xd8\xb8\xe4\x1b\x7f\xed\xe62\
\x9bF\x90\xa8\x01\x05\x02\xa5\xf1D\x92\x84F#\x828\
\x0e\x0e.@\x10F\xe4m\xfbj=\xed<}\xee\xeb\
b\xcc\x05\x0dW\xb5\xf2\xb6\x91\x0d\xff\xfb3u17\
mhP\xdcg7\xfeK\xe4\xdc^p\xd5\xf5R&\
\xdb\xb5\xb4\xd3\xd2.\x99\xd7\x99\xef\xd6B;\x06R\xf8\
\x94?\xbb\xb3\x5c9\xd3\xbb\xe5\xf3\xadU\xb0\xd9\xca\x98\
EY\xbf\x0b\x15\x86\xb2lj\xc5\xb6\x8b'\xda\xd7\xe6\
*\xd7\x89[v\xbbt\x9ak\xbd\xa6\xa2\x9e\xcdu\xbb\
\xcb\xb5[\xad\x9f\x82\x80\xf2\x8a\xdae\x87\xcd^w\xef\
\xf6u\x9a\x88\x8b\x1a\x1e\xe6\xc2%\xb6cr=3g\
7\xf0\x90\x81g\x150\xcab\x8a-kJ\xebs\x96\
[/\xab<\xfa\xdb\xa4\xc9\xd480R\x04\x81P\x98\
\x9a\xc8\x03kG\xc4\xb5-L6N/\xcf^\xed>\
\xd5\xfd\x88F\x92\x9a\x86\x06\x0c\x2248H\x14\x10\xac\
\x15\xdfV\x9b\x7fSS7;\xf5\xce\xf36\xd9L\x8d\
\xddLm\xcdLq\xfd_\xff\xb3\xfb\xb0\xbc[\xf7\xdf\
\x12\xaf\xae\x99\x85m\xb3\xd7\x91\xd7\x12\xbb\x92\xdd\xd6\x1e\
\x91\xafX\xb9\xbd\xceW\xceReW\xb7\xd3\xed\xb2P\
9\xbf\xe4\xf2T\xdez\xa5\x9d\x1f\xcf\xedJ\x15?\xb4\
n\xbe\xe4\xadU6o\xcb\x16\xcc\xe5Bn\xcb\xe5\xde\
\xca\xdb;\xf9\xb5\xb1:\x99\xa5\xd1\x9c\xb9\xdd\xde\x95k\
\x17Gl\xf3\xe5\xae\x5c\xcc+;\xb7\x8b;OY\xb6\
\xb4\xca[\xf0\xd6\xf0\x8dU\xab\x17\xc4fG5\xe6\xfa\
^^\xed\xb5,\x19\xc3\xbcC\x5c\xaf\xcb=\xcd\xda\xe3\
\xd4\xd6\xeb\xd66\xb5:\xfc\xb7/T\xda\xf1\x0f\xd5\xbf\
lo=Kq\x8f\xcbo\xd9\xc7\xee\xfe\xccS\xec.\
_\xd4\xde\xb6\xd8\xfc\xebt\xc1\xefs[\xce\x9b\xad\xf0\
\x14d\xeb[\xb4\xdd\xac\x9a\xcd\xd1\xf7\x90\xb5.\xf9>\
=\xab\xf7W\x0d3\xff\xb2\xb92\x19\x05\xf7\xbb\xdaU\
\x11\xebn\xf7\x94[\xb9y\xcb\x95\xfb\xf3.\xed\xbb\xae\
U\xfe\xb1\xaf\x9aY\xd2\xf3\xaf\x1c\x15|\xfb,d\xb4\
\x97S\xdbC\xe4\xfc\xe2S\xb0M\xbb\xf6\xa1\xe9h\xf5\
\x90\xe2\xf7\xea\xb8\xb7\x85\x8f\xcfW\xbe\xf4./\xeb\xad\
^\xa9\x8b\xcb\x1a\x1f\x972\x0a\xe6\xea.\xe3\x98~r\
\xa1.|\x8eyXz\x0b[\x1b\xd6\xad\xa2\x8c\xb3u\
\x0b\x9a\xe7\x95\xa6\xc2Hu\xc52Uno\xb9V\xd1\
r+\x83D\xa8\xf2\xa2\x9a\xa3\x0c1V\x22#IR\
\xc9p\xd2!\x86\x81i\x94\x86\xbd\x83{\xc2X<D\
q\x0c\xcc0\x14\xc4\x18\xa3\x08Q\x86\x10B\x08!F\
@\x08\x11\x19\x19\x19\x99\xaa:2\x8cf+\xb0\x0ch\
Z\x08Gk\xa0\xe1\xa8\xc2\xcaj\xd8\xd93\x0eq\xd9\
\xe8\xe7\xe0\xa3\xb8/\xc7:\x7f\xbb\xa4\xb2<\x5c\xacK\
\xf5\xa8\xb4\x8a\x1f\xae[\xe9\x025\xfd\xd4\x11\x12\x86\xad\
\xdf\x0fx\x88\xf5\xa6\xf8\x0bp\xb2u.\xe4\xc6\x0d5\
)\xdd\xda\xfb\xf9\xc0<\xbeEy\xf5j\x88\xba\xecK\
_\xcc\x17\xac\xf7\x0aM\xd2\xfe2\xbb\xbf~\xce\x08{\
z\x05UW\xf0\x7f\x82\xad\xec~%\x86=Yh\xd5\
\xa0\xb9h[\xa0(A\xb1>+ 12HbQ\
GC\x0f`\xdb\x0e\x0dz\x1d\xb6\x1f\xccui;\xa3\
\xab\xdc\x84i\xae\xcdve\xc4j\xed\x86\x8e\x1b\xf2\xcd\
U\x04a\x15\x7f\x8b\x0aD7\xa2\xa2\x1b\xb5\xed\x8c\xa0\
<X8\x0c\xee\x80\xa6\x9e\x8d'\x0ey\x80\xe1\x1f\xd3\
\x9a\x98M\xf1$6\x90>N(\x8d\xb4\x05@D\xa4\
#\xa2\xb3\xeb\xa9}f\x80_\x8d\x91\x9d\xaa'$y\
\xc4\x816W\xa2\xa6LR\xf6\x1ek\xeb\xbe\x08\x0b\xac\
0\x1c\xc3\x11!\xa0\xab\xf0\xf25\xe0\xeb\x8c i5\
\xd6\x7f\xa2\xcc\xae\xc9\xeb\x1b\xa2\xe0\xc3\xb5LN>.\
\xe4Q\xa5\xcb*\xcc\x0f\x88\xdc\x1c\x0c\xed[\xb6\xab\xaa\
\xfa\x8e,\xdb\x09.T\xdc\x85\xeb\x5c\xbd9\xee\x18\xd0\
Ag!\x92$\xb3A+\xec\x9cV\xbc\xbf\x09\xa6Q\
\xcb#q^\x0c\x92\xc1\x9fN6\x1a%Y\x0e\x06\xf4\
\x04\xeb\x97\xc88\xd1w\xd6\xb4pQ\x16\xa1\x96\x8f\xd2\
\xed\x11\xc6^\x16\x93\x9d\xd1\x0e?s\x86\x1a\xc2\x85\x84\
G\xd5d\xc6\x8a\x9d\xb6)\xd4|\xe9U\xd4\xbf7[\
M'b\x0cb\xeb\xb3\xcc\x94\x8e\x0e\xe5|\x93\x7ft\
\x1e\xd7\x0c\x9a^\xb2\xdc\xc6|\x0c2B\x0e\xad\xc9\xdd\
I\xbdf\x0d\xac;y\xb6\x5c\x7f\xbc0\x91\x81\xf8\x19\
\xf5\x86\xda\x0c\x13B\xb7\x80\x1e\xdd\xba}\x95r\xb8\xf5\
\xbbH\x1f\xed\x85\xe1\xb5wC\xd8(G\x8a\xd6\xb5\x8b\
\x8f\xd5\x8a\xb5\xdb[\xa0\x00zV\x98/\xeb\xab\xc2\xac\
\x00n\xb1\xd0F8\x80\xdc\xb7M\x01V\xd5\x04\xd4l\
6\x91\x8c\x85\x1e\xaa\xac-AN\x18\x0c\xb0,\xd8\xa2\
\x06\xc9\xd0\x12\xd1\xaa\xc0\x01\xe2\x85n\x1d\xc9\xa8\xe1\x9d\
\x83\xad=\xf1L*\xab\x08!\xd7\xa4\xcc=\x8a^\xde\
\x0a\xba\x0b,\xc3t*:\xbe\x8dY\x09\x05\x12\x0eS\
\x92\xda\xc6\x08\x0f\xa1{?!\xca \xad\x1e\x22-A\
$\x93bt\x88\x8f\x8a,\xd7'\xfdI\xffj@\x8a\
\x22\xc4~6\xf1\xadD\x06\xe28\xfe\x16\x82\xec\xc1\xff\
7\xdf\xa5aVhK\xc9&\xe6C#1p\x5c\xbe\
\xe2.\x82\xd0\x9c.\x91i\xa2\x89\xfa\x14\xd3\xe2\xda\x0c\
\xed\xe6\x7f8\xa9#\x09\x94\x8b\x84'\xe3\xeb\x10\x17\xab\
\xadGq\xce\xd5\xa2\xea\xc2\xcd\xa6&\x9c \xe5\x0f\xa3\
{\xc1\xd3P\xaa!\x0c\x81\x1a\x00\x1a\xf2\x087\xbd9\
\xcdl\xed\x9d\xc2i\x8c\xa7c%laU\x1a\xe1R\
4\xef\x85FQF\xe0r\xef[\x99J~\x14\xe0\xa5\
\xb9\xa4B,H\x0c\x86\xefY\xb5\xf7\xd8Q\x15\x198\
7D\xda\x8b&\xf9\x96\x14:(i\xeb\xd7~\xcb0\
\xa4\x03\x93\x88\x84\xdd\xb2xN\xaam\xa8G\x85P\xf1\
\xf34,\x80wQ\xb9\x9f/\xcc\xfdV\xde\xcb\x85\x82\
\x08\x8551\xc1n\xe0\xfb\xf1\xbdF2_\xec\xd7\x90\
\xe0\x9e!\x1a!8V\xc3x\xc0[\x19\xda\x88\x89#\
\xa0\xa2<\xe3#e\xa6k\xd9|HU:\xbbyz\
m\xe3\xff\xbe\xc0\x98:}\xa3\xed\xe7-\x9ao\x12n\
\xa5\xc4\xa8\x0eRC(\x02D?\xa3\xf9\x86\xe5\xb8\x17\
\x08\xfb\x86\x97\x13]\x8e\xfa\xf0\xbd\xbdr\xc0\x1d\xc0\x16\
I9\xb2\xa4\x82\x15Y\xbb\x1cOs\x05\x19,\xd5U\
Z`s\xbeY\x0e\xe6\x98\xe8\xa0>\xd4\xb9&MZ\
\x15\x02\xc2\xf3\x96d\xd0\x9d\x156<\x8eHKu \
D\xc0\x07UQ:=;\x03C#g\xc3\xcd\x95?\
teT\x8c\xaf\xc4\xbdd&\xd6\x8c\x81:\xed5\xd2\
\xa0T\xb9w\xcbd\x9f\xb9\x0d\x81\xbfm\xa6Q\x17\x08\
5\xccO\xa8\x92\x9e\xbc\x12\x03\xa5I\x8e\x8d\xd8ea\
|\xd0\x05\xb0BZt\x96U\x80N\x80\x91iCk\
\x02@\xcf\x03\xcd'\xed\x04\xf8\xb0T\x8bi\x1aD\xb9\
\xe2\xdf\x86\xe7\x16\xf5)\x93\xc2.[\xbaC\x00^n\
\xcf[\xf5\xb3\xee\xe8v$\x1a\xb0\xb1\x15\xa4i@\xa1\
1]\xa1\x9a\x9a&\x5c\x02\x00\xf3:\x97\x9f\xa9\xba\x07\
\x0b'\xc4\x99 \xd8\xe8ltH\xb5\xf2\xd11\x83w\
\xff\xd1rtV\x11\x90\x80C*?\x0d\xc8\x023r\
\x15U\x0a*\x0a\xfa\x8bmhU\x1a\x85\x15\x16\xac\xed\
C\xd88i\x5c\xc4YZ\x0f\xf1\xb4FIA\x8d\xf1\
\xaa\x9d\x04c9:\x87D\x88\xec\xc2\xba=\xbc\xb9%\
\xb8\xc9\x0bb\x0bB `\x0ePr\xf5j\xe6u=\
\xf4k2\x9dO\xa7<\x99\xd2\xcb'\x1dTA{W\
\x86\xe3%\xd0\x8d\x1cc\x904\x96pW\xcb\xa6\xcd\xfe\
#\xf3\xd9op\xb7\xb5Dp\xf2\xd8i\xdb\x89\xa5\xfd\
\xee\x0fL\x90?A7?\x85\xe8\xd9\x89\xec\xe7K\xdf\
\x816\x0c\xa0i\x84OF\x0c(\xb0^\xb3\xf9\x81:\
>\xe2;\x10C0k\xb2f\xbdT\x09\x97#\xfb\x92\
\x8f\xdf\x0b\xce;\xff5\xa0\xef\x84\x08zRn\x14\xbe\
tW-\xf1M\xcf\xf2\x10:B\xad\x9d1\x14\xd9\xc2\
\xccsqx|{\xef\x9cM\x87t\xb3F\xde\xdc\xc9\
=\xf1\x9f\xf6\xb8\xd3I&\xe5\xbf\xd5Z!\x0f\xc3\xd7\
\x0ez\x08\xc1\x9b,W\x19P9\xdfPy\x8f\xf9)\
\xe7\x0f\xc1\x7f\x9aw\xfa\x05\xe8\xaa\xbe\x14\xb7\x09\xc9 \
0\x1bU\xa3ZH\xd5\x08\xd6,\x0a\xc6\xcf\xff\xc1\x1b\
`\xf0-\x84\xfb\x85\xfe\x89\xce\x8d\xad\x85\xe7?\x92\xd8\
\x0b\x96\xab\x81\x0a&\xe0\x14\xba\x9a|6\x83\x13\x98l\
\xc5\xce{7\xb2<\x81\xfa\x819]E\x22`\x81>\
-\xfb\xbf\xd4\x22)<B e\xcf!\x16\xeb\xc1_\
\xc0S\x86\xef\xd4Zo\x93\x0c\x16\xd8\x81>\x95\xb9\x9c\
\x93\x9f\xa4o\xba+\x0b\xd8\xae'\xa2\xcf\xa1\xccfw\
K\x9c\xa9\x93\xbcn1\x1dFP\xd6v\xa3r\x9a\xb2\
\xfe\xc6\xeeM\x03\xab\x10\x9b\x82\x86\x92\x04D\xd4\xa0$\
\xc1# \xce\xb4C-\xdeM\xa9l0\x16\xea\xd8\x03\
\x8c\x13c\xabO\x06\xb9\xce\x881\x9a\xb6\xfc\xb34S\
\xc2\x84\xaf\x81\x0bu\x8b\x22\xc9\xe1\x0f\xfc9\x1cE\xd2\
b\xc3T\xc9hu\xf9\xc5d\x86\xf31`A\xa6\xb8\
>\xab\xe64\xd9\x81l\x80\xcb\xf7V\x01\xa4#\xed_\
1\x7ff\x90\xccxu\x9b\x80\xe8\xf5N\xb4\xb2\x1a\x22\
\x1dj9\xc8\x0bd\x87\x13K\x98\xc65<e\xebw\
DI{@S\x90\x19)e\x1eAi5\x11\xf2\xf4\
\x8b\x03\xf5\xe7\x1bL\x80\x8c(\xe6%\x0e\x02\xac\x89\x07\
\xfc\x0f\xa0\xfcQ\xdf\xc3b\xddc\xee\xef\x0bX\x84 \
\x0d\xecF{\x9fv\xf1'W\x9c\xeb[\xe8)\x0d\x5c\
\xf4\xa5\x18\xe3\x93}\xf9C\xbe\x02&J\xe1j:f\
c\x9c\x03\x1e9\xc9SA\x80)\x04\xf0\xcc\x9d\x00\x09\
6\xad\xc34\xe3\x1e\xdc\x86W\x06Ca\xf6\xb0I\xd4\
\x04\xa4\x85`{\xa9\xd7\xe5\x85LT]\x903\x7f\x12\
\xeb\xf6\xe3E\xfbW\xa5\xaf\x0e3\xbd\x8dBt1\xdc\
'0\x1e\xaf\xb5\xb3<\xecaT \x19%L5T\
\xa0y=$\x0d\x0d\xa9\xb9\xb5\x14\xc0\x03\xd7\xb6\x183\
;\xb3\x094\xc0\x93A?\xdc\xc2\xfb\xc6\xab0\x1f\xa3\
\xd0\x1c`R\xeb\x98\xa5$\xac@\xee\x95\x12\xcd\x00\x06\
\xec\x99I.h\x02\xef(8\x9f@A88\xe4\xa9\
;\xf8cj\xd9\x16\xf4\xe4\xa5t\xa2\x91\x9e?V\xf2\
D\x9e\x91\x93F\x14\x17\xce;\x1d\xe0\x80\xe0\xd5\xab\x84\
\x97\x15=])\xdb\xed\x87?,\xb1Z\x01\
\x00\x00\x05\x1f\
<\
svg xmlns=\x22http:\
//www.w3.org/200\
0/svg\x22 viewBox=\x22\
0 0 24 24\x22 width\
=\x2224\x22 height=\x2224\
\x22>\x0a  <defs id=\x22d\
efs3051\x22>\x0a    <s\
tyle type=\x22text/\
css\x22 id=\x22current\
-color-scheme\x22>\x0a\
      .ColorSche\
me-Text {\x0a      \
  color:#232629;\
\x0a      }\x0a      .\
ColorScheme-High\
light {\x0a        \
color:#3daee9;\x0a \
     }\x0a      </s\
tyle>\x0a  </defs>\x0a\
  <g transform=\x22\
translate(1,1)\x22>\
\x0a    <path style\
=\x22fill:currentCo\
lor;fill-opacity\
:1;stroke:none\x22 \
d=\x22M 4 3 L 4 9 L\
 4 10 L 4 15 L 4\
 16 L 4 17 L 3 1\
7 L 3 18 L 4 18 \
L 4 19 L 5 19 L \
5 18 L 18.292969\
 18 L 19 18 L 19\
 17.292969 L 19 \
17 L 18.707031 1\
7 L 17.292969 17\
 L 5 17 L 5 15.4\
31641 L 5 15.423\
828 L 5 15 L 5 1\
2.423828 L 5 11.\
423828 L 5 11 L \
5 10 L 5 9 L 5 6\
 L 5 5.9921875 L\
 5 5 L 5 3 L 4 3\
 z M 17 3 L 17 4\
 L 18 4 L 18 3 L\
 17 3 z M 18 4 L\
 18 5 L 19 5 L 1\
9 4 L 18 4 z M 1\
8 5 L 17 5 L 17 \
6 L 18 6 L 18 5 \
z M 17 5 L 17 4 \
L 16 4 L 16 5 L \
17 5 z M 6 4 L 6\
 5 L 7 5 L 7 4 L\
 6 4 z M 8 4 L 8\
 5 L 9 5 L 9 4 L\
 8 4 z M 6 6 L 6\
 7 L 7 7 L 7 6 L\
 6 6 z M 8 6 L 8\
 7 L 9 7 L 9 6 L\
 8 6 z M 11 7 L \
11 8 L 12 8 L 12\
 7 L 11 7 z M 13\
 7 L 13 8 L 14 8\
 L 14 7 L 13 7 z\
 M 11 9 L 11 10 \
L 12 10 L 12 9 L\
 11 9 z M 13 9 L\
 13 10 L 14 10 L\
 14 9 L 13 9 z M\
 7 13 L 7 14 L 8\
 14 L 8 13 L 7 1\
3 z M 8 14 L 8 1\
5 L 9 15 L 9 14 \
L 8 14 z M 8 15 \
L 7 15 L 7 16 L \
8 16 L 8 15 z M \
7 15 L 7 14 L 6 \
14 L 6 15 L 7 15\
 z \x22 class=\x22Colo\
rScheme-Text\x22/>\x0a\
  </g>\x0a</svg>\x0a\
\x00\x00\x02(\
<\
?xml version=\x221.\
0\x22 encoding=\x22UTF\
-8\x22 standalone=\x22\
no\x22?>\x0a<svg xmlns\
=\x22http://www.w3.\
org/2000/svg\x22 vi\
ewBox=\x220 0 22 22\
\x22>\x0a  <defs id=\x22d\
efs3051\x22>\x0a    <s\
tyle type=\x22text/\
css\x22 id=\x22current\
-color-scheme\x22>\x0a\
      .ColorSche\
me-Text {\x0a      \
  color:#232629;\
\x0a      }\x0a      <\
/style>\x0a  </defs\
>\x0a <path \x0a     s\
tyle=\x22fill:curre\
ntColor;fill-opa\
city:1;stroke:no\
ne\x22 \x0a     d=\x22M 1\
0 5 L 10 7 L 12 \
7 L 12 5 L 10 5 \
z M 6 10 L 6 12 \
L 8 12 L 8 10 L \
6 10 z M 10 10 L\
 10 12 L 12 12 L\
 12 10 L 10 10 z\
 M 10 15 L 10 17\
 L 12 17 L 12 15\
 L 10 15 z \x22\x0a\x09 c\
lass=\x22ColorSchem\
e-Text\x22\x0a     />\x0a\
</svg>\x0a\
\x00\x00\x05\x1f\
<\
svg xmlns=\x22http:\
//www.w3.org/200\
0/svg\x22 viewBox=\x22\
0 0 24 24\x22 width\
=\x2224\x22 height=\x2224\
\x22>\x0a  <defs id=\x22d\
efs3051\x22>\x0a    <s\
tyle type=\x22text/\
css\x22 id=\x22current\
-color-scheme\x22>\x0a\
      .ColorSche\
me-Text {\x0a      \
  color:#eff0f1;\
\x0a      }\x0a      .\
ColorScheme-High\
light {\x0a        \
color:#3daee9;\x0a \
     }\x0a      </s\
tyle>\x0a  </defs>\x0a\
  <g transform=\x22\
translate(1,1)\x22>\
\x0a    <path style\
=\x22fill:currentCo\
lor;fill-opacity\
:1;stroke:none\x22 \
d=\x22M 4 3 L 4 9 L\
 4 10 L 4 15 L 4\
 16 L 4 17 L 3 1\
7 L 3 18 L 4 18 \
L 4 19 L 5 19 L \
5 18 L 18.292969\
 18 L 19 18 L 19\
 17.292969 L 19 \
17 L 18.707031 1\
7 L 17.292969 17\
 L 5 17 L 5 15.4\
31641 L 5 15.423\
828 L 5 15 L 5 1\
2.423828 L 5 11.\
423828 L 5 11 L \
5 10 L 5 9 L 5 6\
 L 5 5.9921875 L\
 5 5 L 5 3 L 4 3\
 z M 17 3 L 17 4\
 L 18 4 L 18 3 L\
 17 3 z M 18 4 L\
 18 5 L 19 5 L 1\
9 4 L 18 4 z M 1\
8 5 L 17 5 L 17 \
6 L 18 6 L 18 5 \
z M 17 5 L 17 4 \
L 16 4 L 16 5 L \
17 5 z M 6 4 L 6\
 5 L 7 5 L 7 4 L\
 6 4 z M 8 4 L 8\
 5 L 9 5 L 9 4 L\
 8 4 z M 6 6 L 6\
 7 L 7 7 L 7 6 L\
 6 6 z M 8 6 L 8\
 7 L 9 7 L 9 6 L\
 8 6 z M 11 7 L \
11 8 L 12 8 L 12\
 7 L 11 7 z M 13\
 7 L 13 8 L 14 8\
 L 14 7 L 13 7 z\
 M 11 9 L 11 10 \
L 12 10 L 12 9 L\
 11 9 z M 13 9 L\
 13 10 L 14 10 L\
 14 9 L 13 9 z M\
 7 13 L 7 14 L 8\
 14 L 8 13 L 7 1\
3 z M 8 14 L 8 1\
5 L 9 15 L 9 14 \
L 8 14 z M 8 15 \
L 7 15 L 7 16 L \
8 16 L 8 15 z M \
7 15 L 7 14 L 6 \
14 L 6 15 L 7 15\
 z \x22 class=\x22Colo\
rScheme-Text\x22/>\x0a\
  </g>\x0a</svg>\x0a\
\x00\x00\x0ay\
<\
?xml version=\x221.\
0\x22 encoding=\x22UTF\
-8\x22 standalone=\x22\
no\x22?>\x0a<svg\x0a   vi\
ewBox=\x220 0 25.6 \
25.6\x22\x0a   id=\x22svg\
2\x22\x0a   version=\x221\
.1\x22\x0a   inkscape:\
version=\x221.4.4 (\
unknown)\x22\x0a   sod\
ipodi:docname=\x22t\
ools-wizard_mult\
iple-dark.svg\x22\x0a \
  width=\x2227.3066\
67\x22\x0a   height=\x222\
7.306667\x22\x0a   xml\
ns:inkscape=\x22htt\
p://www.inkscape\
.org/namespaces/\
inkscape\x22\x0a   xml\
ns:sodipodi=\x22htt\
p://sodipodi.sou\
rceforge.net/DTD\
/sodipodi-0.dtd\x22\
\x0a   xmlns=\x22http:\
//www.w3.org/200\
0/svg\x22\x0a   xmlns:\
svg=\x22http://www.\
w3.org/2000/svg\x22\
\x0a   xmlns:rdf=\x22h\
ttp://www.w3.org\
/1999/02/22-rdf-\
syntax-ns#\x22\x0a   x\
mlns:cc=\x22http://\
creativecommons.\
org/ns#\x22\x0a   xmln\
s:dc=\x22http://pur\
l.org/dc/element\
s/1.1/\x22>\x0a  <meta\
data\x0a     id=\x22me\
tadata10\x22>\x0a    <\
rdf:RDF>\x0a      <\
cc:Work\x0a        \
 rdf:about=\x22\x22>\x0a \
       <dc:forma\
t>image/svg+xml<\
/dc:format>\x0a    \
    <dc:type\x0a   \
        rdf:reso\
urce=\x22http://pur\
l.org/dc/dcmityp\
e/StillImage\x22 />\
\x0a      </cc:Work\
>\x0a    </rdf:RDF>\
\x0a  </metadata>\x0a \
 <sodipodi:named\
view\x0a     pageco\
lor=\x22#ffffff\x22\x0a  \
   bordercolor=\x22\
#666666\x22\x0a     bo\
rderopacity=\x221\x22\x0a\
     objecttoler\
ance=\x2210\x22\x0a     g\
ridtolerance=\x2210\
\x22\x0a     guidetole\
rance=\x2210\x22\x0a     \
inkscape:pageopa\
city=\x220\x22\x0a     in\
kscape:pageshado\
w=\x222\x22\x0a     inksc\
ape:window-width\
=\x223440\x22\x0a     ink\
scape:window-hei\
ght=\x221388\x22\x0a     \
id=\x22namedview8\x22\x0a\
     showgrid=\x22f\
alse\x22\x0a     inksc\
ape:zoom=\x229.8333\
333\x22\x0a     inksca\
pe:cx=\x22-14.38983\
1\x22\x0a     inkscape\
:cy=\x220.61016949\x22\
\x0a     inkscape:w\
indow-x=\x220\x22\x0a    \
 inkscape:window\
-y=\x2224\x22\x0a     ink\
scape:window-max\
imized=\x221\x22\x0a     \
inkscape:current\
-layer=\x22svg2\x22\x0a  \
   inkscape:show\
pageshadow=\x222\x22\x0a \
    inkscape:pag\
echeckerboard=\x220\
\x22\x0a     inkscape:\
deskcolor=\x22#d1d1\
d1\x22 />\x0a  <defs\x0a \
    id=\x22defs3051\
\x22>\x0a    <style\x0a  \
     type=\x22text/\
css\x22\x0a       id=\x22\
current-color-sc\
heme\x22>\x0a      .Co\
lorScheme-Text {\
\x0a        color:#\
4d4d4d;\x0a      }\x0a\
      </style>\x0a \
 </defs>\x0a  <path\
\x0a     id=\x22path41\
65\x22\x0a     style=\x22\
color:#4d4d4d;fi\
ll:#ebebeb;fill-\
opacity:1;stroke\
:none\x22\x0a     d=\x22m\
 19,18 c -0.5522\
85,0 -1,0.447715\
 -1,1 0,0.552285\
 0.447715,1 1,1 \
0.552285,0 1,-0.\
447715 1,-1 0,-0\
.552285 -0.44771\
5,-1 -1,-1 z m -\
2.847458,0 c -0.\
552285,0 -1,0.44\
7715 -1,1 0,0.55\
2285 0.447715,1 \
1,1 0.552285,0 1\
,-0.447715 1,-1 \
0,-0.552285 -0.4\
47715,-1 -1,-1 z\
 m -2.881356,0 c\
 -0.552285,0 -1,\
0.447715 -1,1 0,\
0.552285 0.44771\
5,1 1,1 0.552285\
,0 1,-0.447715 1\
,-1 0,-0.552285 \
-0.447715,-1 -1,\
-1 z M 5.5,4 4.9\
6875,4.96875 4,5\
.5 4.96875,6.031\
25 5.5,7 6.03125\
,6.03125 7,5.5 6\
.03125,4.96875 Z\
 m 5,0 L 9.96875\
,4.96875 9,5.5 9\
.96875,6.03125 1\
0.5,7 11.03125,6\
.03125 12,5.5 11\
.03125,4.96875 Z\
 M 17.171875,4 4\
,17.171875 6.828\
125,20 20,6.8281\
25 Z M 17.103515\
,5.4824219 18.51\
7577,6.8964844 1\
5.419921,9.99609\
4 14.003905,8.58\
00781 Z M 7.5,8 \
6.96875,8.96875 \
6,9.5 6.96875,10\
.03125 7.5,11 8.\
03125,10.03125 9\
,9.5 8.03125,8.9\
6875 Z\x22\x0a     ink\
scape:connector-\
curvature=\x220\x22 />\
\x0a</svg>\x0a\
\x00\x00\x0b\xa9\
<\
?xml version=\x221.\
0\x22 encoding=\x22UTF\
-8\x22 standalone=\x22\
no\x22?>\x0a<svg\x0a   xm\
lns:dc=\x22http://p\
url.org/dc/eleme\
nts/1.1/\x22\x0a   xml\
ns:cc=\x22http://cr\
eativecommons.or\
g/ns#\x22\x0a   xmlns:\
rdf=\x22http://www.\
w3.org/1999/02/2\
2-rdf-syntax-ns#\
\x22\x0a   xmlns:svg=\x22\
http://www.w3.or\
g/2000/svg\x22\x0a   x\
mlns=\x22http://www\
.w3.org/2000/svg\
\x22\x0a   xmlns:sodip\
odi=\x22http://sodi\
podi.sourceforge\
.net/DTD/sodipod\
i-0.dtd\x22\x0a   xmln\
s:inkscape=\x22http\
://www.inkscape.\
org/namespaces/i\
nkscape\x22\x0a   view\
Box=\x220 0 24 24\x22\x0a\
   id=\x22svg2\x22\x0a   \
version=\x221.1\x22\x0a  \
 inkscape:versio\
n=\x220.91 r13725\x22\x0a\
   sodipodi:docn\
ame=\x22roi-remove_\
all_frames.svg\x22>\
\x0a  <metadata\x0a   \
  id=\x22metadata10\
\x22>\x0a    <rdf:RDF>\
\x0a      <cc:Work\x0a\
         rdf:abo\
ut=\x22\x22>\x0a        <\
dc:format>image/\
svg+xml</dc:form\
at>\x0a        <dc:\
type\x0a           \
rdf:resource=\x22ht\
tp://purl.org/dc\
/dcmitype/StillI\
mage\x22 />\x0a       \
 <dc:title></dc:\
title>\x0a      </c\
c:Work>\x0a    </rd\
f:RDF>\x0a  </metad\
ata>\x0a  <sodipodi\
:namedview\x0a     \
pagecolor=\x22#ffff\
ff\x22\x0a     borderc\
olor=\x22#666666\x22\x0a \
    borderopacit\
y=\x221\x22\x0a     objec\
ttolerance=\x2210\x22\x0a\
     gridtoleran\
ce=\x2210\x22\x0a     gui\
detolerance=\x2210\x22\
\x0a     inkscape:p\
ageopacity=\x220\x22\x0a \
    inkscape:pag\
eshadow=\x222\x22\x0a    \
 inkscape:window\
-width=\x221124\x22\x0a  \
   inkscape:wind\
ow-height=\x22723\x22\x0a\
     id=\x22namedvi\
ew8\x22\x0a     showgr\
id=\x22false\x22\x0a     \
inkscape:zoom=\x229\
.8333333\x22\x0a     i\
nkscape:cx=\x2212\x22\x0a\
     inkscape:cy\
=\x2212\x22\x0a     inksc\
ape:window-x=\x2211\
31\x22\x0a     inkscap\
e:window-y=\x22174\x22\
\x0a     inkscape:w\
indow-maximized=\
\x220\x22\x0a     inkscap\
e:current-layer=\
\x22svg2\x22 />\x0a  <def\
s\x0a     id=\x22defs3\
051\x22>\x0a    <style\
\x0a       type=\x22te\
xt/css\x22\x0a       i\
d=\x22current-color\
-scheme\x22>\x0a      \
.ColorScheme-Neg\
ativeText {\x0a    \
    color:#da445\
3;\x0a      }\x0a     \
 </style>\x0a  </de\
fs>\x0a  <path\x0a    \
 style=\x22fill:cur\
rentColor;fill-o\
pacity:1;stroke:\
none\x22\x0a     d=\x22M \
13 5 C 10.972402\
 5 9.12868 5.756\
694 7.71875 7 C \
7.592511 7.11132\
 7.46272 7.22478\
 7.34375 7.34375\
 L 7 7.71875 C 5\
.756694 9.12868 \
5 10.972402 5 13\
 C 5 17.41828 8.\
58172 21 13 21 C\
 15.027598 21 16\
.87132 20.243306\
 18.28125 19 L 1\
8.65625 18.65625\
 C 18.77522 18.5\
3728 18.88868 18\
.407489 19 18.28\
125 C 20.243306 \
16.87132 21 15.0\
27598 21 13 C 21\
 8.58172 17.4182\
8 5 13 5 z M 13 \
6 C 16.86599 6 2\
0 9.13401 20 13 \
C 20 14.75366 19\
.346785 16.33426\
8 18.28125 17.56\
25 L 8.4375 7.71\
875 C 9.665731 6\
.653215 11.24634\
 6 13 6 z M 7.71\
875 8.4375 L 17.\
5625 18.28125 C \
16.334268 19.346\
785 14.75366 20 \
13 20 C 9.13401 \
20 6 16.86599 6 \
13 C 6 11.24634 \
6.653215 9.66573\
1 7.71875 8.4375\
 z \x22\x0a     class=\
\x22ColorScheme-Neg\
ativeText\x22\x0a     \
id=\x22path6\x22 />\x0a  \
<path\x0a     inksc\
ape:connector-cu\
rvature=\x220\x22\x0a    \
 id=\x22path4165\x22\x0a \
    style=\x22color\
:#4d4d4d;fill:cu\
rrentColor;fill-\
opacity:1;stroke\
:none\x22\x0a     d=\x22m\
 22.288136,21.16\
1017 c -0.552285\
,0 -1,0.447715 -\
1,1 0,0.552285 0\
.447715,1 1,1 0.\
552285,0 1,-0.44\
7715 1,-1 0,-0.5\
52285 -0.447715,\
-1 -1,-1 z m -2.\
847458,0 c -0.55\
2285,0 -1,0.4477\
15 -1,1 0,0.5522\
85 0.447715,1 1,\
1 0.552285,0 1,-\
0.447715 1,-1 0,\
-0.552285 -0.447\
715,-1 -1,-1 z m\
 -2.881356,0 c -\
0.552285,0 -1,0.\
447715 -1,1 0,0.\
552285 0.447715,\
1 1,1 0.552285,0\
 1,-0.447715 1,-\
1 0,-0.552285 -0\
.447715,-1 -1,-1\
 z\x22\x0a     sodipod\
i:nodetypes=\x22sss\
ssssssssssss\x22 />\
\x0a</svg>\x0a\
\x00\x00\x0e\xa8\
(\
\xb5/\xfd`?f\xf5t\x00\xca\xac\xcc\x1b,\xe0\x8c\
h\x8c\x03P\xc5\x16A\x9aJ\x04>\x5c\x04=8\x0c\
\x960[\xd48\xfaE+\xe5A6\xd9Mv?\x98\
`\xd5\x1b\x05\x86\x19\xb6\xc2x!\x0a\x02\xc7\x01\x83\x01\
\xb8\x95\x8d\xa6\x82#-\x98mcbz.\x93\xd9\x0c\
\xfb\x0c\xb8\x04\x8eA\x03BAb\x10\xa7\xa1*p\xd0\
`b\x12\x07\x16AB\x02\x0c\x1a@\xa2\x88\x86#\x92\
\x16\x98\x89q<\x12\x16&(b\x82\x00\x1a\x15\x10'\
\x92P\x904,\xd3\x035\x14 I\x0e\xc6D\xd1L\
\x15\xd39`\xfc\xd4\xf2K\xe5<\x95\xd3\x94\x5c\xbd\xdd\
.k@\xe1D\x13\x13Y0D\x22\xa8Az\x98\x08\
\x82\x87\x81\x07\xa2F\x8aX0H\x93\xf3D\xe0\xa0\xe8\
\x8ez\xd5\xdb\x0b\x06\xbc\xde\xdc\xf2\xdb\x0a\x7f\xebZ;\
L\x06M\xf4\xd0\xb0t\xfd\xc3\xdb\xe72o`\xf4=\
K\xe4C\xbe\x85T\xc1L@\x18G\x03a<@\xc7\
\xfd3\xfd\xdc\xdel|\xdb\x9b\xf8\x98\xbe\xf0\xdccL\
g\xbf\x7f\xb6\xc4ef\xb4S=V\xcbl\xc6\x17\xe7\
\x96\xde~\xc5\x0d\x8cd\xb1p\x8d\x8a\xc9\x81\x16\xf4\xc1\
\xa0\x11A\x10\xc8\xb14\x90\x8aI\xb2Fjh\x80\x16\
\xf8/\xbd\xf3`\x22\x05\x22\xa6Q\xa9\xa1y<\x80P\
a\x0f\xf1\xa0x \x18\x10\xd0DAj\x220\xa2\xc6\
y\x1eH\x92\x22&H\x8c\xf30ML\x84!E\xc0\
h N\xc32E\x10\x04ES\x0d\x04B\xe0\x81\x1e\
\xa6\x8a\x06$8\xa0G\xe3\xcf?J\xb0\x5c\xcb\x1a\xb7\
`x8\xd3\x83\x83\xd3<\xe0\xed\x82\xe1az8\x13\
\x0c\xa9q0\x10R\x13a\x9e\xc7\xf4([\x22@\x10\
\x8115O5\x0d\x8d#\x8a\x80\xa4\x82\x80P4\x18\
f\x86\x0b\x053=\x15\xd2\xb2 2\xd0\x18\xff\x7f9\
\xd1\xf0\x88\x18H\x8f\xf4@\x91\x08\xe4h$\x1c\x87c\
\xc1\xb8:\x864=M\xa4\x814\x0c\xc7\x03\x12E@\
,\x18\x1c\x8f\x86\xf4$I\xb2\xc0ABz\xb0`\x01\
\x84eI\x1c0\x1c\x22\xa8\x9c\x9a\x98\x98`0\x1a\x10\
\xd3\xf4\xd0 i \x18\x87D\xe1\x91\x90<L\xceD\
\xf2h&\xa6\x89\x10H\x96\x05\x80\x07\x0b \x10\xb0\x80\
\x9e\x05C\xf3@\x10\xe6\xf10\x93\x94,|I\x00\x82\
\x08\x16\x0c\x0e\x8f\xf3\x80\x1cO\x93,\xacn\xc1\xf0@\
\x8e\x145\x12\x09$BA\xc0\x83\xab\x95\xad\xac\xbd[\
{\xaa\xfc\xc8W\xe7\xa7\x88\x85\x99\x89\xaa|J~/\
\x1e\xa3\xff\x22O\x15\x16\xe1\x95\xe1\xb6\xb3\x16\xb7\x17n\
o9r\x84\x83i<\x1e\x0a\x0ef\xc2\xc2<\xcd\x82\
\x03\x06\x13\x10\xa4!j$ \x07\xf28\x0d\x08\xc9y\
,4\x10\x883\xc1\x91\x1c\x89\xa8\xa1\xb0@\x01q\x8d\
\x86\x02\x14M\xd2\x02\x145\x15\x1e\xe8i4\x90\x88\x08\
\x17la\xcdO\x178ht\x5c\x14NK\xc3\xda]\
\x1a4\x13\x03\x99\x1e\xcd\x03\x8a@D@\x91\xc3%M\
\xc4\x04\x10\x06\x81\x05\x03\xa4\x99\xc0@\x1c\x18\x0f\x1a\xc8\
\xe4H\x80@\x9c\xe9\x01\x86\x13i\x22\xc6\x03H\x84b\
\x80\x88\x03\xa1\xe1xD@\x13\x18\x0a\x11$A\xc3\xe1\
H \x82\x03\x8d\x86G\xd4\xcc\xc4<\x98\xa9\x89<\x9a\
\x0aN\xc4\xa1`\x22\x15\xad\xcd\xabx\xcb\xe3LL\x13\
4!\x9a\x1a\x1a\x08\x044-\x8f\xe3\x101\x91er\
\x1a L\xe40\x01=HM\x05\x03\x89\xa2\x08\x0a\x88\
\x88%\x12\xc1\x96\xb5\x87g[M\xe1\xd0\x7f\xff\x08\x04\
U\x98\x80\x1e\xcc\x83d\x0b8j\x1e\x114\xa1\xa1q\
` \x98\x09\x13\x8d#\xf1`<\xf8L\xb3\xcaw\xe7\
\xfd\xcd\xc4\xacT\xad\xd5,\xd4,\xedu\xabw\xdf5\
\xff\xda4\xef\xda<\xe5L\xcer\xe5v\xbe\xe2\xcf5\
\xddR\xbf4\xdbb\xd7\xef\xcd\xcbo\xcfT\xacg\xd4\
v\xd7R\xd6[\xb3\xab\xd6\xf33\xb6J\x5c\xbcTW\
\xf3\xfe\xc2\xcc\xf3\x7f\xb6\xbcg\xd5G\xc33\xfb\xce\xfa\
\xcf\xa8\xd7\xf6\xb5\x13\xe3H4\x11\x1e\x11\x90\x03\x1e\xc6\
\x91\xa4\x08F\x81\xa6\xc1\xfd\xa3f\xca]CN\xed\xba\
\xdbOs\xae{\xc4\xb3\xbbO_/\xe6]\xb4k\xff\
\xd6+Nk\xfb\xc7\xbb\xe6+\xe5\xbet\xaf\xf7||\
\xe5\xc2\xeb\xd6d-\xfb\xbc\x5c\xb0Yl\x02\x08\xb0\xe0\
\x1d\xbf\xe8\x0a.7\xb6\xd2\xef\x98\xf0\x92\xb8\xefU\xdf\
\xe2\x7f]\xe6{\xd6c\xb2\x9e\x8bu\xednY\xdd\xaf\
\xfdY\xb7\xb7\xff\xc7|i\xa5\x86\xea\xe8\xc9\xa8\x8f\xd6\
\xd6nw\xbe\xa6\x8d\xb8\xb7\x8c\x95\x1cIz\x93\xcd%\
\x17\xe5\x16%\x95^\x92\xeb\xcf^\xab\xc4\xe7b\x85\x97\
d\xd9\xd3\xcaN9\xc3d\xcdJe\xff\xfa\xea\x93]\
\x1aW\x90\xf5\xae8q$\xef\xce^\xcb\xa7xk{\
\xe9m&\xf6\x9a/\x8b\x1a'\xd6\xf1\x19^}\xea\xff\
\xa5;\xb8ez\xddg\xf5\xa3+.\xc9%\xbe\xfe\xe5\
x\xa8\x98W\x9eK\x82\xf7l\x85\x8dJ\xbe\xf1\xd7n\
.\xb3i\x02=\xd0\x02\xc9\x03\xc9\xc3\x81\xa2\x08\x8f\x07\
\xf44\x12\x0d.@\x1eF\xe4m\xfbj=\xed<}\
\xee\xebbL\x05\x0dW\xb5\xf2\xb6\x91\x0d\xff\xfb3U\
1S\x07\x07\xc5}v\xe3\xbfD\xce\xed\x05W]/\
]\xb2]K;-\xed\x92y}\xf9n-\xb4[ \
\x09\x9f\xf2gw\x96'gz\xb7|\xbe\xb5\x096[\
\xd9\xa2(\xebwa\xe2H\x96M\xad\xd8V\xf1\xc4\xcd\
M\xae\x13w\x95Ns\xad\xd7L\xd4\xb3\xb9nW\xb9\
v\xab\xf5K\x10H^Q\xbb\xec\xb0\xd9\xeb\xee\xdd\xbe\
N\x13QQ\xc3\xc3\x5c\xb8\xc4vL\xaeg\xe6\xec\x07\
\x1e:\xf0\xac\xc2\x92(\x96\x98\xb2\x96\xb4>g\xb9\xb5\
\xb2I\xa4\xbf\x9b(bb$\x96\x08z\x9e\x87\x89\x81\
p`\xed\x88\xb8\xb6\x85\xc9\xc6\xe9\xe5\xd9\xab\xdd\xa7\xba\
_\xc1D\x11\xf3\xd0\x86\x03\x89\x1ad{\xb4\xdb\x9a\xb0\
\x0c\x1c\x5c{\x0b 8HH\x8c\x07\xd6\x8ao\xab\xcd\
\xbf\xa9\xa9\x9b\xdf\xa9w\x9e\xb7\xc9fj\xecfjk\
f\x8a\xeb\xff\xfa\x9f\xdd\x87\xe5\xdd\xba\xff\x96xu\xbd\
(l\x9b\xbd\x8e\xbc\x96\xd8\x95\xec\xb6\xf6\x88|\xc5\xc9\
\xed\xf5+gi\xb2\xab\xdb\xe9vY\x98\x9c_r\xa5\
~\xd2\xce\x8f\xe7v\xa5\x89\x1fZ7_\xf2\xd6&\x9b\
\xb7e\x0a\xe6r!\xb7\xa5ro\xe5\xed\x9d\xfc\xdaX\
\x9d\x8b\xd2h\xce\xdcn\xef\xca\xb5\x8a#\xb6\xf9rW\
*\xe6\x95\x9d\xdb\xc5\x9d\x97,[Z\xe5)xk\xf8\
\xc6\xaa\xd5\x0ab\xb3\xa3\x1as}+\xaf\xf6Z\x96\x8b\
a\xde!\xae\xd7\xe5\x9ef\xedqj\xebi\x9bZ\x1d\
\xfe\xdb\x17&\xed\xf8\x87j{\xebY\x8a{\x5c~\xca\
>v\xf7g\x9ebw\xb9\xa2\xf6\xb6\xc5\xe6_\xa7\x0a\
~\x9f\x9br\xdel\x85\x97 [\x9f\xa2\xedf\xd5l\
\x8e\xbe\x87\xacu\xc9\xf7\xe9Y\xbd\xbfj\x98\xf9\x97\xcd\
\x95\xb9$\xb8\xdf\xd5\xae\x8aXw\xbb\xa7\xdc\xca\xcd[\
\x9e\xdc\x9fwi\xdfum\xf2\x8f}\xd5\x8b\x92\x9e\x7f\
\xe5\x98\xe0\xdbg\xe1\xa2\xad\x9c\xda\x1e\x22\xe7\x17_\x82\
m\xda\xb5\x11MG\xab\x87$~\xaf\x8e{[\xf8\xf8\
|\xe5J\xef\xb2\xb2\xde\xea\x95\xba\xa8\xac\xf1q\xe9\x92\
`\xae\xee.\x8d\xe9'\x17\xaa\xc2\xe7\x98\x87\xa5\xa7\xb0\
\xb5a\xdd&\xba4[\xa7\xa0y^i&\x8eTW\
,\xd3\xe4\xf6\x96k\x15-\xb7\xfc\x96$\x97\x9d\x8b7\
\x83N\xa8\xe2\xaa\x9a\x93\x0a1\xc6DF\x92\xa4$\xe9\
\xe2!\x86\x81i\x96\x86\xbd\xbb;\xf2X\x9a\xa28\x06\
F\x18\x0c2\x86 b\x08\x22\x84\x10B\x88\x11\x10B\
\xc8\x88\x08\x8dLU\x1d2\x8cvT`I\xd0Z\x08\
\x07mB\xc3Q\x0dU\xd5\xe0\xb3g\x1cc\x89\xea\xe7\
\x80\xa3\xb8/\x07z\x1fwI!=\x1cHO\xf5\x08\
\xf4\x8a\x1f,\xb2\xc2\x05c\xfa\xa9#\xe4(\x9c,?\
\xe0\x12k\xc1\xd1_\xe0\xdeV,17n\xa4E\xf5\
\xf4\xc7\xdb;\xe2\xfd\x16\xf9\xd2\xab!Z\xdd\x95{6\
\x9e1\xaf\x15\x9f\xa5\xfd\x99\x1d\xbdo\xcep\xab\x22\xb1\
x\x05\x7f\x17n%\xf0\x95\xee\xf0dAw\x07\xcd\xfd\
\xd8FEi\x8b5\xe0\xbb\x89\x81\xa2\x80G\xd4q\xa0\
\x9eb\xdb\xd1\xa0\xd7\xb9\xd6\x83\xb1\x5c\x1eg\xd4\xfdx\
5\x0d\xda\xb4\xeb\xa3\xac\xa4\x1d\xb3'Ro\xc6\x89'\
\x83\xe9/\xa55\x83DE7\xd0\xaa1\x00\xe5!\xc3\
`p\x87\x9a{\xf6N\x1c\xe6a\x0c\xff\xa8\xf6X\x04\
-0\xb1\x91\xf8\x81\x86<\xe2\xc0\x01D\xe49R\x11\
ZI\xf19\x8b\x8e~\x8c\x88^=\xce\xe5\x91\x1d\xda\
\x5c\x8a\x9a\x92\x92\xb0\x97Bm\x93E\xad\xa0\x22\x82\x13\
\xa1\x99\x03\xd8D\xb7\xb9\x81d\xcb\xf3\xaf\x8e\xd2\x18!\
\x16{\x22\xc8\xae\xff\xd7\xd7\xa3\xa0\xbbk\x05\xc7\xcf\x17\
\xac\xad\xfax\x85\xe1\xc7\x82\x16\x0c\x06\xf8M\xe5\x12\xae\
z\xe6)x\x0b\x97\xbf\xdf\xc0u\x1ao\xfc;\x06\xde\
U\xb20L\xf2\x99\xd2\xbe{\xa8+\x94\xec\xbc\xd2\x80\
\xe5\xd1_wY\xc4\x8c\xcb\x9f\x98b\xe2\x10\x8d\xcay\
S\x02\x02\x19\xebC\xcd8HN\xd6\xd5{\x11\xf8\xb7\
\xb6\x86\xd2D#,?\xb9\xc2\xce\xe8\xdd\x5c\x16C\x8d\
\xd9C*\xe7$\xb9\xf4\xb3\x1fd\x00j\x80{\xd9\xf6\
!\xdbVz\x137c\xb0u\x96\x99\xfaTB\x08^\
4\x1f\xe7\x8b+\x96\x1e\xb2\x96\x81`\xd6]\x86\x90\x93\
;\xb9%Q\xe9\xd6 \x90NvH\xeb#\x12\x86\x05\
8\x8bQoTd0\x01\x87\x05,\xee\xfa\x8dV\x0c\
\xda\xfd\x81\x8e\xb4\x88\x17\x89\x84\xf6\x96\x82}\xfd\xc8\x1d\
t\x0d\xdecE\xb1\xef\xb4\x8b\x14%\xce\x22f\xd6Z\
\xeac,\xc0\x0e'P\x18\x1aTw\x0bQ\x00^p\
\x02\x9c6\xa3\x16c.T)k\xe4\x905T]\xdc\
\x18\x02\xab\x01\xc4\xa3\xa5\xcb\xab\x90\x18LC\xb7\xd8\xc3\
M<\xceC\xf6\xac\xfb\xf4\xa2\xbd\x14]\x1e\xa4\x94\x15\
\xfd\xe4R\x06\xe8zX\x06\xf0)2\x1e6\xdeR+\
I\xdc\x89w\xfd\x9c\x11\x88\x10\xd9~\x11\x99-u\xe7\
b,\x81o&\xe6JH\x86\xca\x83\x8b\x90\x96\xa0\x95\
j@\xb4't\x92\xcd\x07+L\x80\x8c\x1a\xd3\x07\xa1\
\x9e\xc5\x17kn\xc1\x9e{Y\x9f\xd2\xdf\xf0\xb1\xa8\x18\
L\xc5Wb\x8c\xe8\x10?\xfbG\xbdn\xe1\xbb\xe2^\
C-\xa1\xdd\x04\x87\x93\x1a\x96\xd7n$$\x99@\x0c\
Q\xc4\xd6\xfb\x9f\xfbD\xd4\x9b\xa6\xd9\x5c\x86K1\xe6\
\xb0O/8O\xa7\x9a/\x0f\x94\x1d\xa09M\x90\xfc\
\xcd\x16\x86\xf0\xde)Jl:\xa3\x96<\xc34kJ\
}\xd1\xe2.\xb4Fd\x16] \xac\x95\xd1\xf27\xca\
\x5cZ\xf2\x0d\xd9\xd81\xfe\x7f/=\xbd\xc7^um\
\x10\xc8!\xf2\xb1\x9a\x1c\x02\x5cN\xa3)\x9c\xfb5D\
e\xcex\x80\x82\xb4\xb0\xbcf\x9e\xe5\xb0\xb6\xec\xa8\xd9\
\xa9\xf8\xc1\x87\x0f\xb2\x04\x0c\xca\xf5\xa5\xdd\xc6A\xef\xc5\
C!B\x8d \x13\xffy\xf8~C/\xbdLQ\xfe\
\x0e\x11H5\xe9~\x7f\xd4\x94\x89\x10\xc46\x07\x89\x84\
C6T\xc1'|\x86j\x8f\x8ci$\xf3\xc4)[\
/\xab\xf2\x90\xbd\xc4y=\xf8\xa7/0\x99N'\xb8\
\xfd\xbcQ\xfb\xae\x84\xfd\xb1D\xf1\x09\xa9e8\x02\x5c\
\x17KF\xc3\xab\xcc\x8b\x8f}\x81U\x12\xef\xe6\xc7\x14\
\xd7\x967\xdc%; \x95cV\xa9,ak7\x87\
i\xa28p\xda\xfb\x83F\xbf\x9c\xd0\xcb\xc1|&:\
\x5c\x1f\xda\xae\xc9\x97\x96\x86\xd2~\xb1Gy\xdd\xca\xd8\
\x12r\xa4\x8c\x1a\xa4Bd\xd7\xa0\xba\xe3i\xa4g\xa4\
7\x82a\xd8\x08\xcf\xd0\x0e\xb7\xe2w%V\xb5\xb3j\
\xf3Xj\x94\xae\x91\x93\xa9|\xd4\xf3J\x09\xc9m\xa1\
l\xdb\xe2\xa9!\xb06\x94i\xa8^\xb8i&\x16\xa4\
\xd9\x85\x95\xc2\xd7m\x01\xa1f`eHQ\xb9V\x01\
\x97\x01\xa5\xd2\xd6\x9f\x09'\x9d\xb7\x0a>P\x08\xe6\xb7\
T(\xa6ii\xb9\x22\xec\x1cJ,\xff)\xc3\xe7<\
\xb9\x04&(\x15\xb7)\xac\x92\xe47\xe8\xb8\x17\xd5Z\
S\x12\xd4\x19\xe0m\xcc\x8a\xa0;M\x83Z\x00\x17\xf3\
\x96\xe0g\xc4\xbc\x87\x05\x09\xcb9\x04\xb3\x8f3\x19R\
\xae\xf2\x08\xde\xe8\xf5\x7f\xc6#\x9c\x99\x0c)\xa3`\xf7\
C\x05\x1a\xe0\x0a\xaebcAGCzb\x22-\xea\
B\xa3\xe3\xaa\x0a\xf2\x07\x87N\x80\x12\xf4kK\xa4\x86\
56\x01\x9b\x97\xaf\x0f'.\xce\x91\x1e\x12\xa1\xb0K\
\xcb\xbd\xe5\x06@\x903/\x84\xf7#DMs\xc0\xdb\
\x9a\x1a3\x8c\xf5l\x901\x80\xfcQ\xf3:J6\xff\
\xb4c\x06\x1d{\xe1[\xb9\x80\xc2r\x12M\x12BB\
\xb2z\x816\xf3\xc7Y\x1e\xdb\x19vO\x0a\xd1\xbb\x8c\
=Ov\xc8\xc9\x99\xbdh\x93\x81YH\x95\xcf\xc8=\
K\x18>F\xd7\xb1\xe9&\x01J>\xe4\xb3\x8a\x91p\
5\xa7<\xca\x00\xf4\xc7|W<`g\xadjf\x17\
\xa6pL\xb2\xb7t\xe2\x1e\xedr\xe3\xd20t\xbf\x9b\
A\x1f\xe5\xc6\xcf\x97nw\x8e|\xc5{\x8e\xa6f}\
k\xab\xe2^\xe3\x87y\x13\x1c\x1e\x04\xdfw`\xe3\xb8\
A\xbb\x159\x95\xe8\xbex\xcey\xba;\x94P\xe4\x1f\
\xbfR\x9f\xfc\x07\xeb\x5c|m\x98\xb7\x10V\xe5\x09\x99\
\xe7y^\x9a<\xa1\xf0\x1e\xf2G\xc5\x00\xa9q\xc8\x10\
|\xfb\xaa\xca\x1bU\xa5Z\x88oD\xc9\x18\x05J\xca\
OZ\xa1a\xf0+\x09\xf7\x01\xe9\x13\xcdh\x84\x86\x03\
\xbb\xb5\x17\xc4\x8dF\x1bT$\x0fNAb\x82K\x1a\
\x9c3y\xd6\x907\x85\xdas*\xd4\xa9{:a\x22\
\x8d\x87\xfe\xe96K@\x8b$\x7f\x84$\xd4{\x8e\xc9\
1\x0f\xee\xe7\xcd\xbf\xef\x94{\xdf&K\x13\x84\xa1\xeb\
\x0fd79\x97q\xfa\xd6\x95\xb2@\xfaz\xca\x0b\x8a\
+\xb3\x86\x12\xef\xf2\x82\xe4qW\xd0Y\x82\xb2B5\
\xaawS&:6\xe4\xb4\x12%\x92\x1eV*z\x9d\
\x88m\x92,\xf0\x89\xce7\x9b\xa8\xef\xa8 \xd5\xbaH\
\xbb\x03\x97\xa2\x186\x1e\xd4:\xb8\xe3DXQ\x8e\xad\
RRy\x09\x8be\x0dc\x13\xb7\x8d$\x87\x7f\xe9\xcf\
a6y\x8b\x1d_-Od\xe4w'WD\x8eE\
\x08\xe4\xc4\xa5x\x0dS\x1aR\xf7\xba\x98#\x1e\xe6\xcd\
]L}l\x5c\x22\xa5\xc7u\xca\x0cX\xb7%\x84\x9a\
\xee\xf8\x90\x15@\x0bIi\x0b\x0cFv0\x09\x0f\x13\
\xbc\xe1k[\xdb#\xdf\x02\x9b\x0a\x8a=)\x83\xbc\x12\
\x11\x88Y\x9a\xc5\xe0'{\x03\xd3oI\xc7|\x12\x82\
\xe0\x0e\xff\x01\xd2\x00D|\x13\xf6p\xa2\xfb\x99\xfb\xb7\
\x05_\xb6\xb1\x827\x97\xf7\xa9'\x0e\xe6\x10\xa0D\xe9\
V\xd2\x05\xe3\x18\xe0\xc3\xe3\xfd\x9d\xa5\x8f\x85J&\xda\
\xc0\x9bt\xcc\x02*\xee\x9e\xc8UqYTZm`\
2\x9f\x07\x09F\xdaQzzn\x1e\x8c!\x0e7[\
\xed\xb9\xa9\xd5\x04}@H\x7f\xda\xe2\xcf\x88\xd4ST\
\x90\xa3\xcfO\xd5\x8d\x9d\xfe\x91\xb7cQX\xef=\xbb\
\x04\x8b\xe7\xddL\x0e\x1bd\x15 \xa1\xe7<l\xc6\xd8\
\x81^l\xfd\xc1\xba\x80\xa5\x04\x91d\x87\xe2\xef\xc3B\
h\xa8\xcd\xfeR\x10\x0f]\xd8\xf0\x86I@\x8b\xddD\
GH\xf9\xa1\x0d\x1a\x1a\x93\xde \x9aBp\x10\xad7\
\x08-\x85\xe8\x04\x02r\x15k'\x80ao\x96\x0eA\
\xfb\xfc9\xc1\xdc\x074a\x82C\x18t\x10\xcc\x09\xda\
\xba\xef\x97Q>=\xe8>\x8b\x15\x97\xa1\xb1\x08\xefb\
\x91\x1b\xa6\x95\xdd\x5c\xe0\xe5\xee,\xbf\xc8x\x0b\x1a\xff\
\xecv\x1d\x1f.Y\xad\
"

qt_resource_name = b"\
\x00\x05\
\x00o\xa6S\
\x00i\
\x00c\x00o\x00n\x00s\
\x00\x0b\
\x04\xe6\x95S\
\x00e\
\x00x\x00t\x00r\x00a\x00-\x00i\x00c\x00o\x00n\x00s\
\x00\x11\
\x097\x85'\
\x00p\
\x00y\x00t\x00h\x00o\x00n\x00b\x00a\x00c\x00k\x00e\x00n\x00d\x00.\x00s\x00v\x00g\
\
\x00\x15\
\x03p\x90\xe7\
\x00m\
\x00e\x00n\x00u\x00_\x00n\x00e\x00w\x00_\x00s\x00e\x00p\x00-\x00d\x00a\x00r\x00k\
\x00.\x00s\x00v\x00g\
\x00\x0f\
\x02h\xd5\xc7\
\x00r\
\x00e\x00m\x00o\x00v\x00e\x00_\x00i\x00t\x00e\x00m\x00.\x00s\x00v\x00g\
\x00\x12\
\x0a\x82\x93\x07\
\x00J\
\x00u\x00p\x00y\x00t\x00e\x00r\x00C\x00o\x00n\x00s\x00o\x00l\x00e\x00.\x00s\x00v\
\x00g\
\x00\x0b\
\x0f\xc0[\x87\
\x00i\
\x00p\x00y\x00t\x00h\x00o\x00n\x00.\x00s\x00v\x00g\
\x00\x1c\
\x09\xc1f'\
\x00a\
\x00d\x00d\x00-\x00v\x00e\x00r\x00t\x00i\x00c\x00a\x00l\x00-\x00c\x00u\x00r\x00s\
\x00o\x00r\x00-\x00d\x00a\x00r\x00k\x00.\x00s\x00v\x00g\
\x00\x16\
\x0c\xf2\x12\xc7\
\x00o\
\x00v\x00e\x00r\x00f\x00l\x00o\x00w\x00-\x00m\x00e\x00n\x00u\x00-\x00d\x00a\x00r\
\x00k\x00.\x00s\x00v\x00g\
\x00\x19\
\x04bz\xc7\
\x00r\
\x00e\x00m\x00o\x00v\x00e\x00_\x00m\x00a\x00n\x00y\x00_\x00s\x00p\x00e\x00c\x00i\
\x00f\x00i\x00e\x00d\x00.\x00s\x00v\x00g\
\x00\x14\
\x02\xccF\x07\
\x00l\
\x00i\x00s\x00t\x00-\x00r\x00e\x00m\x00o\x00v\x00e\x00-\x00d\x00a\x00r\x00k\x00.\
\x00s\x00v\x00g\
\x00\x1c\
\x0f\xcc1'\
\x00o\
\x00v\x00e\x00r\x00f\x00l\x00o\x00w\x00-\x00m\x00e\x00n\x00u\x00-\x00r\x00i\x00g\
\x00h\x00t\x00-\x00d\x00a\x00r\x00k\x00.\x00s\x00v\x00g\
\x00\x0a\
\x0c\x99Q\xe7\
\x00i\
\x00n\x00s\x00e\x00r\x00t\x00.\x00s\x00v\x00g\
\x00\x11\
\x03\xe2 \x87\
\x00o\
\x00v\x00e\x00r\x00f\x00l\x00o\x00w\x00-\x00m\x00e\x00n\x00u\x00.\x00s\x00v\x00g\
\
\x00\x17\
\x09\x99\x87\xc7\
\x00a\
\x00d\x00d\x00-\x00v\x00e\x00r\x00t\x00i\x00c\x00a\x00l\x00-\x00c\x00u\x00r\x00s\
\x00o\x00r\x00.\x00s\x00v\x00g\
\x00\x1b\
\x09{4g\
\x00o\
\x00v\x00e\x00r\x00f\x00l\x00o\x00w\x00-\x00m\x00e\x00n\x00u\x00-\x00l\x00e\x00f\
\x00t\x00-\x00d\x00a\x00r\x00k\x00.\x00s\x00v\x00g\
\x00\x19\
\x08\xcf\xb4\xa7\
\x00t\
\x00o\x00o\x00l\x00s\x00-\x00w\x00i\x00z\x00a\x00r\x00d\x00_\x00m\x00u\x00l\x00t\
\x00i\x00p\x00l\x00e\x00.\x00s\x00v\x00g\
\x00\x0e\
\x06N\xa7\xc7\
\x00p\
\x00a\x00i\x00n\x00t\x00-\x00n\x00o\x00n\x00e\x00.\x00s\x00v\x00g\
\x00\x10\
\x0f\x161g\
\x00m\
\x00e\x00n\x00u\x00_\x00n\x00e\x00w\x00_\x00s\x00e\x00p\x00.\x00s\x00v\x00g\
\x00\x0f\
\x020\x86g\
\x00l\
\x00i\x00s\x00t\x00-\x00r\x00e\x00m\x00o\x00v\x00e\x00.\x00s\x00v\x00g\
\x00\x0f\
\x00\x84\xd5G\
\x00r\
\x00e\x00m\x00o\x00v\x00e\x00_\x00m\x00a\x00n\x00y\x00.\x00s\x00v\x00g\
\x00\x17\
\x0a3?\xa7\
\x00o\
\x00v\x00e\x00r\x00f\x00l\x00o\x00w\x00-\x00m\x00e\x00n\x00u\x00-\x00r\x00i\x00g\
\x00h\x00t\x00.\x00s\x00v\x00g\
\x00\x0f\
\x0b!|\xe7\
\x00i\
\x00n\x00s\x00e\x00r\x00t\x00-\x00d\x00a\x00r\x00k\x00.\x00s\x00v\x00g\
\x00\x14\
\x092\x08\x87\
\x00J\
\x00u\x00p\x00y\x00t\x00e\x00r\x00Q\x00t\x00C\x00o\x00n\x00s\x00o\x00l\x00e\x00.\
\x00s\x00v\x00g\
\x00\x18\
\x0eW\xb5'\
\x00o\
\x00f\x00f\x00i\x00c\x00e\x00-\x00c\x00h\x00a\x00r\x00t\x00-\x00s\x00c\x00a\x00t\
\x00t\x00e\x00r\x00.\x00s\x00v\x00g\
\x00\x16\
\x0f\xab\x15\xc7\
\x00o\
\x00v\x00e\x00r\x00f\x00l\x00o\x00w\x00-\x00m\x00e\x00n\x00u\x00-\x00l\x00e\x00f\
\x00t\x00.\x00s\x00v\x00g\
\x00\x1d\
\x07H\xa0g\
\x00o\
\x00f\x00f\x00i\x00c\x00e\x00-\x00c\x00h\x00a\x00r\x00t\x00-\x00s\x00c\x00a\x00t\
\x00t\x00e\x00r\x00-\x00d\x00a\x00r\x00k\x00.\x00s\x00v\x00g\
\x00\x1e\
\x0f\x97\xa0G\
\x00t\
\x00o\x00o\x00l\x00s\x00-\x00w\x00i\x00z\x00a\x00r\x00d\x00_\x00m\x00u\x00l\x00t\
\x00i\x00p\x00l\x00e\x00-\x00d\x00a\x00r\x00k\x00.\x00s\x00v\x00g\
\x00\x13\
\x08\xb1\x9d\xc7\
\x00r\
\x00e\x00m\x00o\x00v\x00e\x00_\x00m\x00u\x00l\x00t\x00i\x00p\x00l\x00e\x00.\x00s\
\x00v\x00g\
\x00\x12\
\x0d\xd4\xbb\xe7\
\x00I\
\x00P\x00y\x00t\x00h\x00o\x00n\x00C\x00o\x00n\x00s\x00o\x00l\x00e\x00.\x00s\x00v\
\x00g\
"

qt_resource_struct = b"\
\x00\x00\x00\x00\x00\x02\x00\x00\x00\x01\x00\x00\x00\x01\
\x00\x00\x00\x00\x00\x00\x00\x00\
\x00\x00\x00\x00\x00\x02\x00\x00\x00\x01\x00\x00\x00\x02\
\x00\x00\x00\x00\x00\x00\x00\x00\
\x00\x00\x00\x10\x00\x02\x00\x00\x00\x1c\x00\x00\x00\x03\
\x00\x00\x00\x00\x00\x00\x00\x00\
\x00\x00\x03X\x00\x00\x00\x00\x00\x01\x00\x00\x86\xad\
\x00\x00\x01\x9e\xb2\x97\xef\xb1\
\x00\x00\x034\x00\x00\x00\x00\x00\x01\x00\x00\x85F\
\x00\x00\x01\x9e\xb2\x97\xef\xac\
\x00\x00\x00\x84\x00\x00\x00\x00\x00\x01\x00\x00\x15\x8e\
\x00\x00\x01\x9e\xb2\x97\xef\xb0\
\x00\x00\x01\x96\x00\x00\x00\x00\x00\x01\x00\x00Rl\
\x00\x00\x01\x9e\xb2\x97\xef\xc9\
\x00\x00\x00T\x00\x00\x00\x00\x00\x01\x00\x00\x10\x9a\
\x00\x00\x01\x9e\xb2\x97\xef\xc9\
\x00\x00\x02\x1c\x00\x00\x00\x00\x00\x01\x00\x00e;\
\x00\x00\x01\x9e\xb2\x97\xef\xaf\
\x00\x00\x01^\x00\x00\x00\x00\x00\x01\x00\x00Dg\
\x00\x00\x01\x9e\xb2\x97\xef\xb1\
\x00\x00\x02\xec\x00\x00\x00\x00\x00\x01\x00\x00\x81\x92\
\x00\x00\x01\x9e\xb2\x97\xef\xaf\
\x00\x00\x04j\x00\x00\x00\x00\x00\x01\x00\x00\xb2\x84\
\x00\x00\x01\x9e\xb2\x97\xef\xad\
\x00\x00\x04\xec\x00\x00\x00\x00\x00\x01\x00\x00\xc2$\
\x00\x00\x01\x9e\xb2\x97\xef\xb2\
\x00\x00\x02\xb4\x00\x00\x00\x00\x00\x01\x00\x00w^\
\x00\x00\x01\x9e\xb2\x97\xef\xb2\
\x00\x00\x03\xd4\x00\x04\x00\x00\x00\x01\x00\x00\x9c\xa3\
\x00\x00\x01\x9e\xb2\x97\xef\xaa\
\x00\x00\x00,\x00\x04\x00\x00\x00\x01\x00\x00\x00\x00\
\x00\x00\x01\x9e\xb2\x97\xef\xb0\
\x00\x00\x02x\x00\x00\x00\x00\x00\x01\x00\x00q\xd5\
\x00\x00\x01\x9e\xb2\x97\xef\xc9\
\x00\x00\x02D\x00\x00\x00\x00\x00\x01\x00\x00l\xf7\
\x00\x00\x01\x9e\xb2\x97\xef\xc8\
\x00\x00\x00\xee\x00\x00\x00\x00\x00\x01\x00\x006\xc6\
\x00\x00\x01\x9e\xb2\x97\xef\xab\
\x00\x00\x03|\x00\x00\x00\x00\x00\x01\x00\x00\x927\
\x00\x00\x01\x9e\xb2\x97\xef\xae\
\x00\x00\x00\xa8\x00\x04\x00\x00\x00\x01\x00\x00\x1e\xd8\
\x00\x00\x01\x9e\xb2\x97\xef\xaa\
\x00\x00\x03\xb0\x00\x00\x00\x00\x00\x01\x00\x00\x94\x1b\
\x00\x00\x01\x9e\xb2\x97\xef\xc9\
\x00\x00\x02\x02\x00\x00\x00\x00\x00\x01\x00\x00\x5c\xb7\
\x00\x00\x01\x9e\xb2\x97\xef\xc9\
\x00\x00\x01,\x00\x00\x00\x00\x00\x01\x00\x00;\xa6\
\x00\x00\x01\x9e\xb2\x97\xef\xc9\
\x00\x00\x05\x18\x00\x04\x00\x00\x00\x01\x00\x00\xcd\xd1\
\x00\x00\x01\x9e\xb2\x97\xef\xa9\
\x00\x00\x04\x02\x00\x00\x00\x00\x00\x01\x00\x00\xab5\
\x00\x00\x01\x9e\xb2\x97\xef\xad\
\x00\x00\x03\x0e\x00\x00\x00\x00\x00\x01\x00\x00\x83\xd0\
\x00\x00\x01\x9e\xb2\x97\xef\xad\
\x00\x00\x04\xaa\x00\x00\x00\x00\x00\x01\x00\x00\xb7\xa7\
\x00\x00\x01\x9e\xb2\x97\xef\xc9\
\x00\x00\x048\x00\x00\x00\x00\x00\x01\x00\x00\xb0X\
\x00\x00\x01\x9e\xb2\x97\xef\xae\
\x00\x00\x00\xd2\x00\x00\x00\x00\x00\x01\x00\x00-j\
\x00\x00\x01\x9e\xb2\x97\xef\xab\
\x00\x00\x01\xc4\x00\x00\x00\x00\x00\x01\x00\x00Wv\
\x00\x00\x01\x9e\xb2\x97\xef\xc9\
"

def qInitResources():
    QtCore.qRegisterResourceData(0x03, qt_resource_struct, qt_resource_name, qt_resource_data)

def qCleanupResources():
    QtCore.qUnregisterResourceData(0x03, qt_resource_struct, qt_resource_name, qt_resource_data)

qInitResources()
