# Resource object code (Python 3)
# Created by: object code
# Created by: The Resource Compiler for Qt version 6.11.1
# WARNING! All changes made in this file will be lost!

from PyQt6 import QtCore

qt_resource_data = b"\
\x00\x00!\x8b\
\x89\
PNG\x0d\x0a\x1a\x0a\x00\x00\x00\x0dIHDR\x00\
\x00\x00\xa1\x00\x00\x00\x84\x08\x02\x00\x00\x00wR\xdcd\
\x00\x00\x00\x09pHYs\x00\x00\x0e\xc4\x00\x00\x0e\xc4\
\x01\x95+\x0e\x1b\x00\x00 \x00IDATx\x9c\xed\
}yT\x14W\xf6\xff}U\xdd\x0d4\x8b\x08B\x00\
\xc1\xa0\x22\x0a(\x8a\x9a\xb8\x10\xa3I\x8cbN2\x1a\
\x1d\xe2\xc2\xf9\x99c4f\xa2Y49q\x99\xe1k\
r\x8cQ\xc3L\xd4\xb8\xccd9\x8c\x89\x99(\xae1\
\xc6\xdd\x8cb\x8e\x0b\xa0(Q#\x8a\x22\x1a\x84\xb0#\
\xb4\xdd@wU\xdd\xdf\x1f7\xfd\xa6X\x92\x00\xd2P\
(\x9f\xd3\xa7OuW\xf5\xab\xd7\xefS\xf7\xbe\xfb\xee\
\xbd\xef=\x86\x88\xd0\x81\xfb\x1aB[W\xa0\x03\x0e\xc7\
\x03\xca\xb1\xa2(\x00\xa0\xd6a\xf4\x0d\x01\x11\xf9)D\
T\x14E}\xb6Iw\xa1r\xd4\x056\xaf\xa8{\xc1\
\x83\xc81\x22\x0a\x82\x00\x00\x8c1jqEQ\x18c\
t@\xc7\x8c1b\x85\xbe\x17\x04\xa1\x91\x9d\x1a\xdaA\
\x1f\xf9-8\xa8\xc0\xd6\xc4\x83\xc81\x81\xe8\xe4dS\
\xd3s\x02\x88'Y\x96\xe9\x81h\xbc\xd5\xc2\x1f\x0e\x00\
\x10\x04\x81n\xd1\xfa\xbc\xd6\xaa\xd2\x03hs\x11\x7fD\
FII\x89Z^EQ\xd4\xeb\xf5nnnD\x0f\
]C\xef\xf444\xe9\x16\x00PRR\xe2\xee\xee\xee\
\xe2\xe2\xc2U\x05\xb4\xbe(\xe3\x03\x8c\xc2\xc2\xc2\xa8\xa8\
(\xbd^/\x08\x82(\x8a\xf4\x1e\x12\x12\xb2v\xed\xda\
\xfc\xfc|D\xb4\xd9l\x88(\xcb2\xf5\xac\x8d\x81l\
\x07\x95\xdf\xb7o\xdf\xf3\xe7\xcf\xd3)I\x92\x1c\xf3?\
\xfe\x00\xbaV}\xa04\x03R\xa1NNN\x15\x15\x15\
}\xfb\xf6\x0d\x08\x08\xb0Z\xad:\x9d\x0e\x11/_\xbe\
\xfc\xc6\x1bo\x1c>|\xf8\xeb\xaf\xbfvss\x03\xbb\
\xca\xc5\xc6\x892]\xf3k\xe3\xeat\x95\x95\x95&\x93\
\x89N\xb5\x95\xc6~@9&&jjj\x04Ax\
\xfb\xed\xb7ccc\x89EEQ233\xc7\x8f\x1f\
\xbfw\xef\xdeK\x97.\x0d\x1f>\x1c\x00dY\x16E\
\xb1I\xe5\xa3\xbd/\x17E\xd1`0\x80\xfd\xa9\xa2\xef\
u\xbaVmv\xadp\x8c\x8a\x0c\x8cY\x19s\xb21\
E\xa7\x00\xca\x8c\xe9\x9bS\x0e\xc8\x02\x8a(#\xeaQ\
FE\x0f\x02\xa2\xc0j\x8b\x1f\x22\x92\xb9\xab\xd3\xe9\xe8\
]\xaf\xd7\xf3\xef\x07\x0d\x1a\xb4z\xf5\xea\xc9\x93'\xa7\
\xa7\xa7\x0f\x1b6\x0c\x00\x04A(..>w\xee\xdc\
\xdd\xbbw\xbd\xbd\xbd\xa3\xa2\xa2<<<xi6\x9b\
-;;;??\xbf\xb2\xb2R\xaf\xd7\x07\x05\x05\xf5\
\xee\xdd\xdb`0\xe8t:n\xab#\x22\x00\x98\xcd\xe6\
+W\xae\x98\xcd\xe6\x01\x03\x06\xa8Kp8\xda\xa4\x87\
h\x00R\xb5\x826D\x19m\x8a\x8cV\x1bV\xa3\x82\
\xcdx\xd5(VTdD\xab\x8cVTl\xa8\xd8d\
\xc5V\xe7V\xbcs-))\x09\x0e\x0eNJJR\
\x14\x85\xc4\x8e\xba\xd2c\xc7\x8e\x01\xc0\xaaU\xab\xe8\xe2\
\x9c\x9c\x9c\x01\x03\x060\xc6\xc2\xc2\xc2\x8cFcHH\
\xc8\x81\x03\x07x\xa7\xbbf\xcd\x1a\x00\xf0\xf2\xf2\x1a<\
x\xb0\xbb\xbb;\x00\x8c\x1f?\xbe\xbc\xbc\x5cQ\x94;\
w\xee\xf4\xe8\xd1\xe3\xd4\xa9S\x88XQQ1e\xca\
\x14\x00\x986m\x9a\xc9dj\xcd\xa6\xd5\x0a\xc72*\
U\x88\x0a\x22\xca\x0a\xca\x92\x82\x88hm\xc6KBD\
\x19Q\xb1\xca\xa8X\x10\xab\x90\x0a\xad\x05\xe2X\x96\xe5\
\xd2\xd2\xd2>}\xfa|\xf3\xcd7\xf4Q\x92$EQ\
$I\x9a;w.\x00\xec\xd8\xb1\xc3f\xb3UWW\
O\x9f>=,,,--\xad\xa8\xa8\xe8\xe0\xc1\x83\
\x00\xd0\xb5k\xd7\xbc\xbc<D,--\x0d\x0e\x0e\x9e\
?\x7f\xfe\xc5\x8b\x17o\xdf\xbe}\xe6\xcc\x99\xa8\xa8(\
\x008}\xfa4\x22\x16\x16\x16\x06\x07\x07\xd3\xf1\x96-\
[\x00`\xc6\x8c\x19\xa5\xa5\xa5\x8d\xb7\xe0Z\x04Z\xd1\
\xd5\x82\x22\x1b@W\x04\xe5\xdfb\xea9\xb8%\xc8\xee\
\x00\x15\xcd)\x08\xbb(\xec\x0eC\xf9\xcfl\xe8S\xd0\
_\x06\x86La\xb5\xdd\x00|D\x04\x00555I\
IIYYYV\xabU\x10\x04\x8b\xc5\x92\x95\x95\xb5\
s\xe7\xce\x98\x98\x98\x91#G2\xc6V\xaf^\xfd\xd5\
W_\xed\xdb\xb7o\xd0\xa0A\x82 <\xfd\xf4\xd3\xc9\
\xc9\xc9\xb1\xb1\xb1\xfb\xf6\xed\x9b5k\xd6/\xbf\xfc2\
s\xe6\xccw\xdeyG\xaf\xd7\xcb\xb2\x1c\x10\x10\xf0\xfe\
\xfb\xef?\xfb\xec\xb3\xb7n\xddz\xf4\xd1G\x0d\x06\x03\
\xf5\xc1\xfb\xf6\xed[\xb7n\xdd\xee\xdd\xbbcbb\xf4\
z}+\x1b_Z\xe1XB+2\xfc/d\xbc\x22\
\x8d\x03\x1d@\xb3\x07\xed\xf6\xd6\xbb,/\x18\xa9\x0f\xd7\
\xd9\x0c\xb2\xa8\x88\xb5;dN0\x00\x88\xa2x\xe1\xc2\
\x85\x9f\x7f\xfe\x991&\xcb\xb2\xd1h\xec\xd9\xb3\xe7\x89\
\x13'\x86\x0c\x19\x02\x00\xe5\xe5\xe5\xfb\xf6\xedC\xc4\x93\
'O\xfe\xf4\xd3O\x88(\x08BMM\x8d\xc1`\xb8\
|\xf92\x22FDD\x84\x85\x85\xe5\xe4\xe4\x94\x97\x97\
\x97\x95\x95\x9d8qb\xd7\xae]\xa2(\xdal6\xea\
\xf2\x0d\x06\xc3\xfc\xf9\xf3SSSg\xcc\x98\xf1\xdcs\
\xcf\x09\x82@\x1a\xbe5i\xd6\x0a\xc7\xa2hD\x05B\
Y \x88c@9\x0c\xec\x7fl5\x0d\x0a\xd0o\x87\
\x0a\xdduh\x00\x00\x10\xea\xfeGj}\x1a\x11\x01\xc0\
\xc2\x85\x0b'M\x9ad\xb1XDQ\xd4\xe9t\xce\xce\
\xce\xa2(\x12\x07&\x93\xc9j\xb52\xc6V\xacX\xc1\
]\x92:\x9dN\xa7\xd3UWWS\x09III\x8b\
\x17/\xce\xcf\xcf\x97$\xc9\xc7\xc7\xa7w\xef\xded\x87\
\xd3\x03a\xb5Z\xd3\xd2\xd2F\x8d\x1au\xf8\xf0\xe1\x9c\
\x9c\x9c\x1e=z4\xd5D\xbfwh\x85cT\x10\x18\
\xf4\x83\xe0\x12a\xfb\x1d\xbc[-H\xba\x06H\xfe\xe3\
\xe1)c2\x22\xd31\xbd\x0f\xf3\x00\x04\x14\x81!B\
CBC\x1c(\x8ab4\x1a\x8dF#\x0d\x85\xeb\x5c\
\xe0\xea\xea\xea\xe2\xe2\x82\x88g\xce\x9c\xf1\xf7\xf7G\xfb\
\x10\xd9l6\x93y\xb5c\xc7\x8ew\xdf}w\xc9\x92\
%\xa1\xa1\xa1\xde\xde\xde\xbe\xbe\xbe\xe9\xe9\xe9111\
\xdcG\x86\x88\x9b6m\x9a4i\xd2k\xaf\xbd6u\
\xea\xd4\x8d\x1b7FDD\xf0q\x14\xd4\xee8\x1c\x85\
\xd6\xec\xfc\x7f\x07\x12\x99B\x0a\xa2\x22\xa3\x22+(\xa3\
\x8c\xcdy)2\x99m\xa8((#\x22\xbd\xd5\x027\
\xa1\xcb\xca\xcaBBB\x92\x92\x92\xe8\x9b\x06/\xfb\xe0\
\x83\x0f\x18c\xdb\xb7oGD2\xbf\xd3\xd2\xd2\xfc\xfc\
\xfc6l\xd8 \xcb\xf2\x9f\xfe\xf4\xa7)S\xa6\xa0\xca\
\x8e{\xeb\xad\xb7\x04A\xf8\xe2\x8b/\x10\xb1\xb0\xb00\
$$\xe4\xf4\xe9\xd3\xb2,_\xb8p\x01\x00\xfa\xf7\xef\
\x9f\x99\x99I\x8e3~\xd3&\xf9\xd1\x9a\x01\x0d\xc5$\
\x90\x82}((((\x8a\xf0\xab\xbaV\xbf\x04\xe5\x0f\
_\xf4[DAA\xa6\x80\x02\x0d\xa9|\x1eJ\xa2\x86\
V{\x92\xeb_6i\xd2\xa4\x87\x1ez\xe8\xb3\xcf>\
3\x99L\x8c\xb1\xd2\xd2\xd2\xbf\xfd\xedo\x05\x05\x05\xdd\
\xbbw\x17\x04\xa1[\xb7n\xb7n\xdd\xba{\xf7.i\
\xf2\x94\x94\x94U\xabVQ\x81\x92$\x89\xa2H\xc7\x82\
 \x84\x87\x87O\x9b6\xed\xc7\x1f\x7f\xfc\xe8\xa3\x8f\x98\
\x1d\xa8\x0aO9\xaea\xb5\xa2\xab\x99\xa20& \x03\
\x85\xc8\x06`P/\xce\xda\x88\xf0\x89\xccmh\x06\x8c\
L-\xa5\xae\x8e\xe7\xfd1c\xacW\xaf^\xae\xae\xae\
\xbf\xd5\xc4\xb2,\x87\x86\x86\x1e?~|\xe5\xca\x95#\
F\x8c\xe8\xdc\xb9\xb3\xd9l\x0e\x0a\x0a\xda\xb2e\xcb\x13\
O<\x81\x88\x8b\x16-z\xe7\x9dw\x1e\x7f\xfcq?\
??Q\x14\xfd\xfc\xfc\xf6\xef\xdf\xff\xd9g\x9f\x15\x14\
\x14\x903+$$\x84:`A\x10V\xaf^\xed\xe6\
\xe6v\xea\xd4\xa9\x1f~\xf8a\xc4\x88\x11<\xecAz\
\xdbq4k%\xee\xf4\xbf?i\xaf\x0e6\xeb/3\
\xfc\xb5\x04\x85\x012\x10\xa1\x01\x8eI\x83\x01\x80 \x08\
\xd5\xd5\xd5\x06\x83\x81\xbc]u\x8a\xa2\xe7\x80;2\x8b\
\x8b\x8b\xcdf\xb3\xd1h\xf4\xf5\xf5\x05\xbb\xf7\x8aL\xe8\
\xd2\xd2R*\xe7\xa1\x87\x1e\x22k\xcbf\xb3\x91\x0b\xb3\
\xaa\xaa\xca\xd9\xd9\x99w\xba4\xfe\x96$\xc9\xd9\xd9Y\
M\xed\x03\xc11AQ\x14\x81!\x00\x03D\x10\x9ac\
s\x01\xca\x80\x0c\x80)L\x91\x99\xa8\x87\x869\xe6^\
F\xb0\xfb\xae\x1b\xae\x8c\xfd\x14?\xe6\xe6\x12\xaa\xe2\xca\
\x5c1\xf0\x8b\xd5\xc5\xd2G\x1e\xa2VW\x00\xed\x81K\
\x87\xeajmq\xac\x06\x1f\xab\xa8\x9fwu\xdf\x89M\
\x8c\xe9>\xb0\xd0J\x7f\x5c\x1f\x82 \xd8l\xb6\xfd\xfb\
\xf7\xdf\xb8qc\xec\xd8\xb1}\xfa\xf4\x01U\xe4Nm\
\xb0t\xe0\xf7\xa1\xe9\x96:t\xe8PLL\x0c\x00\x8c\
\x1a5j\xf7\xee\xdd\x9d:uR\xebL\xb5\xf6\xeb\xc0\
\xef@\xbb\xbaN\x96\xe5/\xbf\xfc\x9216p\xe0\xc0\
\xe4\xe4\xe4\xb7\xdez\xab\xbc\xbc\xbcC\x8e\x9b\x03\xc7\x0d\
\xbd\xef\x11g\xce\x9c\xe9\xd4\xa9Sbb\xe2\xdd\xbbw\
W\xacX\x01\x00S\xa6L\xb9y\xf3&\xe5\xda\xb5u\
\xed\xda\x13\xb4\xcb\xf1\xec\xd9\xb3\x07\x0c\x18`\xb5Z\x11\
\xb1\xbc\xbc\xbc\x7f\xff\xfe\x000m\xda\xb4\x9a\x9a\x1a\xee\
\xa8j\xeb:\xb6\x0fhEWSm\xc0\x9e\xb3\x9e\x9f\
\x9f\x7f\xfa\xf4\xe9>}\xfa\xe8\xf5zEQ<<<\
\xde{\xef=Q\x147o\xde|\xfd\xfa\xf5&%\xc3\
v@+\x1cs\x90%u\xee\xdc\xb9\x8b\x17/\x92\xec\
\x92\x9d\xf5\xcc3\xcf\xacY\xb3\xc6\xd9\xd9y\xd3\xa6M\
\xd8\xba\xb1\xb9\xf6\x0e\xadp\xac\xe6\x0c\x11)\xdb&4\
4\x14\x00\xc8s$\x8a\xe2+\xaf\xbc2c\xc6\x8c/\
\xbf\xfc\xb2\xa8\xa8H\xeds\xe8\xc0\xefC+\xcd\x84v\
S\x19\x11%I\xba~\xfd:\x00\xf8\xf9\xf9A\xed\xec\
\xf6\x97^z\xc9d2}\xf3\xcd7\x1d\xea\xba\xf1\xd0\
\x0a\xc7jTTT\x9c?\x7f^\x10\x04___\xf5\
|2D\x8c\x8a\x8a\x9a4i\xd2\xfb\xef\xbf\x7f\xe2\xc4\
\x89\xb6\xadd;\x82V8\xe6n[\xc6XEEE\
nnn\xef\xde\xbd\xbbt\xe9\x22\x08\x02\x05\x88\x88i\
Q\x14\xa7N\x9d\x9a\x9f\x9f\xbfp\xe1B\x8b\xc5\xd2\xd6\
\xb5n\x1f\xd0\x0a\xc7`\xd7\xc9\xb2,\x97\x97\x973\xc6\
|}}\x8dF#ON&\xa6eY\xee\xd7\xaf_\
\xa7N\x9dN\x9d:E\xfa\x1c\xecSL\xf9\x95\x1d\xa8\
\x03\xadp\xcc\x07s\xa2(\x96\x95\x95\x91Z\xd6\xe9t\
D-\xaab\xe9~~~+W\xae\x14\x04a\xe7\xce\
\x9dj5\xdea\x82\xfd\x164\xd4.\xc4%\x0d\x8e\x01\
 ,,\x0cj\xcf\xce\xa6kDQ\x9c5k\xd6\xf4\
\xe9\xd3\xbf\xfe\xfa\xeb\xca\xcaJ\xb5\xe3\xbaC\x8e\x1b\x84\
V8\xe6\xf3?\x11\xb1\xb2\xb2\x12\x00\xbc\xbd\xbdyB\
\x0c\xbd\xcb\xb2L\x07\xa2(\xbe\xf8\xe2\x8b999\x87\
\x0f\x1f\xa6\x9f\x90\xa2\xee\x1847\x08\xadp\xcc!\x8a\
bEE\x05\x00\xf8\xf8\xf8\xd4?\x05\xf6\xe9b\xc3\x87\
\x0f\x8f\x8c\x8c\xfc\xf7\xbf\xffm6\x9b\xeb\xa7Gu@\
\x0d\x0dq\xcc}\x99\x05\x05\x05AAA\x81\x81\x81X\
;;\x95\xe4U\x10\x04\x9a\x85\x16\x17\x17w\xf8\xf0\xe1\
\x84\x84\x04I\x92Z#\x83\xb5\xddB+\x1c\xa3*\xfd\
\xa5\xa4\xa4\xc4\xcf\xcf\xcf\xcb\xcb\x0bj\xc7\x89)\xbd\x8d\
/\xd9\xf1\xfc\xf3\xcf\xeb\xf5\xfa\xa5K\x97fggs\
\x93\xad\x8d\xff\x86&\xa1\x15\x8e\xb9\x08\xd2d\x93.]\
\xba\xf0\xb9\x9d\xa0\x1a\x1d\x81*1*00p\xd4\xa8\
Q\x00\x90\x99\x99I\xf4w\x98\xd6\x0dB[\x8dB\xda\
\xb8\xac\xac\xacW\xaf^...u\x0cf>{\x85\
`0\x18\x12\x12\x12\xfa\xf4\xe9\x93\x98\x98\xc8\xd3\xd0\xdb\
\xac\xea\x1a\x86V8\xe6=nuuuyyy\xd7\
\xae])\x14Ag\xd5L\x93'\x84\x0e\xfa\xf7\xef\xbf\
|\xf9\xf2\xfd\xfb\xf7\xef\xdd\xbb\x17\x1c\x9c\x89\xde~\xa1\
\x15\x8e9,\x16\x8b\xc9d\xea\xdc\xb93}\xe4=1\
\xd8\xfbcD\xa4\xf9\xff\xf4\xe5SO=\x15\x1e\x1e\xbe\
e\xcb\x16\x9b\xcd\xd6\xfa\xcb\x9b\xb5\x0bh\x88c\x1a\x1f\
\x9bL\xa6\xf2\xf2r___\xac\x9d\x05\xadN\x22\xe0\
#iDtww\x8f\x8b\x8b\xdb\xb6m\xdb?\xfe\xf1\
\x8f\x0e]\xdd \xb4\xc21W\xb3\x95\x95\x95\xb2,\xfb\
\xf9\xf9\xa9\xad0P\x99Z|I3>^\xfa\xf3\x9f\
\xff\xac\xd7\xeb\xe3\xe3\xe3\xaf^\xbd\x0a\x00\x92$A\xed\
g\xa2-\xfe\x90\x86\xa0\x15\x8e9\xc8\xa7a4\x1a\x1b\
s1\x91\xdd\xa3G\x8fi\xd3\xa6\x01@jj\xaaz\
V\x0bE\xab::imq\xac(JAA\x81\x93\
\x93\x13\x0d\x8e\xff\x10<\xe6\xf8\xee\xbb\xefFGGS\
\x12'\xa8\xc6Z\x1d\xa9\x04\xa0\x1d\x8ey\xef[ZZ\
\xea\xe6\xe6F3\xb8\x1b\xf3+R\xddAAA\xeb\xd7\
\xaf\xbfp\xe1\xc2'\x9f|\x02\x00|=\x86\x0e9\x06\
\xedp\x0cv\x9a+++\x8dFc#W)\xe3=\
\xae(\x8a\x91\x91\x91C\x87\x0e\xfd\xe4\x93O\xae]\xbb\
F\xfe\x13n\x87;\xb8\xe2Z\x87V8\xe6\x06TA\
A\x81\x87\x87\x87\x93\x93S\xe3\x7fE3H\x05A\x98\
5kVNN\xce\xdc\xb9s\xf3\xf2\xf2\xa0#k\xc0\
\x0e\xadp\x0c\x00\x8c1I\x92\x0a\x0a\x0a<==\x9b\
\xba0\x0a\xd9\xde\xcf<\xf3\xcc\xb0a\xc3\x8e\x1c9\xb2\
`\xc1\x02ZY\xa7#P\x01Z\xe3\xd8f\xb3\x99\xcd\
f\x9a\x9d\xdd\x18\xa8G\xcc\x00`4\x1a\xdfz\xeb-\
\x00\xd8\xb6m\xdb\x8d\x1b7:\x92C\x08Zi\x02\x22\
\xc9j\xb5VTT8;;7\xf2Wdp\xa9G\
\xd2\xe3\xc6\x8d\x9b:u\xaa$I'O\x9e$\x97g\
\x87\xba\xd6\x0a\xc7\xa4W\xab\xaa\xaa\x8a\x8a\x8a\x5c\x5c\x5c\
\x1a\xf9\xab\xffM\xe9\xb1\xbb\xbd\x9c\x9d\x9d\x13\x12\x12\xc6\
\x8e\x1d\xbbf\xcd\x9a\xd2\xd2\xd2\x8e\x80#h\x87cB\
UUUYY\x99\xab\xabk#\xafW\xa7\x7f\xd0\xb1\
(\x8a\x81\x81\x81\x89\x89\x89\xc5\xc5\xc5o\xbe\xf9fU\
UUG\x7f\xac!\x8e\x19cUUUf\xb3\xb9\xf1\
\xba\x9a\xff\x90\x0eHjm6\x9b\xbf\xbf\xff\xd8\xb1c\
w\xee\xdc\xb9{\xf7n\x07\xd4\xb4\x9dA+\x1c\x13=\
\x95\x95\x95w\xef\xdem\xbc\x1c\xd7\x0f41\xc6h\xef\
\x807\xdex\xc3\xc9\xc9\xe9\xf5\xd7_\xff\xe9\xa7\x9f\xa0\
v\xaf\xfc\xa0io\xadpL\xb2XQQ!\xcbr\
#\x9d\x5c\xa0\x0aW\xa8\x0b\xa1d\xa0\xa8\xa8\xa8\x8f>\
\xfa\xa8\xac\xacl\xcd\x9a5\xdc\xe7\xc5\xf3\x84\x1c\xf3'\
4\x0a\xadpL\xb2EY\xb7\x8d\xb7\xb9\x1a\x04O\xfa\
\x89\x8b\x8b\x8b\x8d\x8d\xdd\xb3g\xcf\xed\xdb\xb7\xc1\xdea\
?\x80\xa3)m\xfda\xca\xba\xbdG\x8e\xf948W\
W\xd7U\xabVu\xed\xdau\xf2\xe4\xc9\xe7\xcf\x9f\x07\
{.Q\x87\xaen\x1b\x90\xfe4\x9b\xcd\x00\xd0T\x9b\
\xab\x0e\xb8\x1c\x0b\x82\x10\x10\x10\xb0h\xd1\xa2\x94\x94\x94\
\x09\x13&\xd0\x921m\xbe\xa3V\xebC+\x1c\x13,\
\x16\x0bc\xac\x91\xce\xea\xdf\x82\xd5j\xa5\x03rb?\
\xf1\xc4\x13\xdd\xbbw\xcf\xcd\xcd=z\xf4(yE\x1e\
\xb4\x94 mq\xcc\xfb\xe3f\xabSD$W(\x8d\
\x95\x11\xd1\xc7\xc7g\xe7\xce\x9d\xc3\x86\x0d[\xbati\
nn.\xbfR\xa9\xb7\xad\xe6\xfd\x0a\x0dq\xccg:\
Q\xd6m\xf3\x0a\xa9cc\x93\x87$22r\xfb\xf6\
\xedw\xee\xdc\x998qbAA\x81\xda\x1a\xa7\x1e\xba\
e\xfe\x80V\xa1!\x8e%I\xa2-\xcd\x1a\x1f\x93h\
\x0c\xa8\x0f\xf6\xf7\xf7'\xcbk\xe1\xc2\x85\x94\xf0\x05\xb5\
W\xdf\xbc\x8f\xa1!\x8e\x11\x916>\xa2\x1d\xb5Z\x0a\
|v\xc5\xe4\xc9\x93\x05A\xd8\xb4iSzz:\x8d\
\x98\xb9i\xd6\x82\xb7\xd3 4\xf4\xf7\x14E)//\
\x07\x07\xc81\x15>p\xe0\xc0\xa4\xa4\xa4^\xbdz\xfd\
\xf5\xaf\x7f-))Q\xf7\xc7\xf7\xb7\xba\xd6\x16\xc7\xd4\
\x1f\xb7\xb8\x1cS`J\x10\x84\xd8\xd8\xd8]\xbbv\xa5\
\xa7\xa7\xc7\xc5\xc5\xd1&\x5cu<e\xf7%4\xc4\xb1\
,\xcb4\xeciY\xe5\xc9S\xba\xc87\x12\x1e\x1e>\
y\xf2\xe4#G\x8e,[\xb6\xccl6?\x089\xd8\
\xda\xe2\xb8\xaa\xaa\x0aZZW\x83\xfd\xa1\x11\xecX\xb2\
d\xc9\xc8\x91#?\xfb\xec\xb3\xf1\xe3\xc7\xe7\xe5\xe5\xd5\
I\xd1\xbd\xff|a\x1a\xe2X\x92$\xb3\xd9,\x08B\
\x8bs\x5c\x07]\xbbv\xdd\xb1c\xc7\xcc\x993\x8f\x1e\
=\xbad\xc9\x12\x00Pg\x8c\xf0|^\x87\xd6\xa1U\
\x81\x9aAAAA\xa7N\x9d\xf4z}nn\xaeC\
oD\xd9\xd7\xb7o\xdf\x1e=z4c\x8c\xef\xa9\xc9\
\xcf\xdeg+\xeajE\x8e\x11\xb1\xa6\xa6\xc6b\xb1\xb8\
\xba\xba\xb6\xac\xcdU\x1f$\xa3\x01\x01\x01[\xb7n\x9d\
:u\xea\xe4\xc9\x93\xdf~\xfb\xed;w\xee\xd0vO\
\xf7\xe1\xd2\x22m\xfd\x90\xfd\x0f\xd7\xae]\x03\x80\xe0\xe0\
`Z\x9f\xcb\xa1\x90$\x89\x0e\x0a\x0b\x0b\x07\x0e\x1c\x08\
\x00\xe4\x1bA\xfb&\xb9\x8e\xae@kB+r\x0c\x00\
6\x9b\x0d\x00\x9c\x9c\x9cZa\xd7I\xdaAMQ\x94\
.]\xba|\xf1\xc5\x17\xbd{\xf7\xfe\xe7?\xff\xf9\xfd\
\xf7\xdf\xf3\xb3x\x1f\xc9\xb1V8\xe6A_\x17\x17\x17\
G;\x9e\xd0\x9e\xe3G\xb6UDDDrrrL\
L\xcc\xc4\x89\x13\xe7\xcd\x9bWZZ\xaa\xbe\x8cj\xd5\
\xae\x9d$Z\xd9\xfb\x87v\xfa\x01\x00\xa3\xd1\xd8:\xbb\
\xc7*\x8a\xc2w\xb0\xf5\xf3\xf3[\xbf~}yy\xf9\
\xc7\x1f\x7f\x5c\x5c\x5c\xbci\xd3&\xf5V\x89\xed]\xa6\
\xb5\x22\xc7`\x9f\x1bN;\xd79\xf4F\x9c3\xbe\xd0\
\xb9,\xcb\xbe\xbe\xbek\xd7\xae\x1d9r\xe4\x96-[\
\xd6\xaf_O\xdb\x1e\xa3*\xab\xd7\xa1Ur(4\xc4\
1\xd7\xd5\xad\xd3\xa0\xa4-\xf8\x92\xc9\x88\x18\x16\x16\xb6\
y\xf3\xe6\x88\x88\x88\xf9\xf3\xe7\xbf\xf7\xde{\x94\x9b\xcd\
\xd3\xfc\xda\xaf4k\x88c\xae\xab\x1d\xdd\x1f\xd3\x1aP\
\xa8\x9a\x0d\xc5\xbb^??\xbf\xa4\xa4\xa4\xa7\x9f~z\
\xc5\x8a\x15\x0b\x17.\xcc\xcb\xcbS\xafI\xd2N\xa19\
\x8ei\xabxG\xdfK\xbd\xee9\x8f\x22\x13\xeb\xe1\xe1\
\xe1{\xf6\xecY\xbbv\xed\xfa\xf5\xebcbb\xf6\xee\
\xdd\xdb\xde\xb3\xc0\xb4\xc2\xb1\xa2(\x14\x90\xe8\xd4\xa9S\
\xab\xdd\x94{\xb0\xc1\x9e\x1bD\x07\x94|\xff\xf6\xdbo\
_\xbati\xd2\xa4I\xcb\x97/\xe79b|\xff\xf1\
v\xe4\xd3\xd6\x0a\xc7\xb4\x151\x00\xb8\xbb\xbbk\xa4\xf3\
[\xb2dIbb\xe2\xb0a\xc3\xe2\xe3\xe3_}\xf5\
\xd5+W\xaepK\xbb}\xc9\xb4V8\x06\x005\xc7\
m]\x17\x00\x00ww\xf7\x97^z\xe9\xbf\xff\xfd\xef\
\xa7\x9f~\xbau\xeb\xd6\xf0\xf0\xf0\xf8\xf8\xf8\xea\xea\xea\
vglk\x88cj;Z\x09D\x0b\xcd\xc7\xec\xeb\
\xa1\xbf\xfc\xf2\xcb\x1f~\xf8!\x22\xaeX\xb1\x82\xb69\
\x80z\x0b\xe4k\x19Z\xe1\x18\x11kjj\x00\xc0h\
4j\xa4\xed\xf8\xb2\xca\x888{\xf6\xec\xd3\xa7O\xcf\
\x9b7o\xfd\xfa\xf5c\xc7\x8e\xdd\xb0aCQQQ\
[W\xb0\xd1h-\xc7\xf8\x1f\xe3\xd3O?e\x8cm\
\xdc\xb8Q;\xa1=\xbey'YX\x8a\xa2\x1c;v\
\x8c\xa6U\x0e\x1e<8%%\xa5\xad+\xd8(hE\
\x8e\x01\x80\xb6H\xa5\x99\xa5m]\x97_\xc1\x13H\xf8\
\xe0j\xd4\xa8Q\xc9\xc9\xc9qqqg\xcf\x9e\x1d;\
vl||<\xf9\xb7\xd5\x19\x80\x94q@\xc0\xda:\
\x09\xdb\x22\x9d[+\xad\x89\x88<\xee\x04ZM\xb0\xa2\
!\xf5\xa0A\x83\x12\x13\x13\x0f\x1c8\xf0\xe4\x93O\xae\
^\xbdz\xdc\xb8q\xff\xfa\xd7\xbf222h\xb2\x16\
\xa8|,\xf4\x91\x84\x89\xefj\xd2\xfa\x0ep\xadpL\
\x8b\x08\x00@#W\xcal\x13\xf0\x81\x93\x93\x93\xd3\x98\
1cv\xed\xda\x95\x92\x92\xe2\xed\xed=g\xce\x9cA\
\x83\x06\xc5\xc4\xc4\xa4\xa5\xa5\xf1^\x9c\x96)\x02\xd5\x9c\
X.\xc4\xadlQj\x85c\xb0\xfb\xb9\x1c\x9d\xccu\
/P+a\xe2\xa9_\xbf~_|\xf1\xc5\x9c9s\
t:\xdd\x89\x13'&L\x98\xf0\xc9'\x9fPV/\
\xd8\x93\x88\xb9\xdb\x84\x1b\xe4\xad\x5cm\x0dqL\xa1\x1e\
\xb2\xab\xb50v\xaa\x0f\x0a]\x90\xd6\xe5B\xe9\xe3\xe3\
\xb3v\xed\xda\xec\xec\xec\xbd{\xf7\x8e\x1a5\xea\xcd7\
\xdf\x1c<x\xf0k\xaf\xbdv\xe8\xd0\xa1[\xb7nQ\
0\x8d'\x1d\xb4M\xa4\xb2\xb5\x8c\xbb?\x80,\xcb\x0b\
\x16,0\x18\x0c\xe9\xe9\xe9\xbc\x11\xb5\x06\x8aA\xd11\
\xf7h\xd27<=(##c\xd1\xa2E\xe4\x91e\
\x8c-X\xb0\xe0\xf6\xed\xdb\xb4F\xbe\xfa\x87\xad\x09\xad\
p\x8c\x88\xaf\xbf\xfe\xba\xab\xab\xeb\xe5\xcb\x97\xb1-\x1a\
\xa2\xa5@5?z\xf4(\xedY\x03\x00\xdd\xbbw\x9f\
3g\xce\x85\x0b\x17\xd4\x0a\x80\x1f\xa8\xc1O\xf1\xcc2\
\xac\xfd`5\x0fZ\xe1XQ\x949s\xe6t\xe9\xd2\
%++K\xb3r\xdcx\xd0\xee6\xfb\xf6\xed\x1b=\
z4gz\xf9\xf2\xe5\xa9\xa9\xa9\xb4\xd0>]\xa6N\
\x0eT\x8f\xc5\x1bl\x81f?\xf7\x9a\xf0\xfe\x13^~\
\xf9\xe5\xc3\x87\x0f\x1f?~\xfc\xe1\x87\x1f\xd6f\x7f\xdc\
\x18Pn\x09\x7f\xb7X,W\xaf^\xbd~\xfd\xfa\xde\
\xbd{\x0f\x1d:TRR\x12\x1a\x1a:l\xd8\xb0\xc7\
\x1e{\xacW\xaf^\xa1\xa1\xa1\x0f=\xf4\x10\xda\x1d\xe0\
Po\x97#\xeeh\xc3{X\xfbSC\x1c\xcf\x981\
\xe3\xe4\xc9\x93G\x8f\x1e\x0d\x0c\x0cl\xeb\xba4\x1f\x9c\
]P\x0d\x94)jYRR\xf2\xe3\x8f?\x1e=z\
t\xf3\xe6\xcd\xb7n\xddBD//\xaf\xf1\xe3\xc7G\
GG\x8f\x1c9\xb2g\xcf\x9e\xea\xec\x22\x9e\x87\xc4\x09\
j\xfe\xbc{\xedp<}\xfa\xf4s\xe7\xce}\xff\xfd\
\xf7~~~\xa8U\xd3\xba\xf1\xe04\xa3}\xeb*f\
\xdf\xc4;++\xeb\xc0\x81\x03\x07\x0f\x1e\xa4%J\x04\
A\x08\x0e\x0e\x9e0a\xc2\xc0\x81\x03G\x8c\x18\x11\x14\
\x14\x04\xf6m\xac\xf86\xa2\xf7\x83\x1c#\xe2\x94)S\
n\xde\xbcy\xf0\xe0AOO\xcf\xf6K\xb0\x9aZ\xfa\
F\xfd\xbc\xa2j\xf9V\x9b\xcd\x96\x9b\x9b\x9b\x95\x95u\
\xfd\xfa\xf5\xb3g\xcf^\xbcx1''\x871\xd6\xb7\
o\xdf\xc0\xc0\xc0\x80\x80\x80\x88\x88\x88\x90\x90\x90\xce\x9d\
;\x07\x04\x04\xb8\xbb\xbb\xeb\xf5\xfa\xe65K\xd3ro\
\xeb\xf7\x1c-E\x06\x19 \xce\xce\xce\x1ay\xe6\x9a\x0d\
.muV&Q\x1fS/\xeb\xe4\xe4\x14\x12\x12\x12\
\x12\x12\x02vWnqq\xf1\xf1\xe3\xc7\x0f\x1e<x\
\xe1\xc2\x85]\xbbvQ\xf2\x89(\x8a^^^O<\
\xf1D\xb7n\xdd\x86\x0e\x1d\x1a\x1e\x1e\xde\xa5K\x17o\
oo\xde\x05\xfc!\x9a,\xc7\xa8\x9a\xdc\xd7\x82|0\
\xc6&N\x9ch\xb1Xv\xec\xd8\xe1\xea\xeaz/\xaa\
\xa9\x9d\xe2W\x1b\x981\x9b\xcdVTTTXX\x98\
\x92\x92r\xe4\xc8\x91\xf3\xe7\xcf\xff\xfc\xf3\xcf<\xdf\xdb\
\xdb\xdb;::z\xe3\xc6\x8d\x9e\x9e\x9e\x8d,\xb9\x09\
r\x5c\xa7\xf3oq9\xb6Z\xad\x94\x5c\xfd\x00\x12\x0c\
\xaa\x96\xd4\xeb\xf5]\xbbv\x0d\x08\x08\x88\x8a\x8az\xe5\
\x95WhM\xef\xbc\xbc\xbc\xe2\xe2\xe2\xec\xec\xec\xec\xec\
l777Rx\x8dl\xa8&p\xac\xeeT\xc0\x01\
~W\xab\xd5\xda\xb9s\xe7f\xf7:\xf7\x01H\x8e\xb9\
>\xa7wwwwww\xf7\x9e={J\x92\xa4\xd3\
\xe9P\xb5Ea#%\xa1\x09\x1c\xab\xadyG,.\
*\xcb2\x11\xfc\x00r\xacn\xd2\xfa,*\xf6\xdd\xdb\
\xeb\x9cj\xe4\xe8\xa3ir\xcc\xf5\x83,\xcbf\xb3\xb9\
\xba\xba\xba\xa5\x98F\xc4\xea\xeaj\x0f\x0f\x0f\xfa'\xa0\
\x8d\x94\xae\xd6D\x1dCG=\xe2b\xaa\xcd\xc8\xd4\xb3\
\xb0\x1c\xc21\xa8\xc6jo\xbe\xf9\xe6\x9e={Z*\
\xdf\x1d\x11KKKG\x8d\x1a\xa5\x1e\xfe?8\xa8c\
\x84\xd7Qf\xea\x8f\xea\x83F\x8aA\x93m.j}\
\x93\xc9d\xb3\xd9\xca\xca\xca\x1a\xff\xf3?\x04=\x9eV\
\xabU\xcb!\xe4\xf6\x88\xe6\x8c\x9dH\x8e\xcf\x9d;G\
\xcbi\xb5\x08hl\xe0\xef\xef\x1f\x1a\x1a\xca\xdd\x08-\
U\xf8\x03\x8e&p\xac^\xe3H-\xd3-\x82:K\
W>h\x9d\xb1C\xd1\x1c\x92\x1c1\x84\xe5V\x22_\
\xb0\xb4\x03-\x85&\xc81\xdaw\xde\xe0\xec:\xce8\
\xe2\xee\xf8\x0e\xdc;\x9a\xc0\x10\xb3o\x15\xcf\x1f\x8b\x16\
$\x18U\x8bo\xfc\x96\x92\xe0\xd7P ]\xfd\xce\x7f\
\xa8\x8e\x04\xf0\xe3\xfag\xeb\xa3\xce5<\xc0\xae\xbe5\
\xd8\x17;\x00\xbbc\xee\xb7\xae\xfc\x9d[\xab\xbfi\x1d\
\xe7\xbcV\xe2N\x8d\xc7\xb7\xdf~\xbbm\xdb6Q\x14\
I\xd6\x19c\xfe\xfe\xfe\x13&L\x182d\x08\x1fM\
\xf2\x81\xa3$I|\xd1\x0fu!\xfc\x82:\x1eA>\
#Y\xedp\xe0\xdf\xdf\xbcys\xd5\xaaU\xcb\x96-\
\xf3\xf4\xf4LNN\xde\xb8q\xe3\xfc\xf9\xf3###\
yR\x00\x1f\xd4B\xbd'\x95\x1eD\xbe\xaf\xb3\xda\xfe\
p\xf8p\x11\xdb\x15l6\xdb\xbau\xeb\xa0\xde\xceN\
\x06\x83a\xe5\xca\x95V\xabUQ\x14\x9b\xcd\x86\xf6\xe5\
\xf2\xeag\xd9\xa1=\xc3F\x9d3%\xdbQ'\xf9\x86\
\x17B\xdf\xa4\xa7\xa7{zz\xfe\xf2\xcb/\x92$}\
\xf9\xe5\x97\x00p\xe4\xc8\x11\xf5-\xd4\x07u\x16\xee\xa3\
S\xbcL\xf5\xc54A\xc4qhO\xe3\x13\xb4\xafd\
\xc9\x18\xdb\xbe}{nnnNNNNN\xce\x99\
3gbbb\x16-Z\x94\x9c\x9c\x0c\x00:\x9dN\
\x9d\xc8\x8e\xb5{\x01\xb0\xa7gpq'\x19\xa2\x8bi\
\x08G\x04\xa8\xdd\x11\xd4X\xa2(zzz\xeat:\
A\x10F\x8f\x1e}\xf8\xf0\xe1~\xfd\xfa\x81]\x10\x15\
\xd5\xb2!h\x17h\xb5\xbc\xa2\xdd\x87\xc5\xf3C\xd0\x9e\
\x86\xed\xd0\x092ZY\xbb\xa91P\xd3F\x91sr\
q\x07\x07\x07/\x5c\xb8\xf0\xbb\xef\xbe\xbbt\xe9\x12\xe5\
\xc8\xd1\xf7\xd7\xae]\xbbr\xe5\x8a\xc9d\x0a\x0a\x0a\x0a\
\x0e\x0e\xe6)D\x8c\xb1\xf2\xf2\xf2\x9f~\xfa)??\
\xdf\xcd\xcdm\xe8\xd0\xa1^^^\x8a\xa2p\xfd\x9f\x97\
\x97w\xe9\xd2\xa5\xb2\xb2\xb2\xc8\xc8\xc8\xb0\xb00\xce\x9c\
(\x8aV\xab\x95\xd6[4\x18\x0c\x81\x81\x814\xbf\xad\
\xb0\xb00777\x22\x22\xc2d2\x9d8q\xc2l\
6\x0f\x192$44\x14T\x11C\x93\xc9\x94\x9a\x9a\
ZXX\xe8\xee\xee>|\xf8p\x1f\x1f\x1f>;\x86\
\x82\x0d\x0el8\x87j\x89\x96\x05e)\xaf]\xbb\x96\
1FJ\x92\xbe\x97e\xf9\xe0\xc1\x83\x00\xf0\xd5W_\
\xa1]\xfdn\xdc\xb8\xd1\xcb\xcb\x0b\xec\xfa|\xc0\x80\x01\
\x19\x19\x19t}ff\xe6\x90!C\xf8\xa9\xfe\xfd\xfb\
o\xde\xbc\x99+\xea3g\xce\xf4\xed\xdb\x97\xcezy\
y\xcd\x9c9333\x93\xca\xcc\xc8\xc8\x08\x0e\x0e.\
((@\xc4m\xdb\xb6yzz\x1e;vL\x96\xe5\
\x8f?\xfe\xd8\xdd\xdd}\xdb\xb6m/\xbc\xf0\x02\x0d\x07\
z\xf4\xe8q\xea\xd4)\xb4+d\x8b\xc52s\xe6L\
\xde\xe6O>\xf9\xe4\xcd\x9b7\xb1\xe5\xb2k\x7f\x1f\xf7\
\xa6\xabQ\x01\x04T\xc0\xaa@\x8d\x15$\x09\xaae\xa8\
i\xf6K\x01@\x00DP@\xc1\x9a\xfaw#\x0b\x8b\
\x1a\xf1\xec\xd9\xb3G\x8e\x1c9t\xe8\xd0\x81\x03\x07\x12\
\x13\x13\xe7\xcd\x9b7q\xe2\xc4\xa7\x9f~\x9a\xaeLN\
N^\xbe|\xf9\xc7\x1f\x7f|\xf9\xf2\xe5\xcb\x97/\x7f\
\xfb\xed\xb7z\xbd~\xd5\xaaU\x00\xa0(JBBB\
\x8f\x1e=N\x9e<\x99\x95\x95u\xee\xdc\xb9n\xdd\xba\
\xc5\xc5\xc5\x9d;wN\x14\xc5\xdc\xdc\xdc\xd9\xb3g\x8f\
\x1b7\xee\xd4\xa9S\x99\x99\x99\xeb\xd7\xaf\xbf~\xfd\xfa\
\x981c\xae^\xbd\x0a\xf6\x1c+\xd2\xcc\x92$\xd12\
\xaa\x8c1\xb3\xd9l2\x99\xe6\xce\x9d;b\xc4\x88\xf4\
\xf4\xf4\xb4\xb4\xb4G\x1f}466\xf6\xec\xd9\xb3\x00\
p\xed\xda\xb5)S\xa6\x14\x15\x15\x9d>}\xfa\xc6\x8d\
\x1b?\xfe\xf8cdd\xe4\xe8\xd1\xa3\x0f\x1d:\x04\xad\
\xb2b\xd0=\xa9\x08\x05\x99\xc0\xac\xb9U\x86\x05\x07!\
\xd7\x0a\x85U\xe0\x22\x82\xd0,\x0f\x95\x15\xe1qOX\
1\x0e\xbct\x92\x15u\xa2\xd0\xc06^<\xf0\x82\x88\
\xf1\xf1\xf1\xd4\xdc\x88\x08\x00\xee\xee\xee\xf3\xe6\xcd\xf3\xf0\
\xf0\xa0\xce\xd5`0,]\xba\xf4\x85\x17^\xa0\xfe\xaf\
w\xef\xdew\xef\xde\xfd\xfc\xf3\xcf\x01@\x10\x84\xfc\xfc\
\xfc\x81\x03\x07\x0e\x180\xc0h4*\x8a\xf2\x9f\xff\xfc\
'33\x93rn\xd6\xad[\x17\x18\x18\x98\x90\x90@\
\x85\xf7\xee\xdd\xfb\xb1\xc7\x1e\x1b4h\xd07\xdf|\x13\
\x16\x16\x86vK[\x9d\xd0\x83\xf6MN\xc6\x8e\x1d\xfb\
\xca+\xaf\xe8t:\xc6\xd8\x8b/\xbe\xb8u\xeb\xd6\x8b\
\x17/\x0e\x1a4h\xc3\x86\x0d{\xf6\xec9{\xf6l\
TT\x14\xfdp\xf1\xe2\xc5\x9f\x7f\xfe\xf9\xff\xfd\xdf\xff\
EGG\xbb\xb9\xb95\xab\xed\x9b\x80{\xeb\x06\x04\xb4\
)\x86\xed\x19\xb05\x13\xc0\x00\x80\x00\xf7\xe0\xa4\xba\x92\
\x0bO\xf7\x80?\xf7\xb3\xea\x15\xc6\x14\xddo\x0d\xdd\xa9\
\x99V\xacX\x11\x19\x19\x09\x00\xb2,\xdf\xbe}\xfb\xef\
\x7f\xff\xfb_\xfe\xf2\x97N\x9d:M\x992\x05\x11\x87\
\x0f\x1f>d\xc8\x10I\x92\xee\xde\xbd[PPp\xf1\
\xe2\xc5m\xdb\xb6\x91-\x06\x00={\xf6\x5c\xb9re\
jj\xeas\xcf=7z\xf4\xe8\x88\x88\x88G\x1ey\
\x841VYYy\xe5\xca\x15Q\x14\xcf\x9f?O\x92\
\xaa\xd3\xe9\xca\xcb\xcb\x83\x82\x82\x0a\x0b\x0b\x1b\x148\xca\
\xaa\xac\xae\xaef\x8c\x85\x84\x84\xf0Il\xb4e\xa4$\
IUUU\x19\x19\x19\x8c\xb1\xbc\xbc<\x1a\xc8\xd9l\
\xb6\x9a\x9a\x1a\x1f\x1f\x9f\xb3g\xcfVTT\x18\x8dF\
uR\x80#pO\x1c\x0b(\x08\x00\xae\x06\x00\x19@\
\x01`\x00\x02@\xf3t\x0f\x02\x000g\x00P\xd8o\
\xd4\x8a/.\x0d\x00C\x86\x0cy\xfc\xf1\xc7\xc1>\xd0\
\x8c\x8e\x8e\xa6\xfd@Hv\x15EIIIY\xb7n\
\xdd\xb5k\xd7\xb2\xb3\xb3+++\x05Ax\xea\xa9\xa7\
\xe8\xb7/\xbd\xf4\xd2\xf6\xed\xdb\x8f\x1d;\x96\x9c\x9c\xec\
\xeb\xeb\x1b\x1b\x1b\x1b\x1b\x1b\x1b\x1d\x1dm2\x99**\
*~\xf8\xe1\x07\xda\x19\x9b\xeeE\xc1\xf2\x81\x03\x076\
8~\xa5\xe7\xc6`0 \x22\xb7\xe7\xd5\xc1]I\x92\
JKK\x11\xf1\xf9\xe7\x9f\xe7i\xf1:\x9d\x8e&i\
Z,\x96\xc6\x87\xfa\x9b\x8d{\xe2\x18\x192E\xfa\x7f\
Q\xfa^^`\xa9\x01E\x04\x05\xa1\x99\x95U\xc0\xd7\
\x08\x03\x83m2\xba\x08 3&\x01\xd4U\xd7|A\
b\x00\x90$\x89\x0f\x90\x00 <<|\xfa\xf4\xe9[\
\xb7n\x95$\xc9`0|\xf5\xd5W\xcb\x96-\x9b:\
u\xea\x981c\xbaw\xef\xde\xa3G\x8f\xdd\xbbw\xef\
\xde\xbd\x9b.\x8e\x8a\x8a\xca\xca\xca\xca\xcb\xcb\xbbu\xeb\
VZZ\xda\xfe\xfd\xfb7l\xd8\x90\x94\x944f\xcc\
\x18EQ&O\x9e<o\xde<\xb5\xd42\xc6\xbc\xbd\
\xbd\x7f\xa7\xe3\xa4b\xf9\xecx\xac\xedV\xa2\x95\x11v\
\xef\xde\xed\xed\xedM=:_\x14,  \x00Z:\
3\xae>\xee\x89c\xa60@\xbdQ\x07Ou\xb7\x00\
\xb8(\xc0\x80Y\x19kN\x99\x082(2\x823\xb2\
\x1a\x94\x9d\x14]\x03\xdej\xf5\x14\x04\x83\xc1\xa0\x1e\xfe\
VWWgddxxx\x18\x0c\x86[\xb7n}\
\xf8\xe1\x87\xcf?\xff\xfc\xd2\xa5K\x7f5,\x05\xe1\xda\
\xb5kt\x5cUU\xb5l\xd9\xb2\xe9\xd3\xa7GDD\
\xf4\xe9\xd3\xe7\x99g\x9e\x995k\xd6\xb3\xcf>\x9b\x9c\
\x9c\x1c\x1b\x1b\x1b\x15\x15u\xe5\xca\x95G\x1f}\x94K\
m^^^BBBtt4\x8d\x85\xea\x80\x08#\
3P\x92$\xbe\xc2*7\x1d\xdc\xdd\xdd\x1fy\xe4\x91\
\x8c\x8c\x0c//\xaf\xa1C\x87\x92\xd4VTT\xbc\xf3\
\xce;^^^|x\xdd\x8c\x16k<\xee\xc9\xaeV\
\x04\xb4\xea\xacV\x00\x99\x09VA\x96\x05\x10\x14\x03C\
\xa1\x19/\x09A@gQ\xba+\x82\x13\x88r\x83\xe1\
\x08\xee\xdb\xa2\xbe\xb3\xba\xba\xdab\xb1X,\x96\x92\x92\
\x92\x84\x84\x04ZB\x0b\xec\xab?\xd1\x96o\xa49\xbf\
\xfb\xee;ZJ\x86Z\xf3\xc0\x81\x03\xdb\xb7o\xa7\x01\
\xb1\xa2(&\x93\xa9\xb8\xb8\x98\xe6\x1dM\x980\xe1\xf8\
\xf1\xe3G\x8e\x1c\x01\xbb\xf7\xf1\xd3O?]\xb7n]\
qq16\xe4\xf4%\x1b\x9bfN\xb3\xda3Y\x98\
}S\xcf\x09\x13& \x22\xad\xc9(I\x12c,%\
%%11155\x95\xd9\xd7s\xd4\xae\xae\x16\x80\
\x19\xc0\x00\x00\xc0\x9c\x7fe\xa5\xb9\xb1\x22\x03\xe8A\x04\
\x007\x06\xc0X\xc3\xa5\x90\x1c\x13\xd3s\xe7\xce%\x0b\
\x16\x00$I2\x1a\x8d\xb3g\xcf^\xb8p!\x22\xfa\
\xf9\xf9\xad\x5c\xb9r\xc1\x82\x05\xd3\xa6M\xeb\xda\xb5k\
aa!\x22.^\xbc8))\xe9\xce\x9d;\x1e\x1e\
\x1e\xf1\xf1\xf1\xf3\xe7\xcf\xdf\xb7o_XX\x98\xa2(\
\xa7O\x9f\x8e\x88\x88\x986m\x1a\x22\x8e\x1a5\xea\x83\
\x0f>x\xf1\xc5\x17\xfb\xf5\xeb\xf7\xf0\xc3\x0f\x9f?\x7f\
\xdeb\xb1\xbc\xf1\xc6\x1bqqq\x00\x80\x88\xe4'\xa1\
\x9a\xe8\xf5z\xfe\x18\xf1\x9c:\xb0\xaf\x11C\x1d9c\
\x8c\x86I\xf1\xf1\xf1c\xc6\x8c\x09\x09\x091\x99L\x19\
\x19\x19\x8b\x17/~\xf5\xd5W\x9d\x9d\x9d\xeb\xe4\xe99\
\x02\xed)&A\xc2Q\x5c\x5c\x5cTTD\xea\x91r\
\x83<<<\xfc\xfd\xfd\x0d\x06\x83:0p\xf3\xe6\xcd\
\xb4\xb44Y\x96\xfb\xf6\xed\xdb\xaf_?\x9b\xcdv\xe3\
\xc6\x0d\x7f\x7f\x7f777A\x10\x8a\x8a\x8a\xae^\xbd\
ZTT$\x08BTTTpp\xb0:\xeb4?\
??++\xab\xb0\xb0\xb0[\xb7n}\xfb\xf6\xf5\xf0\
\xf0 \x9dl\xb5Z\xb3\xb3\xb3\xfb\xf4\xe9#\x08BY\
YYnnn\xcf\x9e=\x8dFcII\x9d(\x16\
k\x00\x00\x011IDAT\xc9/\xbf\xfc\xe2\xef\xef\
\xef\xe3\xe3C]Ceeevvv```\x97\
.]H\xbe+**RSS\x8b\x8a\x8a\x5c\x5c\x5c\
\x06\x0f\x1eLw\x04\x95{\xb5\x83\xe3_Am\xcdU\
\x1c\xda\xe7\x83\xa8-\x1d\x1e\xfd\xe4\x9d\x22\xd4\x0e\x83\xaa\
sZA\xe5\x91f\xaa\xc4\xd3:\xbfB\x95g\x9b\xeb\
|\xee\xf7\xe6\xa7\x14\xd5tE\xf5\xacC\xac\x17\xda\xa2\
\x9a;\xda\xa2\xfe\xb5A\x1c}\x83\x16\x04\xf5\xa0\xfc#\
\xab\x9d\x90\xcc{k\xee\xc3SS\x08\xaa\xe7\x80\x7f\xe4\
\x03S\x1eR\xe4\xa7@\xf5\x88\xf0\xb3D\x1e\xb9\xdb\x98\
*\x82\xc9\xef\xcb\xeb\xc9\x03\x12\xa0\xa2Y\xfd\x91\xff\x11\
t\xfc\x12\xba\xed\x89cjb\xb5\x84\xf1\x96%W3\
\x898\xc9:\xd4\xe6\x92<\xc3`'\x80[I\xea\xd0\
\xafzn8\x7fz\xa8L^\x08\x1f\xfb\xa2jN\x03\
\x07\xef\x9b\xd5w\xe46\x04\xbd\x93\xa1G\xd7\xf3B\x1c\
*\xcd\xedIW\xf3\xa6\xe1\x04\xd4ih\xb5`\xa1*\
\x0b\x00\xecO\x03\x17M\xb5\x12\x06\x95\xc8\xd6\xf1H\x90\
\xab\xabN\xfc\x9f\xa9f\x06\x83jYM^,\xefP\
x%I\xc3sv\xf9\xc3J*\xc1\xb1\x09\x02\xed\x8b\
\xe3\x0e4\x0f\xff\x1f\xcb\x9bZ\xa6\xa8\xae{\xf4\x00\x00\
\x00\x00IEND\xaeB`\x82\
\x00\x00\xc8\xfc\
(\
\xb5/\xfd\xa0\xc9\xde\x03\x00|3\x00*C,\x0c&\
\x00Mh\x1e3DEDI\x83g\xc4G\xb8A\xb7\
\xce\x0f3\xa0y\x82\x1dYna/\x85\x0d\xcbd\x11\
\xfc\xff\xdfU\xc1\x04\xbf\x00\xbd\x00\xb5\x00\x86\xf8|\xee\
Y\xe7\xfe\xc6!\xa14\x9e\xbc\xd1\xfb~\xe3\x9foh\
}\xb2\x03\xaa\xfa\xe2F\x03\xd3\x7f\xd8=?SJ\x03\
\xe8\xcb@\xe6\xbe\x11\xcd0k5K957J\xa9\
\xd5H)\x9dE\x0f\xa4\xee\x9a\x14s\xe0\xc1\x81f\xff\
M\xef<\xcd\x0e\xacS\xa3\x9bE\xc6)EQ\xd44\
\x06ho\x86A\xdf\x7f\xe4\xd7\x9f!:!m\x18p\
#|\x17\xaeC@\xb2R3<4\xa9^\xb8\x09/\
\xf0\x82\xfb\x11\xc8R\x07\x8dy)\xae\x06H\xfbR\x10\
\xd5n\xc6\xc2>C\x89\x8b\xb1\xab\x8d\x92$\x01\xb0x\
\xe8\x03\x80\x84\x01\x05_\x05\xf1\x17?\xb3\xde\xb9u\xa2\
D\x06\xc1\x03\x08\x0abqm\xc5\xf4~\xa2\xa8\xe4\x0a\
\xe2b\xab\xf3?\x92\xa7\x011p\x08\x0ftg\x165\
\x99+_.\xc1\xb6@\xd7\xa4b\xa9\xb5m5\x86 \
\xd0\xb6\xd7\x01\xf1\xc8\xb5\x0b\x9b\xb1d\xca#\x10\x05q\
Hh\xaf\x0b\xfak\xcd\x13+\xf2/\xd0g\xe4\x8f\xcc\
\x87\xc9\xd9\xe1?\xc16,d6\x22\xb2\xc9&e\x8a\
\xb2I\xf8VL\xf2)\x08\x08e\xcd\xc5\xe7^r\x0a\
\xa2\x81\xf1\x84w\xe4\x9d\x17\x11fhWbd\xaa5\
\xc6\x5c\x1b-\x05\x11\xe1:\x19\xfa\xabuT\x9b\x17\xca\
\xef\xcc\xff\xe0\xbd\xe9KP`W\x10\xf8\xe5\xaf\x19+\
\x14'\x80\x82\xc8\xf8\xc1\x14\x8a\xde>\xea!\xd1\x1c\x12\
M\xa2(x\x1e\xbb\x1d4\xb6A\xeb\xe7\x87\x22\xbb9\
\x10\xf8\xc5l\xd8\xc4\x9e\x0d\x03\xad\x0e\xac\x98\x0b\x19G\
0PzH 8\xd0 \x95\xbev\x1c\xec\xdcP`\
\xae\x9f\xd3\x09`\x88L\xc7(\xa3\xb0\xa7\x1c\xc2[\x0f\
\x88*\xb9sfi\x9e\x96d\x16\xf8\xde[\xc9\xd5\xe2\
Vr\x01\x10\x9b\xf5\x9d\xf9\xc1k\x08\x97\x81\x83\xfc\xda\
\x01a!cZ\x92-\xa5\xa2K\xaf-W\x0a\xba\xa4\
T\x83D)\xa5K\x909\x05\xe1\x11\xf8\x94\xd7\x99\x13\
\xe4\xf9\xbc\xbe\x98\xb1m\xa4\x80\xafB\xe4\x81\xa0\xa9\x15\
\xb2\x86~k\x96\x18\x8bXZ\x0fi\x05S`\xdc\xdf\
{>\xceC\xcf?\x0a\xab\xedCA\xb7\xb5\x98\x1a\xb2\
\x0f\xcd\x1fa\xc7y\x86\xb1'\xd4\xb4\xf3\x8dT\x8bK\
\xa6\xdak)\xc6%\xbe\x06\xd5k\xc9Ew\x8e9L\
\x92-oyt,-\x7f\xfdLg\x81\xe2\x8ac\x14\
\xc88\x06\x1f\xa3X\xec)\xb8Z|\xab1FMH\
\x9c'\x92Y\x16\xb3D&q_\x9e3ILr\xb9\
\xb7ZR\xf1\xfd\xc7;2\xf3<v\xb1\x07\x93\xf2J\
\x9d\xcf\x0c\x833\xc5\xd4Ro%\xe6\xad1\xb6hs\
\xf8\x9c\xe5\x0a9e\x94o)d{m5\xe8,\xba\
\xe6\x8aI\xca\xc6,\xd0\xa5\x16\x19#\xe0\xf7|\xb6R\
\x12&\xd6&\xab\x13:\x8b\xd5\x8f\x0e\xfb\xf9(e\x8a\
\xb5\xc8\xa8\xc3\x1aKka+\xc6\x18\xe5\xc2VSj\
y\x90I\x99\x14\x03\x1dL\x90\xb1\x98$c\xb1%\xe8\
\xae\x94z\x0eS\x8b\xabIW\xb0\x80s\xbe\x14L\xb1\
\xa6\x94R\xca]\xb1\xd6\xc0\xe8\x01\x81{\xa8A\xb1R\
\x0c\x95\xc8HR\x90\x14\xda\x0c\xa1\x08!\x10B\x08\xe1\
y\x02q0\xc7a$\x06A\x88\x11D\x082\x86\x11\
!\x91@d\x22\x11\x91\xd16\x8d\x01y\x19\x1e\xb0f\
\xef\xe8\x8d\xe2\x85Uj\xda{]e\xf5\x98\x0ew\xe9\
\xf3\x96sa8j\xf08\xc9\x9ea\x86\xd9w\x05*\
N\x02\xa68\xc3\xeb#\xb7Ij.\xa2\xc7|c\x15\
\xf9eX6\xc7\x1e1\xc2\xa5\xb5\x8b9\x9cXhj\
\x16\x88\xa6@Ng\xb9m9\xb8tL\x04a\x0fR\
\x1a\xe0C\xa4i\xa7\xfc,\xe8\x1f\x94\x97\x91\xc3\xf7a\
\xdch\x93!\xf6\xe6\x1aio\xb0\x97\xfa>\x5c\xa4\x99\
!U\xaf5\x9d\xb2]\xe4\xc5\x9f\x91\x9b\x9e\xb5\x8d\x89\
?\x140\xda\xfeF\xca\x8e\xdb\xd9u\x94\xec\xdd\x80\xcc\
\xdd\xe1\x1a\x83b\xfc\x8f\xf2q<\xe8\x86DV*\x1b\
r5\xd7\x1a\x22\x84\xd1?i\xf3J/-S\xa3\xee\
@)\xa4k\xbb\xe5]R8\x16\x7f\x8d`\x9b\x04~\
\xf4\xe6\x07\xe7\x1f\x0a#\x1f\x92\x1d\x0fgp\x80\xbd\x11\
,\xe0\xae\x00{\xfd\xdf2@\x03\xf1\xf8\xca\xdf\xbd\x0c\
\x90a\x9e\xd4=\x03\xa8\xc0\x03\x22%7K\x00\xf2\x8c\
\x10\xe5\xb2\x7f>\xf5F\xf0C\x9c\x13H1k\xb7\xe9\
\x07\x06\xdaxc\x97\x0a \xd5\xd1a\x9a\x1b\x8f\x83\xc8\
<\xfc\x93o\xb0:\xbe_\xce\x1b\xdeTiG\xcd\x87\
.\xe6\x03\xed/\x9d_8\x86\xf9\x1a8\xd0\xc4@\xc1\
I\x00|\xe8;i|\x18\xdd\xd3\xe6\xaa\xb3\xe6-\xe3\
:\x91\x9f\xfdsT!\x9c1\x8d\x87$\xd9\xcf\x15;\
ij\x07N\x07\xe7B\x8c\xa9q\x1d\xe7\xab)\xe9\xb2\
\xd8\xb9]w@\xf1\xed\xd4\x9a\x0b9\x94q|\x03\x1d\
0\x22\x9c\x9d+JK\x16\x07\x0d0\x02\x87;`8\
\xb4\x9c\xc5fY\xf5A\xd2IIm\xf5#\xbd\xb5\x00\
?KP\x87\xabPT#dp$T\xcc\xe6-f\
\x8dv@\xf6\xceB\x8b]\xf4B\xa0\xaf\xf2\xfd\xb0P\
-\xff\x1b\x81\xa6o\xf1\xa0\xdd5'\x86\xe4R\xaf\xf7\
\x14\xe4[\x9a\xfdW\xe7\xf8\x83\xebR\xb1TI\xec\x0a\
\xe3\xc1\xc1\xe2AT5\xb3j\x86\xf8\x8c;p3\x01\
\x11<\xd0\xbd\x90 b\xd9\x9b\xc2\x1e\xbb\xceA\xa9\x82\
\xb2C\x8c\xc6\x86\xff\x8d\x18\xd2\x80\xa1\xce\xb0\xb6Q\xa3\
\x0d\x97\xdd\x83g\xb2,Q\x1c\x08&\x87\xaajz\x1e\
\x83\xc9\x16w\xa1%\x159=\xec9\xbbq\xf3.p\
\x5c\xbd\xe64L\xbc\x0a\xa7\x03`L\x91?y\xc4\x84\
+\xbc\xb1D\xa4\xba\xd5\x92\xedK\x18\x8a\xb3\xc8[\xff\
`r\xfer8\xf9\xf2{7\x9e\x18\x82\x19\xab~q\
S4\xaeN\x02\xa2K\xbe\x80\x00\xf1w\xb1\xccQ?\
\xe7\x10\x16j\xe9\xcf\x01\x172s\x06\xf0\x1c\xd8XX\
\x91\xf1`\xb1\x8bE\xcdN{\xefJPa\xf4\xa8q\
H\x13\xfeAp\xf4^^.\x8c0>\x94\xc4<\xa5\
J\xdf\xb0\xad\xe3[@`b\xba)<\x11\xf4\x8fb\
\xf8\xb53j\x10^\x81\xd0\x83\x11z\x98\xc5\xab\x0ce\
\xc4\x9bX\xd0~\xd1\xc9\xe6\xae\xdf\x87\xbb\xae\xd1\x901\
\x06%\xb5\xd7\xe2\xb1\xceEZ>6\x0b\xc7\x98\x91\xf4\
\xce\xb6\xf6\xd1.W\xfb\x0b\xb7\xc6\x14\x9b/\x00\xe3\xc8\
\xfe\xf5#\x82+P> \xea`\x81/d)\xae\x0d\
B\xbc\x91\x8f\xe4m\xb7\xfe\x84\x97\xdd\x0dH8\xb0y\
\x90\x0d\x80\xec\xe1\x0bw\x0c\x04+i\xa9\xa5\xcfi\xd0\
\xef\xb0\x83\x1dG\xc1\xe4\xde'\xad\x87\x08\x82\xaa\x80\xf5\
\x0d\xa5\xc7\x03iBB3\x91*L-\x00\xb6\xf3v\
\x1ePkRx\x94\x0bl\x96e\xc4\xd6lSV\xed\
$Z\xbb,)\x92$\x17\xa4/\x85\xa2\xaa\xaa\x86m\
\x00r\x00o\x00\x0d\xc5\x02\x83\x06\x06\x83\x94\xb5J\x1a\
\xf7V\xd3]g\xebrgmw\xdca\xc7\xc5\x10[\
lq$\x90\xddF\xa3\xb1\x0eeKrs\xabpR\
\x13\x0duT\xad\xa3\xb7$\x0a\xe8q\xee\x90\xe9\xa1\x13\
\xb9\x18\x87\xddq\xa8\xf4f>\x10y\x8ff\xf8\x1a*\
\xda\xfb\xaev\x99\x1ch\x8f\xd4WLC\xcdh\x96\xc4\
\xb3\xe6vx\x1e\xde8q\xa5@\xefQ\x10\xae\xb5\xda\
\xaa\x0bW/Q\xa1W\xa4aaQf\x9e\xee\x90\xbd\
D.\xcc\x0c\x92\x04RZw\xce\xd2j\xa8\xc8\xe4p\
\xa56\xbbg\xff=\xfbS\xd1\xd4\x15\x0bm7\xfd\xdc\
!\xb4\x0d\xd5R\x0e)\xa8\xe9p\xce\x85\xc6\x910\x8a\
\x84\xe5\xb8\xd0T\xd45\xd7\xfcX\xbd\xe6\x92:\xab\x80\
8\x96\xb2(]\xea\x96i\xd2t\x83T\xdf\x1d#[\
\x08\xf0\x00\x01@\xc2\x10\x1c \x10\x90\x01\x02f\x81a\
\xa0h\x90\x86\xfb\xd3\xb4\xd2\x9a\xaa\x8b\xc6\x958j\x9a\
\xc0w7zH\x1a\xd2W\x8d\x0fz\x22\xcf\x0fx\xaf\
]\xf4\x9e\x02\x86\x03\x8b;\xa4\xf4\x19\xa5\xa5\x08tm\
\xf3\xc6\xe1\xc3\x0e\xcb\xd0\xa2\xf0\x80\xd1X\x19\x87\x11\x09\
\xe38\xc4\x9a\x103\xe9\x94\x8ed\xf8\xb5\xe8\xe6|\xf3\
\xdb\xc0\xbfS\xa9;\xb7\xe4\xed\xa8\xee\x94\xd1|C2\
\xc3\x15j \xec\x0a\x97Q\xfeP\x0e\xd4\x9d\x9b?u\
\xdf\xf9\x02'\x09\xfeI\xd6H\x13\xc4%\xa8\xdc\x92\xf0\
\x81\xcc\xe4\x8b\x81VT9\xa9\xcb\xe5M*o+(\
'\x947Q\xbc\x95\xd4mU\xcc\x96\x1f\x17\x10T\xf7\
\xc7\xd9\xdb\xfa\xa0\x91\xdd^\xcb\x8f\xd2\xad\xc7\x87\xab\x1e\
m\xca\xdd\xd5{\xf48\xd6j\xd2&\xaa\xd3\xa1/\x95\
Y\x81\xc8xc\x83v\x1d\x15\x1d\x0b\xf5\x94\xf6CT\
\x1e-\x05\x9b\xb7\xa4\xb3\x96\x83O\x03\x81{\xa8A\xb5\
d\xa8L\x92d:\xe1\x10!\x84\x18$\x99szb\
P\x1c\x05!\x08AB\xb1\x10\xc5 \x08\x82\xb0\x04\x18\
d\x94Q\xc6\x08\x88\x80\x18\xa2\x08Id\xb5\x03,\xc9\
\x93\xeafg\x9c\xf2\xb8V\xd5*V\x94\xc9\x88\xa4\xe0\
\xa8\xb2d>\xb1M\x1d\xb4:f\xac\xb8\xe0\xc8N\xd6\
\xcb\x9a\xc2f\xd7i\x12\xd0{\x96!\xccJ9\x87v\
\xd8i\xb6\x12\x02\x1eo^j\xd9Z\x88\x8e\xe1n\xa8\
\xe9fb\x1b\xb7\x88g\xfa[\x22\x12\xb6\x96Vl4\
\x16\xae\x8b\xd8\xe1#)\x99\xba\x0bd\xce\xff\x0f\xf4\x9b\
0}\xfb}o\x05\x9a\x87\x22\x1f\x08\xdam\x0e\xb4\x91\
\x07\xd6\x16N\xfe\xdc\xd0\xdb\x90\x97f\x86\xda\x8b,\xe9\
V\xeb\x85\x98\x82\x98j\xfa\x17N\xa3\xedb\xde\x22S\
\x10\xfaad\xdcOo\xcea\xd4\x1cm\xe6\xa4\x9dl\
\x930\xae\x12Y,\x8e\xb4UE\xfb7\x1cAY\xb4\
G\xa3P\xc8\x1e\xb5.\xd8\xa3\xdf\xbb\xf5\x88\xa7\xd5\xa3\
\xa5\xbd\xf8\xa8&q\xc2\xc0\x1b\x89\xe1\xbb\xba\x83nu\
m%C\xd7k\xd0\x05|\xe8\x1a\xb0\xd7\xab\xea\xd5\xb8\
\x7f\xae\xbb\xbf\x81\xe1\xb5\xfd0'~\x1d(\xdd\xe5w\
\x8f\xf1\x9e\xa3\xaf\xa8\x8d'gW\xc0,T\xf7\x82J\
No\x8e\x00\xafK\x83\x8b\x17\xa4\xd1.\xa0\x9a\xd2\x22\
\xea)i:\xbf\xbd\xe8\xcav\x885\x07\xcd\xcb\xdb]\
\x8a9d\x819\xc0\xbc\xed\xe6\x0b\xf2\x8c\x0cr\x98f\
\xaczd\xbf\x17T? ?\xaeG\xd7\xd3\x9d\xe6\x22\
F\xdar]wl\xe4V\xba\x03\xf4\xf2\xbc\xc6\x8c&\
\x8c\x85/\xfe\xf2X\xe2.\xfd\xc9\xa3\xb3\xc4\x06\xbc\xfd\
S\x95\xe1\xbe\xf2\xf9Hk\xa5\x88\xe5\xa5\xd7\xc8\x9d\xf6\
\xbf\xf9S\x9c\xf2\xb6\x0e!\xe3k\x92\xe3`\xc2\xa5a\
\x87\xa9\xe3f+b\x17E\xec\x83a\xf8\xce~O\xb4\
g|\xc4\x0b\xd3a\x00J\xa6\x97\x98)kBf,\
\x84\x8a;\xb0\xf0od\xae\xa6QH\xfd\xd0B\xa3\xde\
}\xfa\xc1r\xb1\xca\xa2bA\xf9bk\x06\xf3#$\
&\xb4\x0b~C\x06\xdc\xdf!\x0e\x93\xbd\x90\x01.\x95\
I\xef=\x5c\x86\xb1\x86\xb2\xc7r_\x19\x956d\x95\
^?\xddM-h\xe5Jl\xe6\x03\xb9\xe0I3\xe6\
\x22\xa3\x8f\x13\x95\x80\xe1\x07\xa5a\x96\x11\xdd\xdf\xc3H\
\xf1\xc1\x02\x94\xd8\x0fH\x93\x1d\x84.P\x5c\xad\x8b>\
\xc7]\x17\xfd]\x8f<\x04\xc4\xb8\xca]\x0c8%\xad\
\x85\xb4d\xa5\x1eT\x05\x05S\x9d\xcc\xd6O\xe0\xf8\x0f\
\x00&\xba:C\x90$\x09\x8b\xaa\xf1\x96\xd8\x96\xef\xb4\
!Ez\xc6i)\xa2\xa5\x0d\x15\x94\xaf@J\x82\xe5\
\xcc\xfe^\xddH\xa6\xe5j\xed7>\xc5$\xb2'Q\
17\xd5\xe2\xb8\xbc;\x98T\xd0#\x86]!\xad\xa5\
\xe2\x171\xc0\xe8\xaa}\xa6\x97\xd6\xf1\x8e\x9d4\xe2H\
\x03\x83\x8d\xc6\xb2R\xa0\xdf\xf1\xaeGHr*X\xef\
\xd2\x89\xd7\x12\x97\xd3\xadx\x12\xf8\x0b\x12\xba\xfd\x98\xa9\
\x8c\xdd\x8c]R\xc0N\x90\x99\x84\x07%\xfcr\x9b\x90\
\xcb\xc0\xf9}\xed\xe0\xc8X\x9c\xc2>RRq\xd3\xfb\
\x0e\xf4\x88\xc1\xce\xb0\x1cGw\x86R\xeb\xd4j\xf5\xe4\
.D\x8aT\x1c\x0a\x9b\x0f*\xf8]-\x9ch,E\
\x04\xf2\x006\x925\xa5\x12\xc0_a\xf8\xc8\x8b\xb8\xa1\
\x0b\xb4\x18\xd9{\x1a\x18?\xb8\xae\x22$`\xca^h\
\xc5\x17\xa5e\xd0\xb1\x7fw\xf0\xc1\xa4I}\x8e\xd1\x03\
)\x0ar+\x03\xaa\xfd\x17T\x05\xd6\x8d\x1f-\x07\x8a\
>\xb0\xbe%\xe0\xc5\x074\xb8v\xe3y\xcb\xd5Q\x0f\
\xfa\xb3\xef\x94*\xb6\x0f3~l-0\xf4\x19\xffU\
(U\xc5N\xe9Yo\x84*P\xbc\xac\xe9\xa5\x0f\x95\
\xa9\x14g\x07\xe4A\x0a\x8d]\xbe\xccV\xcd@\xd4\xa4\
\xdb\x08\xa1\xa7\x09\xaa3(xd\x22M\xdaz\xaa\x1f\
\xbeo\x19\x1a\xa9\x9f\xfa\x19K\xb7q\xf8h#\xf8\x8d\
X\xed\x8f\xab\x18\x9d\xfcFX\xd82\xa5\xfe\x9c\x10\x94\
\xa4\x89\xaeL}\x05\xfc]\x00\x8a\x9e\xe4\x14\x22 q\
+m\xcf!N\xabO\xfb\xef\x9a\x8e\x19e\xd1\xa0\xb7\
\xd6\xf8\xdd\xbdig*5\xa1\x06\x07\x12\x04\x10\x80\x15\
Y\x01S\x01C\x01TE\xe9+S\xab\xacU\x9e\xca\
\x11A\xbe\x1a\x98w_\xde\x7fYY\x8a\x08,C\xcc\
l\xf1xf\x99\xd9T%\x87\xeb\x5cq\xff\xf5Y\xc5\
\xe3\x99\xb0JU\xf4\xa3+6\xec\xf1[\xc6\xabR\xe3\
\xf7m\xd4tK\x07\x9e\x1d\x95!\xa2\xd7\xea\xcb\x87\x11\
\x8d\x05\x05\x16\x16\xadx\xd8\x9bX.\xc8\x8a\x0a\xcbV\
y7\xd8\xfc|\xb0\x14\x09\xa4C\xb2\x117\xe7\xd0\x9d\
\xa5\xf2\xce)N\xd7\xa6T\xbc\xe4q\xd5I\x85\xc8\xf8\
dQ!\xf1\xac\xe7y\xcc\xeew\xe9\x8e\xd1e\x84\x82\
83\xfeJ\xe2p\xa7Z\xc6\xe4\xb0\xe0 \xc2\x04\x0d\
\x14H\x900\xe1\x01\x07\x1a\x5c@\x0e\x16*hp \
`!BC\x04\x07\x17<L\x00\x01\x80\xea\x02yD\
\x92\x94\xf4\xceU\x103\xf1\xcfO1\xbd\xa8P\xb1i\
fz)r[j\xabR\xe84\xba\xa2\xd3\xf8\xac\x8a\
X\xb3r\xf4\xe8\xc7L\xa57FB\x83C\xe7\xd3+\
\x16C{\x90\xaaT\xb1cFN\x22\xca\x1b\x01\x84\x04\
\x14\xbb@\x0b\x04\xc1\x14\x0a\xab\xaa\x8e\x14j\xe1\xb3@\
\xa7@\x0a\x94f\xe4,'\xb3\xb5\x95\x97W|/\x88\
\x9f\x9a\x00/[\x91Q\xb4{1r\x09\xcb\xf5\x87V\
\xaf\xf3\x90\x04\x0f\x1b<\xc8\x80\xe1\x01\x03CC\x91A\
\x1f\xb9a\x11\x1b\x9e\xb8d\x0cO\xf0Xd\x8e0\x98\
\x9c\x9c \xa8\x05#\xb6#\x13\x14\x19\xb3\x13\xbc\x05x\
\xa35iW^\x16\x18\x88\x93\x90@\xbc\x5c\x8d\x97\xb9\
H@\xd0ms\xc1\xf1*\xe2%\x9ek\x5cg\xa5\xca\
.\xf9#\xbb*\x02\x9c\x03`p\x98\xe00A\xc2\x03\
\x0c\x1c&(\x10\x87\x86\x08\x11\xb2\x87W\xa6\xee\xac,\
Y\xb7e1\xb2\xcd\xdcYvNB\x04\x11\x14`\xc0\
\x00\x04\xc7\xb96\xd5\xe1L\xc3\x92\xce\xf1\xdcY\x8a`\
\xd1\xb2ZTX\xab,%\x02\xb3D\xf4(]\x22\x88\
\xe4\x9d\x89\x08#C\xbcB\xd8*\xd1\xa2\xbe\xaa\x10\xc3\
#\xf2\xa7\xff8\x89F\xb7^\xf35\xdd\x96\x03\x89<\
\x1f\x84\x8c;\xfbc\xd0\xc9n\xc3n\xf0\xb2\xee'U\
\xd9\x9d]N+\xb2\xc4Ot\x98\xb8\x91\xe9\xb12\x89\
GF\xab\x06\x0d\xa7\x1c\x8d\xba#_\xb1\x85\x05\xa2\x01\
\x91\x9drA\x22\xc1\x80p\xd2L\xa9\x91@\xe0\xac\xf4\
\x86\xbdp^,\x85\x02\x0f\x0f\x0f\x18\x14\x1ep`\xe1\
\x82\x960<PX\x80\xd0Pu\xfb\x22\xa3\x10o\xd0\
(\xf1\xe3\xc2\xd7\xb3S\xeb\xa1%\x11\xda\x9c.o\xfe\
{\x8deo\xa5\x99s\xdd\x8e\xaalJD\x1c\xb3\xdb\
\xe3r2\x9a5Q\xbf?.\x08\xcf.\xa7\xc2&i\
d[\xf6\xc9.\x8dx\x83\x87\xce\xb3\x9b\x11\xf8$\xb4\
\x8f\xf9\x8b{&E\x9a\x95\xacl\x1b8\x89H7_\
\xf3\xa5\xafm\x99g\xf6_\xa1AtF;\xdd\x86\x94\
\x95\x01U\xb20\xf9\xa1\xb1\xb2Z\xe2}\xf0\xd0\xa8y\
7\x0a\xd1\xcal\xc4e\xedCX:\xc2\x9c;\xaa\xe2\
P\xfffY\x09\xb3\x97O\xac\xa5\xd9\xb7\xe79\xad\x06\
\xd9E\x99\xaa\xac-<\x17\xe1+\x9d\x83v\xd5\xc3\x8a\
\xf2LfT\xae\xed\xfd\x9c\xf3n\xaa\xe3-\x91&\xed\
f\xa8\xc6F\x83T\xb2\x9c,\x19\x1d\xa6\xc9iFJ\
\xbf\xea\xd7\xdeN\xcd\xfd\xb0\xca*q\x8eO\xcaD*\
\xb2l\xc1\xa1AU\xca,\x94\x0f\x0a\x99\x95YEs\
\x9a\xdb\x95ff*\x90\xe5\x16D\x9aRo\x99\xc3r\
\xfbU\x0a45\xc9\x051\xd3\xc6\x8a/I\x82A\x98\
\x90A2\xaa\x8aH\x0aU\x8e\xbb\xa8\x1c\xbd\xa03\xb7\
L\x8e\xa4\x1c\xcb\x82u\x1c\xf8\x96U\x19\x1cVkM\
\xc9O\x07\x9a\x9eOs9\xbf^\x05\xeb\xff\xd7\xd9\xaf\
\xaa\xd0m\xbc\xdc\x15\xb2\x91\xd4,\x84V\xa3\xe8\xe0\xf0\
@\x82\x87\x07\x10\xca\xc1\x04\x0c\x10\x22Lhp\xc8s\
\xed\xe1\xe1\xe1\xc1\x84L\x06\xcdg\x18!D|\x8c\xf8\
[H\xcc\xf8\x0b\xbdV^\xc2Rb/s\x87\xe6\x96\
\x9f\xed\xca\xd9UZ4/V\x1b\xfc\xc8\x13\xb7\xbb\xe1\
\xd3U\xa6USh\xabB#y\xc3J\xe4\x8d\xcc:\
\xbb\x17\xb3\xf8F\xfd\xca\xd9K\xa5\xf6Q\xf6X\xde\xfc\
\x92\x16\x07\x88\x0a\xad\xd3\xccdm\xf0c\xdf\xeb\xac\x97\
\x93\x9aCwci\xffx&\xb3{u\xa9y\xa5+\
\xf4k\x8al\x8ac\x94\xb5i\xf9\xc5W\xdf\xd6w\xe3\
\xb6\x86NGHy\xcdK\x1b\xacc:\xd1\xa7\x92\xcd\
\xdd\xd5\x9c\x97\xf5>U5\x1dQ^\xda\x94\xf9\xcf_\
\xb9j\xaev\x1f\xef<xd\x9e\xaa\xebE\xf4\xb6V\
F\xf5\xfe\xcfI#\xa4\x9b\xca\x87v\x22\xd9\xb1\xfe\xcb\
\xb2H\x84GD>\xdf|\xe4\xe2\xcby\xf5o\xcct\
\xf7}]\x15y\x10M-N\xfd\xb1\xe9M\x8d\xe9\xc6\
G\x97\xd8\x22\xdfc\xd6\xd2k\xe6S\xa6Y\xd1\x0d\x0e\
\xd5\xd9N\xd5n;\xce\xc9\xa6\xa6\xfd\xa24]\xb9\xb0\
ne\xe3\xc9\x1d\xadp\xbd\xee0\x07\xe9XX;\xba\
+\xabYe\xab4}\xf6\xf3\xdb\x0a9\xef\xfa1<\
\xfaM95\xb5\xfc\x8d\xd2\xaawu\xf42\xb7t\x13\
Z\xaf\x8a\xa5\x9aI\xf4Q\xcf\x95\xcff\x0eY\x0d^\
\x1eM\xe0\xf5\x9c\x94&\xfb\xd5=\xa5\xb9\x8d\x92\x8e\xf8\
Z\xd1\xe5\x1d\xf9h\xde\xc2\xdf\xdd\xd8N\xd5\x9e\xc9\x5c\
X\xf7\x1d\x91\xbd\x88\x84\xae,\xd5l\xb5y3o\xfe\
\xb1k\xcd\xba\xd2\x05\x82\xf7\xa8\xb2a\x94G\xaa\xdc\x88\
\x88\x88$I\x92\xc6\xe2a\x84\x81I\x10dYH!\
\x0f\xf2\xa8X\x8eq\x901\x84 b\x08!\x84(\x81\
\x88\x88\x88H \x22\x12\x8c$Q\x1a\x03\xf8bj\xc7\
\x9dG\xc1\xca8\xa5\x1f\xcd\xb0\xe3\xfc\xacW~B\xf9\
K\x86\xd4\x9b\x7f!E\xae\xb5l/|\xc4\xd4\x0f\x80\
\x98\x8c\xaa\x0a\xa3\x06\x0b\x81M\xddg\xe0\x89kc\x0b\
\xd0\xbf\xb6R\x8f3nn\xbe\xc1\xc0\xaaEJ\x05\xa3\
\xf4\xe0\xabl\x15\x8d\x93\x05\x8a:=\xc3xs\xd2\xa6\
\x1e\x8dMD\x22\xd6*\x1e\xd4A\xe1\xf1=;\x9d\x05\
-\xb8\xef\xad\xceU\xf0\xbd\x91\xb5^k\xfd\x08K,\
\xb7X\x1d\xc4A\x82\xc0\xbc\x8a#\xe6\xca\xaa\xdb\xbd\x87\
B6\xb4\x92\xee\xdd\x13+NRv\xc2l<B@\
\xfc\xd9]\xacV\xf8@C\x8e\xee\x05\x98\x08\xa7k*\
T,\xb1\xff\x18\x17\xd4\xc0\xd5\xb5\xfdTc[\xa0\xb5\
o\xc9y\xa1\xe9\xbe\x18\xeb\x1e8X\xd9+\x05\xbeK\
\xf5a{6\xe6\x08*\x14i\xb9\xbc\xa8R\xbf\xd9\xf4\
\x91\xb8\xa5;p\xd3h$\x1dy\xb6\xaf\x9c\xda\xe71\
c\xa3\x16\xe4J\xabn\xbe\xa4\xe0-\xb7\x90\xa3\xa0\xa0\
m\xc4\xe9\x05\xa9K\xb9xP\xcf\xd5\x8foG\x12\xa0\
\xfcL\x84\xdf\xb4wT?\xa9Q\xbf\x10\x13I\xd8-\
\xc3\x0b3\xc2\xef<\xd7\xb1@?\x9a.\xac\xe9+\x8f\
O\x17\x80Gb\xbcI\x15\xa6\xbbj!\xb0\x9a\x8d?\
4\xffN\x1a\x07\xf3yI\x0d\xa5k\x18F\x02Yn\
x_\xa0u\xa0\x08\x0a1t;u\xf7N\xb8\xa0\x99\
\xaa\xeeT\x98\x86A\x89l\xd5\xbeyU\x18B\xd9+\
\xe2u\xf13\xc0$Ue\x85\x88\x1bN\xfa\xe1\xbau\
\x9c\xa2(\x8e\xdb\xab\xb91\x8cu\x8aq]\xc0\xba^\
^\xfa\xe3\x07\x95\xe6\xaf\xfe\xae\x01\x9b\x7f\xb1\x03*\x89\
\xd1\xec\xfd\xeb\xe9\xb3\xdf\x9e\x95\x19\xd8bvy\x99A\
\xf8\x91\xc5\x8as\xc8\x88\xc4\x95\xdbs\xb1\xf1\xed\x94d\
e<\xc4\x81\xc1\xf7\x04 &gF\xccXcF\xba\
\x10\x22\xa0?\x9a\xcd$uU\x81\xeb\xba!\xcf\x80\x18\
9\x09\xa8\xbeK!_\x94\xc0G\xf6\xe6\x1e(%\x0f\
F\xe1\xde\x92^0\x8f\xeb\xba<iw,o\x10\xdc\
\x8b\xf2\xaa\xb8K\x8c\xfa7\x80\x84\xc2\xdc\xf5t\xa2P\
\x02{\x11e\xd4\x1eQ\xc3o\xc4o\xea\x81\xfdx\xcb\
8\xdc\xe3\xed\x0e\xdd\x92t:w\xb9\xa0w\x8a\xf7\x13\
\xec\x99\x9e(&\xff\xfa\x13\xdd\x03Zd\x86\xf0\xf9\xe1\
\xab\x10\x92\x18\xb0$\x10\x81\xd1\x99\xe3\xed\xb6F\xe3@\
\x1a>A\xc3\xe1\x06\x94\xaf\xbc\xd2\x98_\x1e\xde\xc7\xdb\
Y\x05P\xad\x06\x13\xd6\xef\xec\xf3J\x09i\x22\x9dv\
\x15\x8a\xc0.T\xaa~)\xe6z{V\xc7\xbe\x0a'\
\x83\x8f\xda\x1b/\xde\xba\x22J\x02\xe3\x03\x22\xaa\x1f\x83\
\xff*f\xfa^\x05\x0a\xcf\x5c\xf4&1\x816A=\
\xd8Rh1R\x7f\x07\xc0G\xde\x05\xba\xc95F5\
oF\x11y\xdf\xd9\x10\xac:\x15\xaad\xe9\xd4\xd0\xf1\
\xc2\x0b\x1aBu\xc3\xae\xb6.\x1c\x924\xb2\x03\xd5o\
F\xd9\x06NC\xc6`\x1f\xa2\xcc\x0a\x9d\xb6\x18\xc4\xe3\
z\xa9\xbb\x0ee`\x88\xb6\xfa\xf8\x05\xd4,\xc2)\xe6\
\x93\xbb\x94\xb3}\x03[\xcbd\xfa\xe5\x00%\xd6\xa6\x9a\
\xc6\xc5\xdb\xccF\x1a\xaai~\xea\x14\x1b\xbf%\x1e\xa7\
dv\x18`Y\xfb6E#\x9f.6j4\x93e\
v\xb5?\xa7-\x1b\xd3\x15\xa5!\xd7\xb8:~M\xa0\
\xa6\xb9\xbeDwq.q\xc6\xe0`\x9b\xd1\xf1\x9ff\
\xe4\xc2\x94\xe8\xd49\x91\x8c\xdb9\xb3\x05\xbc\x851(\
\x9f\xa1\xf9\x0c r\x01\x1c\x81\xd0h\x14E\xaf>J\
\x08\xed\xce\xddaReP\xa4\xc6L\xa0\xd2\x19U\xdf\
O\x08.\x9e\x9b\xb1_\xa6\xa5\xcc\xaf6V19\x98\
Z\xb3$\xfb:\xd9Yy\x11\xc0_\x82\xd5)ps\
Y\x10\x09\x0a\xd8\xa7n\xce\xd1Q\xc0\xf8\x9d\x12M\x0f\
\x1c\xc9q\x1e\x84\x10#L\xa2\xa6\xb8\xcdph\x8d8\
D\x08\xca+c\x1e\xc8\x86{^\xcc\xdb\xac\xa1\xfc\xe6\
WZ#\x96.\x83\xc9\xa4^\x0ca\xca\x9d\xb2|<\
h\x97\xeb\xd3\xbe>^5\xdc\x12\xd4P\xee\xe0\x22\x10\
9Q\x86\xd5\xc3\x0e\xc3B\xfc\xc7\xef\xa7\xb9j\xa5\xaa\
\xd9b4\x9abm\x1a\x18\x9c\xec>\x8a\xa6+\x91{\
U4\x9e\x9e\xbb\x09\xdd\x8c\xc7\x90\x97\xab\xb2\x1a\xb7g\
.r\xc9\xf4\x93j1\xdaR\xc91\xac\xbf\xbb\x0a\xc4\
O\xca\x98W\xf3O6\xe5\xae\x1e\x82\xad\x93\x85\xcb\xda\
\xb9y\xf6\x97\xbf\xd8\xfct\xdc\x5c\xc1\xe9\xf1\xc3rx\
\xf9DMU`\xb5\x1e\x0bHG->\xc6\xd7\xaf.\
\xda\xed-\xc6\xeb\xcb\xb2\xa5\xf7Ma.Z\xb0\xf4\x17\
\x9c\xf8\x0b\x8d\xd1\x85\xb1\xee\x9f\xf8Mqt2\xa7\x11\
\x22<\x0b\xb5\xa2\xee\xa7\xc1\xa3bF\xe9k\x98\xd3M\
\x18\x9d9\xaf\xca\xf7\x0c\xbb5\x14\xe67\x0d\xc4}\x14\
w\xd3\x106W\x83\x1b\xcc&!\xc6\xf8t/\xd2<\
{\xe53=\xa5\x0d\xd5i\xb9\xe0\x83\x8b\xae\xb0\x80 \
2\xf0\x00\x8e\x91f),j\xfb\xbe\x06\x05\x1b&\x01\
!\xec>n\x06\xeb\x89D\xa3r\xfa\x1d\x1a\x8a\xc7C\
7\x9aV\x9euj\x87>[=-\x11\xf7\xafj\xbd\
\xd5\xbf}\xb8\x99\x7f(m\x1c\xff:\x8ep\xba:\x92\
p\xa3Jr:\xf5\xea\xa9a^\xcb\xfe \xc1f\x19\
\xa0\x89\x06A\x02u\xfa\xe9\x04\xbd\xc0\x04[\x11\x12\x88\
Fb\x9a\x85\xdf\xdf[ z\x8d\xbem\x0b\x14\xd7\x0d\
\x12\xc4\x06\xe2b\x81\xe1\xd4\xab\xaaF\xc9\xe6\xa4\xb8w\
#\x11\x1b\x00@\x89\xf1\x02\xd4\xdc\x16`yX \xa9\
\x87U1\x82p\xa0`\x8ev\xb2/\x04\xd6\xe6+\x8e\
\x82\xbf\x9676\x16\x1d\xd5c\x9b\x94h\xad$\xb8\x91\
\x8dw\x88\xe2'\x9c\xd1,\x1d\xf5)\x0ew\xb09L\
bH\xe6\x856\xfa\x8d(s7NK\xff|\xb5\xd1\
\x98O]\x07\xb2{\x98\x97\xd6F\xda1s\x8df\xca\
d\xdf\x8bc3\xeeI\xda\xbe\xafEq\x90\xd9\xce\x90\
N]\x1a\xbf\x99\x0f\xfc\x1a\x1e\xddbN\xf9\xc2tf\
\x80\xd1\x92\xd7\xcbI\xee\x8fm\x99\x85\x92\xedx\xe2\xb2\
\xae|\xa4\xcf!\x1eb\x07\xaf\x9a\x11\x9f\x08\x1eD\xc5\
XE[\xc6Y\x99\xfd\xdf\xb8j\xb6\x03\x00&8\x11\
6N'\xed\xfc\xc6\x1c\x0ai\xe1\xbfX9\x1fp\x8d\
j\xbc\x7f\xc1>v\xc5S\x94O\x0eYxZkE\
\xa3_\x08\xa7\xf2\x0ak\x015\xdb\x8e\x15\xd3\xd6\x15l\
O\xc3)\x8e++\x7f\x87]TZ\x96\x92d\xc4\xb5\
$8W\xd3\x0fw\x87\x15f#\xe4\xd0\xb4\xc7)\x91\
\x09]J\xc1=\x92\xaf\xbe\xf2\x84\xf3\xca\x8c\x15\xdf*\
\xec\xd3{\x13vE,H\x88 q\x0b \xa2i/\
%\x1ccQ[\x9bp\x13D\x98\x00\xaau\xf1(\x11\
\xb0\x15$\x07\x0c\x03\xce\xde\x15\x11\x91\xc47.\x9a\x1c\
\x17\x8a\x02\x85\x02\x8c\x026\xc7\x08\xa1\x0dM\xb1\x85@\
y\xa5Q\xea\x97\xedA\x15\xb1\xa5[\x98\x5c\xa6'\x90\
\x22\x93\xb11*\x14\xc2\x11\xbc>\x0c\x121\x82p8\
\xaa\xe5\xc7\xe5\xa9\xc9\x98h?\x0b\xbcH<\x05*\xb4\
\xae,x\xdfh\x04\xbc\x89\xac\xa4a\x86\x10\xe3\xdc\xd0\
\x025J\xb7Z\x85\x8cg^./\x89p\x83\x88t\
\x5cm\x897\x88l\xe2\xe20\xfcg\xe1\xc8q\x85P\
\xe1\xb3\xa9\xc4\xcd{\xb1\x13\xb1\x86\x16\xc2DE\x82X\
1\xe3_\xf9B'\x22\xa1\x19\xd3\x93\xa0\x04\x1d\x92\x87\
\xca\x1aq\xcd\x22\xb5\xd4\xd1\x08\x92\x8d\xbf\xa0b\x02&\
\xe2\xb3\x81\x15FP\xdcFf\xe0\xa8\xa1A.]8\
q\xc6\xed\x15gXOb\xd4\xf0\xc7fx\x11\x8bv\
C&\xb8p\x18)\xf8\xe6\xc7k%\xe4\x22\xb3\x09\xfc\
\xa5Fc\x1co\xbck\xc3\xd0\xc1\x85-$\x13\xe6\xc3\
\xe78x\xda`q\x12\x80\x19,\x1eI\x16\x15\xf5,\
H_\x91\x90\xdcKP\xa8)\xace\x82$\xe5\xcc4\
$X\x9e\xc3\x86\x95)\xa6\x9bqT\xac\x07J\x08\xb1\
\xe0\xd0\xd0,\x12#\xca\x18\x1bs!+\x1fh~*\
j8\xec[8\x93\x15\xf6\xa9\xe2*0\x90\xfe9\xd6\
\x88\x16&\x02\xe6\x86u\x0b\xc5\xa6lT\x82*23\
\xc11\x0b\xcf\xa3P\xf9\x17X\x05\xd1\xc2WN\xf5\x9a\
*\x06\x05\x8d\x84\xb1'9\xbbmB\x0b\xe1*\x1c,\
\x09\x0b\x1ai\x7f\x82f\x8f\x19Z{xPE\x9a7\
b\x22i!\xd6\xea\x12\x91\x1f;N\x99\xeb\x82\xd0\xe5\
\xcc\xf8\x9c\x10\xb4\x07Y\x22\x84\xcd\x9c\xa0\x98,\x14(\
.\x9b\xab\xa9d\x0f\x13+)\xcf\x96P\x99H\xc3c\
\xc2\x0c\xba>*\xa2\xad\xe63\x221\xd7\x1d/\x1d\xa5\
\x91Y\xcc\xcc\x02D\x09\xc1\x09\xe5|L2\x1aZL\
\x882\x9c%\x84\x91\x9e\x0fU\x8fT\xa4!\xc2H`\
p\x8d\x10hXE\xdc\xb5\xbf\xcf\x0e\xc1\xff\xc2W\x09\
\xdb\xa80\x091\x22\x11\xf4\xb5\xd2\xb0\xd1;M\xfb}\
\x13w\xba \xbfy\xd0$\xc2\xda\x87L\xc3\x10\x14\xae\
\x84\x859ae\xe1\xec\xda%t\x9e\xa2Rp\xa8U\
\x917\xb4 \x89\x89,\xfa \xb6O\xc1\x9d:a\x86\
\x84\x90w\x87\x1b1/3\xb4\x10a\xfc[\xa6\xc4w\
\xb0\xa2\xf2\xa9\xe2n\xf8B\x17\x13\xec9e\xcdkK\
\xc2\xc2K(>\x1f\xbe)H\xe90\x9e8\xc8\x1d\x11\
\xb4\xc9\x7f\x0e\xe20,\x83ox\x8f=P\x9b\xddr\
\xb8\x22\xa6%\x05\x97\x0e\x0cn\xd6\x85:7#\xf6\x07\
N\xd3_\x9e\xa3\xcc\x12\x822\x1a\xe5\x8b\x09\xa6\x03\xc5\
\x86v\xe9\x9a\x82d\x1e$8#\x9d\xc5\xff+\x1a\xa8\
\x06\x0b\x81\xf6\xc0\xa1j\xf5\x1c}\xe1u\xb8\xfa\x0a\xd9\
\x8cx\x9f:\xa8\xeeX\xf6D07\xab\x02\x03g\x98\
0\x17\xc1\xd6\xfc\x10Va\x96\xccR\x15\xd6q\x0f\xfa\
&<\xc1\xd3,\xd8\xe0O93_\xf3:\xa2:\x9a\
M\x8b\x90\xaf\xc4\xc2\xaf\x84\xfe\x13\x92F\xbcWh\xa9\
G\x04\x09\x0ab\x15\x22T\x13\x0f\x0c\x86\x22V\xea\x97\
 \x0e\x12\xe1\xd9\x22\x86\xfe8T\x0d\x09\x87\xe1\xa3\x9d\
\x13\x1e+N\xbb\xc3\xcd\xee\x8c\x84\xa4\xd2\x15\xa2?\x17\
\x8e>f.\x0a\xc7\xa7\xd0*t\xc3V#]v^\
\x9d\xad2\x15KD!E\xa5\xb2\xe10r\xf6R#\
c\xf94\x88<\xa6\xd3m\xe1\x0dEX\x16Dz\xce\
\xc5\xd6m%\x0d#t\x8d\x85E\x1e:d\xaey\xe8\
#\xda{\x98\xa1\x8e\xe0\x11\x05\x057:F\xb0\xe7\x14\
\x86R\xc1\x92('|\x8f\x11\x82\xd4!\x8d\x22MV\
\x08\x87nsd(\x96\xde\x85\x99\xe0\x8db\xcbp\x8a\
\x0a\x01\xe6\x87\x98gu\xb7.qNT\x8f\xb8{\x08\
\xbea\xa6\xd4\x84\xa0\xb9W\xdf\x9b\xf0\xac\xc1\x8b\xfd\xfd\
\x0a\x0bA\x0c8v$5\xc8\xb9\xb3\xc2\xd72vD\
\xb8\x85\x8f\x04\xfe!P\xc3[\x05\x8bh\xc2\xa7 \x17\
v\x22\xc8\xa6\xa66\xa2[\x8d\x890\x0e\x87\xfe\xb8\xad\
\xd5\x0f\x97\x8a.\xf1Lo\x8a\xcb\xf6a!B\x9co\
\xc2\xc2B\x10[\x9a:\xac0\xbf(?7G\xb8\xad\
\x82<FQ\x08\x99TH\x13^\x99\x95\xb1\xc1\x11]\
\xfdK\xc3\xe2\xa8\x19w{2\xa7^\x88\xae\xb22~\
M\x8c\x84F\x1b(\xe4(\xa4\xf3\xe3\xdb\x0d\xe1\x04\x0d\
\xc5\xee.\x8b\x10\x11\x94)\xc8\xa2\x12/\xd2\x1b\xb6\x94\
P\xdc\xddJe\xb0\xd8\x09\xdc\xa5\x13\x0a\x22\xf9!D\
\xa4\xc5MM\x10\x8fw\x08R\xc8\x9e\x8f\xcd\xa8\x8c\xfe\
,\xa8\x86~f\x09\xe1T\x88 \x92\x22z7_A\
:?a\x15!\xa33\x06\x09\x0b\xc5\x91\xc5!>\xb1\
\x87\xb9\xbdU\xde\xb1\xfbTR\xc3\xc3\x87\x91T\x7f\xd8\
\xcbR\xaa\xf0\xb4\x85p;!\x15E\x88h\xf6\x83\x19\
\x9f\xc0\xe8\xffi`p\x92(#\x94\xcb\xe6\xd5\xef\xad\
&\x87\xa2u\xb6\x83]\xc8\x95\x89\xab\x0e\x8e\xa7\x8c\x15\
MH\x82\x85\xebD\xbbX\x00\xbc\x1c7&YT\x1a\
q<h\xe4\xe0\xa5\xb0dB}\x9a,X\xf3Yh\
\xa8\x04\xa8\x0b\x99E\x1e\x0b\xff\x91\xc7\x9b\x8bc\xd1\xcc\
\xe3\xd4^\xccC\xf9\x09\xd7\xc3\x1et7^\xf0Ch\
\x8e\x0b\xb1\xe8\xbd\x10\x8dR\xc7\xa5e\x9e\xd8\xb4\x01\x8c\
\x8c\xd0\x15\x071C\xb0\xd3\xec\xa8Dp\xee\x09\x97\x1f\
r\x91\x90=\x9b\x02\x9e\x04\xd63\xd1\xd8\xe5\xc9_H\
\x04\xa1\xcc1\x94J\xf8H\x1c8\x99\x85\xbb\xe3\xc4\xd6\
5\x02\xc3e\x0f\xaep\xc2\xe4\xc2\x0a\xab5\x98\x9fR\
tu*7\x8c/\x9d\x86\x1b\xdc0\xaf%\x046\xe6\
\xc5E(.B\x18(T=\xc5\xffV\xe3\x86\xe1\x96\
\x95\xce\x11d=xb\xab\xf4i4\xd4\xe5\xa52B\
\x03C\xe1\x94z\xca\x8e\x8c\x0dJ\xf6\x08\x96\xb0ik\
\x98\x1a\xc2\xb0\xd7\xa3\xf1\xf4a:\xff\xbc\x08\x1a+\xcc\
\xa0(\xc6\x8f\xcb\x16D\x91\xf8i\xf5\x89y4$A\
d\xfa0!*z\xaa\xa8x\x96\xc8p\x85\xbb\xc1S\
7\xd3\x821\x9d\x0c?\x8eF\x9e\xb00ta~c\
d\x8am\xaah\xd8\x1b\x13\x13\xdcE\x11\xda\xd00\x84\
\xa0\xa8|d\xf1LW[4R\xe6\xf5\xa8\x9a\x11\xf6\
\xde=6\xe2\x85\x87\xb5\xc1\xe9X|\x08e\x84\x98\xb8\
\x86\xdf\xfeo\xe3\xfe#\x92\xe2r\xce!\xc8\x9f\xc8$\
\xd3#\xee\xeb\x08\xc68\xda%\x84\xee\x09\xf2\xc2M\xb5\
\xff\x1d\xfeh\x97q,\xa4aU\xd8\x87Y\x8b\x1dJ\
Y0&\x84$V\xa6P\x0a\x8f\xc7\x98{`i\xa9\
]vAn\xd1\x84\x0a\x0a\xf5\xc7+\x03W3t\x1e\
\x1d\xf3!8\xde\x10\xf8\x083\xde\xe3y\xbf\xc6E\x93\
A1\xe38d\x0f\xa4t(\x1c\x91\x98\x13\xac\xc7\xb6\
\xe6\xd2\x82\xe6\xab@K!\x1d\xa9\x12(\xa1!\x84L\
H\x83\x0b\xcf\x8f 2\x8a\xb4\x9c\xfdp\xe4uw\x08\
\x12q\x86\x09\x95\xad*\xed\x10\xde\xe8CA,\x13\xdc\
&1\x8d\xb8\xa5\xabK\xb9B\xc3C*\x8ex\x18\xf3\
\xce\xdbH'\x14B?\x11b\xba\xd0\x15C\xd4\x0c\xe2\
\xf08\x83\x8bj:\xe9\x8cD\x84\xf0`9\xca\xfb\x81\
\x9a[\x22xB\x84|\xeaM\xccX\xeeKY$\x90\
1\xb3\x09i!\xc1\xaf\x8c\x93,\x84\x87\x18\xeay\xa3\
\xe1\xe19\xa2\x9fH8\x8e\x943\xd2\xd8\x16\x7f\xad1\
DC\xa0D>mc\xc2l\x97i\xb60?\x1aH\
~\xb20\xe5\xe8\xa7\xc9\xe0a\x88\x10[\xb2\xc5|\x86\
\xd3\xa9'\xa8o\x0bs\xce\x09\x111*\x22r\xf1S\
\xac\x95\xb0s\xddD\xb0\xbc\xc9((\xb2\xb1|U\x15\
\x1a\x14\xec0\x16\x86h7\xf2\x8cl\x0a\x14A\x1c(\
?>\x81\xaa\xc8\xe1:\x09\xb4Bx\xa0\xcc\xbc\x06\x99\
\xbd\x16>\xf8.Le&u\x82O\x91 \xe4(X\
\xe2c<,$#Zb+u\xcdT\x0fA\x02\x83\
<\x8d\xc6\xaa\x85\x82f4\xad\xec0\xde[&PA\
*\xa1\x98\xe0\x96\x0f\x05\xd9!\xd0\xbc\xd0\xeaP\xec\x1b\
d\xc2i\x99\x09\x1b\x89QTS\x10\x9b\x0fY\xa91\
\x84\x08\xc1a\x8f\x07s\xd7\xf0\xd2J\x1f\x07\xfe\xa68\
\x0e\x89\xbf\x87u\x18>\xfe\x08\x0b2\xdb\xa1\xd4x\x97\
\xa0M\x90\x876\x0d+P\xa2\xd3\x91\x93\xce\x10F\x0c\
1UH\xd8b\x15\xb8yX\xc6!\x82\xc8T\x94\x19\
Q\xe5!\x0c\x1b\x18\x1e$lT\xd2\xa4$a\xb4\x09\
j\x84\xf8!\x1f!g\x18\x18\x22TE\x08\xf5.\xd2\
e\x0dK\xe6\xad\x85EP\x85\xa2~\x8a\x87\x8c\xf4\xe4\
W5\xa4!f\x9d:\xf4\xf5b\xaa\x93\x93P\x0d6\
\x1a:V\xc2\x88\xb8\xb97\xa5z\x9aVC\xfbj\x84\
\xb3\xe0O\x84\x89^d:\x9b\x8e\x84\x106\x0fO\xec\
\x83v\x88mrAaF'\xf8`\xe0B\x96\x88\x84\
\x02\xc3X\xa8\x85\x85\xb3\xcb\xbf0/\xc1\x91\x90\x87z\
\x97\xc7\x18\x9bl\xc21W>\xf3\x05\x06\x99\xdc!\xac\
\x08R\x15\xd9\x97i\x5c\x98\x1e\x1aSGh\xa1\x85\x07\
\xcaL\xd0\x0a\x01\x17^\xd8~\x05\xf1/A\xe6\x11\x82\
\x1e\xf1\xee\xf9Bb\x12\xa5\xf8\x0a\x0ai\xac\x1fb\x98\
z(9CW\xcc\x1f\xaa\xbb\xa6E,\x95\x96\x93n\
4?LP0\x1cC\xd1\x8c\xd7\x89B\xf4\xfa\x5c~\
>\xf67\xe3\x87;\xe8\x12\xf3@\x91'9+xR\
\xbc\xb8\xb3\x88_<D\x90\xf9\x9e#H\x98\x04\xca\xb4\
r9\x84?\xc4(\xbc\x8f\xcc\x1a\xd3\xbb\x09\x97u&\
HX\xa2\xfa&\xc2T\xec0\x10\xc5\xb2K\xc7\x93*\
~\xd5\x96x\x1e<|\xf5=\xc63b\xcd\x91\x09M\
\x10\xfe\x95\xfb\xa0{\xd12\xa8\x0cJ4\xf6\xa1c&\
}\x083\x0a\xbcD\x91\x0dC\xb3\xcb<\x04\xebU\xa7\
\x1bwr\x0d\xc6\xe5\x05\xdd\x0b\x94\x22\xecA\xa4a\xdf\
H\x22\x91\xd2`\xcc80|\xcaH\x9cS\xb9+\xb4\
`\x08\x0f\x16\x87T(\xaa%\xe8\x9et\x11;1\x0a\
\x97q\xc9uf=\x186;\xea\x89\xe7\x8f~\x18\xb1\
\xba\xb2,\x85f-\xec\x1cM\xb0\xb6\x16\x1c\xcaf\xde\
*!\xa6_^\xfb\x8b\x99\x0c\xd3K`\x98\x98(\x90\
\x9d\x19I\xa8\xebW\x05\xbb\xb1\xc8\x1b\x18\xa1K\x16\x12\
)\xf9\x90T\xd4\x17\xcbZ\xcf\xaf?\x12/\x90B\xe9\
\x19'#L\x88.\x82[2f\xc2H\x0c\xb35\xdc\
;l\xad\xfa)\xcd6\x5c8\xc5#2\x97\xb8\x84\xc2\
H\x15\xbf\xe2\xc8\xe7\x0c2!\x92\x05\xcb\xa8\x0a\xab0\
\x11o1\xba\xa1\x12\xd8j\x0c\x07N\x83\xeb\xc3$\x0a\
\x0ekXX\xb8\x8dJ\xbd5:\x18\xd6\x18\x87\x18U\
#\x0c\xaa\xf2\xc8(\x1a6\x15\x99\x87\x993\xc4l\xc3\
\x849\xd8\xd8;a\x1e\xcc\x09G\x87\x18a\xf00X\
(qK\x9c\xc7S\xb9\x12jc&\x85\xee\xa8\x93\xd0\
0\xb1\xd2\xe4\xfa\x03\xe3\x86\x09\x10@(\x90\x131\xd7\
n\x03\x03B\x15t\xeb)((\x15\x86\x03\xbdA\xe9\
\x8er\xfd\xf2&\xab\xdd\xc3\xf1\xbc\xc9x9\xc7\x10\xc4\
R\x9f[w\xdf\xb1\xbe\x16OW\xec\xb6\x11!\xda\xe0\
\xaat\x1c\xd1\xf1\xd2\xa1\xa5\x15\xdc\x06\xc2L\x14\x8d\x5c\
M\x99_Q\x9d\xc7\x03{ ]\x06j\xb6\xa5\xb0 \
\xf5\x13\x88A\xea\xa0\x7f\x9dFz(L\xb9\xc7A}\
\xdaL\xceb\xe9I\x88K\x9b1\xb7\x97&\x7f\xce\x13\
Lq\xc1\xef25\xc5\xb3@2;\x81s\x97\xcd\xe9\
\xe1\xfe\x0dcMp\x1c\xd0\xb8\x91r\xc6\x00\x88\x1fT\
#\xf1\xce\x87\xba%a'\xd12\x06!\x87\xd6)m\
\xfblt\x87C\x8d\x12\x94\x16J\xcd\x16\x224\xda\xbd\
\x07\x85\xc1\x02`\xbd\xc4\xb5\x9b0\xf5&\x16\xb4\xd4\xd3\
\x9f;z\xc9\x8c\xee\xbb\xf3t\x0dR\x18\xf3Wqz\
\xe1\xb1 \x92\xf4\x01i\x89F\xfa\xac\x99\xa0/\x17R\
\xa5\xe7\x93\xa5U\x8b\xcek\xb5\x13\xd8\x89\x96\xe1\xa1\x1e\
\xab\xe3\xabt'\xdf\xe4\xa1\x9b\x9c\xaaGe5\x17\xc0\
\x8f\xce\x22\xf1}\xe8\xa6\x5c\x12\xa1\xe7B\xa8\xae\xa8\x8c\
\xa3eu*\xce|\xb9\x1a\xee\x83\xa559>\xaa\xd8\
Po\x01\x9f\xcbi\x96qu\x85\xe5F\xc5\xb7.\x92\
^\x91\x7f\xef\xf68\x85m\xcc\xd0\x82]\x88\x22\x06\xc6\
\x03\xc8D\x84\x9f\x94\x89\xde\xa6\x8b\x85\xa6\xb8\xcd\xf9\x05\
7\xe0\x81bbo\xbb\x5c_[+\xbdp&\x91\xca\
\x02=T\x9c\x1f\x96H\xb4\x170~Xv=\xf5\x09\
\xfb[\xe4\xfc\xed\x0a$A\xaf\xae$\x97,\x14.\x02\
c\x9b\xd1\xbe\x17hZ5\x89\xf8D\xaf\xd4\x90ki\
!\x99\x7fh\x05\x85\xad\xd3\xe9\xd0\x96\xf8i\xe7PC\
\xcf\xb8\xbe\xa8\x99}\x19 i\x9e\x9dl\x81\x86l*\
\xf9\xf9\x9a\xac\xe9\xab\xecW\x03\xcc\xa8\xd3>\x91\xbe\xfe\
,\xc0%\x9f\xac\xb3\x8e\xe4\x0a\x15\x0a\x06\xa4\xe5\xb9\x9b\
.\xce\x7f\xa9\x84\x18\xf5\xc7\xd4N\xbf\xfa\xcd&\xe6\xc4\
\x94IUT\x0f\xb2\x1fb)*\x14\xd1\x99We\xb5\
\x0af\x1f,/N\xe2+\x1d\xcb\xc7\x8c\xf7q\xd9B\
Co5\x9a\xf4\xeb\xd4\x9e\x09\x97n\x0cv\x1d\x13\xa5\
\x0bX\x91\x83\x84\xc2\x99\xf3\xca\x0e\x87\xcd\xfc \xf7\x15\
\xc5\x1f\xf2A\xe4\xb9\xd4\xd0+\x19r\x0a\x18\xb5\xf9|\
\xd9\xf2\xdcIPSK\xc2\xaezQ\x9e\xbf\x9c46\
\xfd\xe2\x0fn7P\x06\x86M\x97CV\xd5y|\x12\
HLU,?nUXl\xd6\xe8\x84W\x9f\xac\x99\
\x02:Aq'8\x1b\x9eQl{\xbb\x19\xc9\x19\x17\
\xbb\xd3D\xb0\xdd_\xd6\xae\xfbg\xec\xd7\x09JA\xec\
\xdc\x7f\x9c\x7f\xb3%\x9c\xae\x14(\x12\x94SZ#[\
\xdb\xccv\x83\xf9\x81\xceD\x00\x5c\xb5\xfb\xed\x84a\xb2\
E\x85\x92\xab\xb4\xac\xd7\x06\xa5\x99\x95\x09\xcd\xd3\xe0\xeb\
\xcc=\xff\xda\xac\x9fEG\xc0mm\xdf\x19Lu\xeb\
\xb9\xe3\xab\x09,\xe32\xe6\x9e\x8b\x82\x8b[/\x1b\xba\
r\x010\xb0s\xbe`|\x05\xc92bH(\xc6\x94\
\xb6\xd2&\x0c\x01\x88{/\x9f\xab\x8e\x8d\x07\x04a\x0a\
)\xc8I\xea\xea.\xc9|\x06\xae(\xb2\x8d\xfcN\xfe\
N\xeb\x1b\x13\xed<\x02\xf6\xd6\x94\xbe\xc2P\xa7ur\
\xf0\xa2\x85\x1d\xcd\xb2\xccvC\xc3~:\xb9(\xc7\xaa\
.\xb5\x97G'\x01\xbbGH\x91L9\xfeT#T\
\x96\x06X2q_\xa5\xc4\x99\x0c\xb2\xd8\xf2NB\xcc\
\x964\x0c\x1b-\xd0\xef\xa8s^b\xc8f-a\xba\
\xb9\x85V+7\xb1\xa7\x1f\xd6\xab\xf8\xea\x9e}\x11\x11\
\xbaC2l\xb2\x90-\x08\xb6z\xc5.rf\xd2\xf2\
\xf8\x0bkJ^5\xe1\xa0\xae\xda\x15\xd7\xc7.\x9f\x81\
\x96\x81\x7f\xca$\xf4\xdb3\x9a\xdda\xe0\x89\x7f\xe3K\
\xa7\xe6\x07\x00\x06\x86/\xe7\x02TE\xfb\xb6\x85\xa6y\
\x07\xad\xae\x19`\xb3\x00$\xc5\xcc.P<>y!\
5\x98\xc0W\xaf\x0e\xff\xe1\xbd\x92\xd2~`Y\xc2\xc5\
\x8e\xf9\xb9d\xac\xe2F\xab\xac\xd6<\xd4\x93\x041\x16\
D#\xca\x15\xf1\x8cW\x86A}\xfd\xb0\xd3!\x1a*\
\x8a\x1c\xdfu\x17\xe4K\xd5'\xeb\x1c2J\xe2\xbc\x00\
\x86r\xab\x94\x95\xf8\xed\x1es\xdfb\x808t=4\
\xb4&\xe1\x19\xbf\xb9\x08,\x1e\x03\xac1\xe7W\x06\xed\
llE^np\x9dB\xa3\xdf\x7fY\x91\x19\x18\x84\
\x928\xad\xb14\x5ctb\xc8\xac\x86\xf3\xadp\x15i\
\x87\xca&I(\x94\xd9\x183\x9c. \x7f\x08\xc1\xa1\
mu\xac\xe0>v\xa2A\x04GMx\xc9d\xa4,\
\xfd\xa1\xb4Rd\xe2\x94\x82\xc4\xe57\x15\x82\x8a\xff\xe9\
\xf3\x19r\x1c\x01\x87;\xfa8\xd0k\x9a\xd2\x89\xc1\x12\
\x9a\xb9W\xb8\x16D\xfa~?\x1a\x8f\xbb\xcfyY\xe1\
\xd20\x03\xb6\xe6\x7f\xc6\x9b9\x0f\xa5t\x9e+\xbf\xad\
<\x9a\xcf\x14\xf6\xbc\x22A^\x0bPI\xbf8\x97\x05\
a<\x8a\xafT0\xa0j\xc8(\xca\xff\xafq\xaf\x82\
0c\xf84\x9eB8>\xe0\xa6N\x8c\x84\x91\xd8C\
\x87\x80W\xe5o*~P\x91\xee\x82\x9b\x0c\xd9\xc1\x8a\
'\xca\xee\xa23\xaa~)\xde\xa9\x7f\xff2\xeb\xf5\x19\
\x9a\x88!\x0c\xfe\x11\x1e\xf6\x16\xe7\x12\xdeY\xb5\xab\x94\
\xdb8ec\x83\xe9\x0a#\xd9R\xdb\x80gtjS\
\xda\xc6\xa74 \x8aj\x88\xa0\x96\xde\xce\x06\xed\xac\xa8\
-u\xe4{'WLe\x96\x09\xc3\xef\x9d\xd7\xfe9\
\x8dd\xfcl\xc7\xb7\x84\x1dB\x98e\x89\xd5v\xc0\x1e\
\x9b\xfd\xb5\x13 \xcd=o\x22\x84\x01Q\x9fT\xbe5\
\xf12\xd6\xd7i\xbez] \x06\xf5R\xca\xf4\x9f\x14\
\xaf\xc9\xd1\x0b\xa8\x18\x10\x83\xc3i\xf1\xd2\xba\x81wo\
\x9cjY\xb1\xf7\x80p\x94\xc7:P\x9e`T\xb4o\
\x85~v\x82f\xf8\xb5\x9e^\xa7R$\x7feA<\
\xe8\xd5\xa8f6!0\xd5\x5c\x83N\x83C\xe0Y7\
Y\xa9a\xebg[|\xbc\xe5VU\xc0c\x03`\xf2\
\x18yi\x9cb#,\xef\xac\xc3Y\x8b\xd9X\x86\x1e\
F<\x0c*6L(D\x0e\xac\xc2\xab&\x82D\xb5\
u\x09\xb2rv\xaa\x93 \x945\xe1\xbd\x04l\xe1|\
\xf0\xbc\xc1\xa7\xa7\xce8\xcc{3]<\x0f\x9a\x9d\xd3\
\xdc\xca\xedSYhF\xcc\xa0\x10N\x0b\xb1\x95\xdc\xee\
\xe1\xc0+8\x03\x89`\xfb\x83\x10\xa9BQxrC\
\xc5\xe2\xb1&\xce\xce\x96\x14\xffZ\x11\x8b_\x07\x04\x10\
\xd5\xd0\xb3P\xd5\xa2\xf8\xf5\xd5\xa6\xb3\xa0SoYI\
\x9c\x03o\x19\xfa\xa0\xc2\xa8\xa6{\xe4\xa6l:\xea0\
|\x0e\x1a\xcf\xa8=\x1ei\x7f\x8dNm\xba\xd6K\xb8\
n\xb2\xce\xaf\x1f\xdd\x11V\xf9\xeb\xffO\x82\x92\xbb\xb1\
\x99\x1fV\xfc\x9a\xb9nw\x13\x06\xb5\xf4\x03\xc5\xc5\xd5\
\x9b\xe2\x83j)4\xec\x80\xc4q0\x88\xf6\xb8\xb1i\
\xad\xc5j\x1d\xa9\xea\xa2\xa3\xb6\x8e\x8f\x9d\x1eH[B\
\xff#CQ-\x1a<\x1bD\x025\xa7]\xbc\xad\xc9\
)8\xbf\x9d\xc9\x07\xd1U\xc21\x92\xe3\x13\xdd\x86\xbc\
d\x22\xce\xaa\x89\x9f\xf9\x8f-\xf4\xfb\x93\xb1WG\xb9\
8n\xa2,\xe6\xcd\xea,\x03\x97kXLg\xff\xc9\
X{y\xe5/\xe8Q\xcf63\x82\xd2\x94\xceGQ\
\xfa\xe3\xaf\xcff\x97$\x12\x14^\xa4\xa0\x96\x91\x14a\
\xa6\xd1IBu\x12\xf7t\x08\x01\xd7`H\xa3\xbd\x90\
n\xb1e\xd7\xa8\x7f\xe42\xc6\xa9v\xa0\x09\xc03\xac\
\xf0\x9e\xca\xd7d\xc7\xa3\x1b\x0d\x1f\x7f\xcd\xa6\xf6\xe6\xc3\
\xa6gS\xa1)\xc3:?T\x88\xd6_+-m\xaf\
\xb1\x19\xba!\xf0W\x99\xff(jq\xd6\xba\x05\xf0\xc6\
\xbbU\xfc\xc5\x8a\xb5\x84\x08\xcf<O\x941Vx@\
tbg\xee\xa7rc\xfc\xf7\xd3B+\x12J\xd8k\
Z\xd6\xa7:\x98SA)H\xa9F\xc7\x18\xe4\x1aw\
V\x18a\x93F\x83\x84@\xd9'Y\xc9\x90j\xd0t\
Wz\x9em\xd7\x821\x95\x10\xa5c\x0c{7\xe4G\
\xc6\x5c\x19\xe1\xfb\xb6\xcb\x85\x0fx\xac\xa2\x05\x9eU\x8c\
OMoP[t\xa7\xc3\x7f\x8be\xcd\xceJ\xbd\xe3\
\x81$\x1b\xf0\x84\x8b\x9b\xb3\xa6\xd9)7h%\x1dv\
\x8c\x9d5\xadUI\xef\xdcv\xc8J\xc7\xc1\x1c3.\
V\x04n\xa3\xd6\xf2\xf9\xc8\x9a\x0c\x92!\xf9\xe4\x04$\
\xff\x1a\x9d\xcd\xbcQ\xb3z{\x87[\x9c\xe2c\xa0\x85\
\x04\x8c\xebN\xd5K\xb4\xde\xb3\xc3\xf8yg=\xb6\xdf\
\xfb\x95\xfc\x94\xcd:\xd5phx\xf7\xd5\x18BK\x17\
\x10\xc9\xf8FdAhi\xe2\xeeg;\x0aZ \xb5\
\xad3U\xe9^\xa8E\xda\xb2\xe6\xaf\x1c\x88\xb4\xef\x00\
\xb2Z\xe1\x8d\x01g\xf8I\xae\x97M\x06sI\x14\x10\
\xb2\x84S\xa6$\x0e2\xccY(_\x90_5!\x9e\
2/$\x01\x02\xa3kM\xd3X\xf4\xc8\xc9\xed> \
\x17\xd6~\x18LO\xe7\xbc\xbc\x9f\xef\xb0_P\xfc\xe2\
\x0ev\xc8\x0e\xb5:\xa0\xf4\xdb6M6\x87y>\xbe\
1\x7f\x8e\x5c\x93m\xfeK\xa1D\x8e\x8fG8\xe9\xb7\
/\x0fQ\xf7J\x1d=%\xc6\xe3Je\xb1\x93`\xde\
\x9d\xe8\x10s\x00\x13\x82\x04V\xc5\xa5%V}y*\
\x9at\x03\x14\xcaY\xdf\xe3\x08\xa3\xf5\x97\xc2\x94~\x97\
JJG\x84@\x01\xfb,cX\x85\x05\x89\x05\x80\x05\
\x0c\x91\xa1:\xfb\xd43\xabp\x9b1,\x82\xfeI$\
\xde2\x04\xef?\x88\xdcl$\xa4\xcdf\x0f+\x8c\xc0\
\xaf\xda-\xc1\x0a2\x12cn$\xbfA3r;\xbc\
\xa2\x8co:\x94\x10\xb8\xc6\xe7p+\xb9\xea\xe1\xb8\xf5\
4\xd8\x09\xcb%\x8a<\x19NT\xb6\x22\x9cZ\x186\
\x84\x18\x5c\xd5\xae\x88B\xd8m3\xa2\x85q\x98\xad\x84\
\x99\xaa3\x0d\x1bJ\x10\x91\x09\xa1&h\xa4\xb8\x1e\x8f\
\xe1\x0ao\xad \xba&\x9a\x04\x87 \x0a\xb9\xf7\x95\x9c\
j\xb9l\xf7b\xe1{\xac\xb6xfDG\xe1Xa\
\xec\xc9:1\xe3\xe7\xaeg6\xb7^\x91=va\x88\
0\x94JH\x18C\xad\x10(\x1b\xfe\x9b\xb1\xfbj*\
\xbb\xa632!8\x5c\x99\xc6\xb6\xf2\x0f[\xb5\xccb\
\xe6\xc3\xed\x15N9N\xd0EG\x900#%)\xa4\
\x16\x9d\x09\xf3\xa8\xfad\x9ea\xb0\xc9\xea\xc6u\x94v\
\x8a\x09\x91\x94\x9fq\xd9\xdb\x90|\xd8\x846\x12\xd5\x84\
\x0eg\xe1\x11\x8a\xe9\x04J\xa3\x0c~\x5cx\x9a\xc6\xa4\
\x1c\xad .-\x95\xe8\x11T\xb09Y\x8cH\x82\xfd\
<\xd2\xca\xbcW\x84kc\x82\x12\xd5;\xc7\x163A\
6\xe6<|\x86o\x83\x95.\xa9\xa1\x9c\x18\xaf\x88\xc1\
!\x97\x19\x22\x84v\x9f\x08\x954\x86+of\x22\x93\
\xf0\xb8,\xc8\xc4\xd6\xf34\xcf\x08\x92\xd4\x0d\x22\xbdc\
\xbaP\xa8@\x96C)\xd3\xe1\xa39tb\x0c\xa7\xdd\
\x5c\xdf%\x0e;\x9e\xc9C\xfc6L\x19b\x8c\x93\x8a\
\xb1\x8ce\x9f\xbc3\xc4\xc2\xcfY\x87\x10c\x9c\x13!\
ad\x14\x8bz.W*\xeb\xdc\xef\xc5`M\x98\xd0\
\x88W\x8aa\x12Z\xde!\xd4\x95\xa3\x98{X>\xe8\
\xb0\xc8L\xb9\x8f\x98op\x9f^RyqQ\x85\xcc\
\xc6\x98\xd6=\xc3=3\x9f\x86^\x8a\x9bxa!a\
4\x1a,b\xeeq\x11\xc7\x10c\x99U\xe2h&F\
\xaa,<\x0ek\xff\xf0\x1a\x95E<\xe1\x5c\xc2\xfb\xec\
\xee\xcd\x9d\xb6\x84,C\x18\x1e\xdcJ&\xa8\xf1 w\
\xc8\xaaV!\x9crx$\xb1+h\xe1H\xa6\x81A\
\xe13v\x7f?\xc1\xe0eG\xb8\xf6)\xc3D1\xa2\
>\x15\x06\xca\x86A\xf4\xd1\xb4\xf3\x04\xf3\x00Q\x19\x0e\
~\x00G0\x02\x14\x16\x97@\xc2\xd0\x86\x840\x8e2\
\x0b\x83\x11,F??\xa2=R4\xd8\x0d\x18\x01\x17\
\xf1%\x88{\xed9\xab\x9fN\xb5M0(\xa1\xc6V\
G\xbbp\xe5 [8\x92\x920\xb2\x10\x16\xb9\xfdN\
\x9c\x89\x06\xb1Vm\xa1\x11\x12\xa4;\x1e\x15]\xb1\x9b\
\x9c`\x09\x9dr\xa8\xa0(\x84\xb0\xd6\x8d\x8b\x83p\x9a\
>\x04\x8b\xc3\xd5l\xd6\xaf\x9dd\xcc\x97\x10\x14\xe6\xf1\
\x8e\xf2\x98\x82$B>\xd5\xdb\xca\xe2Ft\x1e\xb4\x10\
\x18#!\xc6\x15\xa1C\xbbx\xe2\xcd\xa8:D\xf4X\
\xa7\x1f*\xf8\x9a\xea\xb1\xd0\xaaJ\xd8\x98 \xb9&<\
H\xa6\x0aE&\xbbT6T\x94\x1e/\xdc\xe3\xa9b\
(\x0e\x0a\x81Vu\x19\xcf\xa6\x11\x1d\xde\xe53aP\
\x5cc\xcf@\x19q\xe5P\x08\x9a\x8c\xfb\x1d\xdaT<\
\xae\xd2$\x93\x91\x1cB$\xb9!\xac\xcd4\xc2\x8fP\
\xef\x9bV\xdc\xb0\x82\xed\xd1j\x16\x9c0\x9901\xf0\
\x9ah\xc6 \xb7\xe8\xb1\x8b\x8fN)\xd1\xe4q]\xc3\
\xa6\x91\x8a\xa6 aAB\x04\x89\xa0\xd0\xccC\x18\xe7\
\x0a1k!\xdc\x13\xa2 S\x85\xc0\xbbA\x186\xdb\
0\x9d\x92\x90\x83\x1b\xf6\xb9\x99\xb1\xc8\x19;\xdc\xea\xc6\
\x16*:\xa66\x88\xe2!\x18\xb8K`;\x8c0!\
\xbaJ\x0f\xb7\x8cdV\xe1lc\x99\x06NON\xf0\
\x22fr6\xc24c\x1d\x1c\xce\xd0\x90G\x98\x1a\x09\
;\xd1u\xba\x82A(\x99\xca;wf\xba\x99\x90J\
\xc3D!\xe3\x8c\xa8f8z!\x1f\x9f\xe9\xe7\xa1#\
J\xc7\xd3\xd9G-\xe1\x1d\x03\xfd`o\xd5\x8ct>\
\x9a8Pb\x12=B\x90\x840a!T(\x1e\x03\
E\xdc\xbf\xf4\x1d,\x9c\xf0B\x9eh\x1a\xce\xa5\x0a \
\xa6\x9aA\x144\xa1\xcf\xa8\x8cD\x88\xa8>\xb5\x81\x0d\
a\x13\x8d8\x88\xa8\xf3s\x0d\x89\xa6\xa2\xf6\xd6xU\
B\x10\x11i\x08r\xf4\x9by\xf8\x98\xc8?\xf7\xc0\x9d\
\x0a\x89`\xf7\x8a\xce\xe0\x83\x8b\x10\x1b\xfc@Q\xceU\
\xf2<\x902N\x0c\x80\x81a\x9a\xb4\xd4\xe9\xe0b\xc2\
\x9b\x82\x87\xf2]\xaf\xa5\x99\x11\xa2\xcd\x08\x0b\x22\xf1b\
\xb8\xc1\xd1/D\x84F\x90\x9aA\x9e\x0cO\xb8\x13\xc2\
\x84\xa9#wC\x86\x1b\xe2\xc4P\x0bm\x04Y\xc8\xc4\
\x83\x13Rh$!Ur\xdaP'J\xa9G\x13\x82\
\xb3\xe5!3\x1dU\x1a$\x9ex$L\xf0\xc7\xec\xf4\
\xd1\x88\xf3\x83\x83\xa3U\x08\x9d:3u\xfdO\x22\x8c\
r'\xc8e\xa2Bat\x8d\xb1\x22\x8f\x91I%_\
\x09\xc1\x0d\x0e\xdb\xe5~SU\x16~\x05\xba\xa204\
c!e\x11\x1a\xf7:\xbe\xcb 2W\xe8%D\xb0\
P\x1a\xd7\xc7\xdd\x04\xb61\xce\x93\xa3!\x0c\x9b\xb4\xe1\
\x1aGS\xa5\x10\xb6S\x1b\x07g\xd6\x19#AD\xca\
\xc6\xf7P,\x1a\x11\xcav\x87\x7f\xc1\x11\x02W\x19Q\
\xb6\x91FH\x05\x87\xf0\x1c\x13\xc28\xe1\x81\x8f\x11E\
\x081\x8cf\xe3\xa1H\x06q\xe6\xce\xd42Q\xfb\xea\
\xd9\xe8w8\xb7\x86\x89VR3\xa8\x8a\x09\xe2\xcc\x84\
j*%\xba\x03\xf7X\xec\xf1q\x84)\x90\xdb\xd88\
(aF\xb7\x86\xd1e\x99l(#\x12\x99s\x1e\x1c\
\x0b\xe3M\x0b\xce0\x84\x8d\xbe\x89\xff\xb6n\x8bM\xd2\
y\xc3\x85T\xcc\x87\xa3\xe46\x812\x19\xaeB\x86\xa1\
\x08\xaf\xf4\x91$\xc1\xd8\x22\x5caH\x151s5(\
w=\xd3\x99K\xc3\xdb\xb6\xd3`Jxl\x22\x16,\
\xe1\x9d>b\x9c\xa2#\xe8I\xb4\xf6\xd0\xc40$\xa4\
\x08\xd2n\xef\xde\xf4\x98c\x09\x0b\xae\x83U\x09\xb3\x99\
P\x9b\x04\xad\x11\xc2\x91\x11;U(\x04\x85\x15f\x1c\
*a\x5c\xc8\x83Z\x99\xc5\xffSo\xb0\x04+!#\
\x89\x88\x18\x8d\xc2\xa3\xb2\x1e}\x94\xf8\xcc^\x8c\xbb\xe8\
\xcbW\xb6H!\x8cO\xee!\xfc\x08\xb5\x82lW\x04\
\xf75F\xd5\x85a\x0a\xa3\xcc\xe3AT\x05\xb3\x16\x8d\
\x84\x86\x06\x0bC\x97\x8b\xbf\xc3\xca\x86\xca\x22\xee\x8d\x13\
AQI\xe6\xd9C\xe7\x81\x92\x0e\xc7\xfb\x22\xd3K\x03\
g\x82\xba\x05\xe9\x22\xdf<0\xc6!x\x059l\xc6\
\x89\x1a\x91\xdb\xa1l\xf8p\xb8\xb0\x18\xf5tH\xd7\xc6\
\xc3\xdca\x94E*L\xc2\xcc\x86f\x9d-E\x1f\x0a\
\xcd\xc4!!\xc8:\xb3\x84\xa0\x7f\xdc\x8c\x9b\xb0\xb0:\
\xa4\x10\x97C\xc4\xe4\x8b\xf0J\x8c4\x18\x11\x22$\xbe\
]\xa6x\xc4H\xcb\x7f\x12Rq\x9f\x08\x09\x1d\xe9=\
\xe6\x84\xf9\xfbq\xe8\xbfg\x15\x8cS\x12e\xc2x\xa4\
\x0d)\x17\xb7\x08M\xa6\xc3\x1f\x22b\xe2`\x99\xac\x10\
F\x1d9\xeb\xb0p\xefA\xea\xde1\xd1\x08\xd9X\xc2\
C\xe0-\x1aQU\x8c\x03\x83\x82\x04a\xc8\xc2;\x93\
{\xb3\xa0|\x08^\xc2\xda\x08\x85\xcf,\xef\xa0\xdbr\
\xa0bc\xc6\xf8\x86\x85\x85\x1fd\x18\x9a\x04\xaa\xd1\xb8\
\xb9\xcf\xdd\x91'^\xfev\x90\x84C\x84\xa44\x97\xd5\
\x10\xb8Xhhd\x18F*\xd5\xd8\xca\xdcI\x8b\x99\
\xe3\xe30Atc\x0e1\x81\xe3\x85\x22\xc8\xa5\x08\xc2\
r\xe2\x17\xcdT\xeb\x99d\x01\x93\x88\xab\x0c\xc1l\xc3\
\xe0\x9dct=\x16%o\xc7dF\x8b\x8e\xd8C\xa6\
p\x91\x06Ne\x84v(%\xf3\xd1A,\xa9s\x10\
+Yy\xa9\xf2\xd5G\x90o\xb2\xe2\x84\xc7;A.\
]\x18l\xaf\x12I}Yp.\xba\xe7\xed\xaf\xf6u\
\x92.rR}\x08:\x17\xe4\xbb\x86\x05aT\xfd\xa2\
\x9d\xc0\x8d\x1dE\xc2X\xacG\xc2\xf2\x07;\xc7\xd0\xd3\
:\xc1\x11\xba\x88\x87gJP\xf2\xc0\xf0\x10\x8f\x19\x7f\
#\xa1$\xd4\x09a\xb3\x90\xd0\xa4\x9a\xb2\xf6Y\xe9x\
!/\xe6EL\xf8\x04)\xf4\xe4'\xa1A\xfc\x8a\xf8\
Q\x88\xe1F\x18\x02\xb5\xd6c\xb12\xc70\xfc\x05\x06\
S\xacI\x84Z\x18\xa4\x10\xd1s\xb0+vB\xf5\xdc\
\xad\x1a%\x7fk#\x8e\xb4\x0d\x06\x06\xab\x06\x89\xb9\x8c\
L\x85\x0d\xe3\xa9O\xa1\x5c1\xc6\x1d\xac\x84\xd1G\xe7\
\xac_DD\x5c\x1d\x13)\x12\x1aV\xcaloa\xdc\
\xb0S\xd3\x8a\x94A4\x8a\xa4q\x0d.\xb8Q\x14B\
\x87W\xe6Ld<\xdc!\xa2cr6!\xa2;U\
rf>\xb2\xe9.!8\xe2\x9c]a\xb1Uvr\
\xf4\xd0\xde\x99P\x98\x07\x09\xc3,\x22h\x02g\xac6\
b\x1e\xb2\xb2Qt\xe1 \xb5\x13\xf6B\x84\xc3\x8e\xe0\
q8Bv\x82*[|\xcb?\x09f\x19\x0b\x95L\
\xe6\xee)\xc4\xab\xfc\xdd)\xe2I\xe0\xdcE\xab\xe0E\
\xf6\xea\xa1\x11\x9a\xce\x84\x86w}\xf1\xc3\xefQ`\x84\
\x85\xf2\x91]\xe0:\x09C=&H\xe8>\xf5\xe1\xdf\
\xafIC\x84\x87\xb0\xa8\xc3\xac\x124\x0a\xc6h\xe3\xed\
\xa1\x850\x1ad\x226&*\x8aE\x9dF\x9c\xadC\
W|!1W\xe2\xe3h8ADTS\x02\x19$\
f\xa1\x90\x17\xfcN7\xb7i!\x91t\xee\x09\xe4\x1d\
\xa6a\xb3\x1c\xbbH\x86\x0a\x9e0\xa9\xe44\x8b\x8b\xbe\
\x8bL\x10U\xaa\xa0\x98\xf0\x08\x8d\x8b\xd0(\x84\xf4\xa1\
~&<9BGH\x03\xc3\xc4>\x9c]>\xc68\
3!\x22\x5c\xa5\x90\xe0\x89\xe5aD\x9ef\xa8F`\
\xdc!!\xfc>\x97\x09\xc3\x0f5\xbc\x97\x17T\x87\xe7\
\x1d\xb2'\x0cg\xae\xfa\x85\x99C\xf3\x90\x86\xb9\xec\x10\
\xcfb\x15\x09\xa7\x84\x9a\x9f^\x97o\xc2\x11oP`\
\xa8&\x0a\x0f)\xc8$4HG!\x0c\x97\xb1\xc5{\
\xad\xf2\xd1\x07\xe9\xce\xccJ\xcd\x8d R\x18\xa9\xebL\
Q'\x84z\x1c\xb3/\x1e!A\x1d\x17V{\xc2\x83\
\xf8!\x94\x99\xa4a;\x12\x0d\xab*$-\xc31\xba\
\xfaaBh\xa7\xb00\x11F{\x0a\xcaC\xa3\xc5\x0f\
\x81B\xc5f*\xf1\x17\xc4\xd9\xd2k\xa6#9\xcd\x19\
\x97Nh\xf8h\xed\xff{\x94\xf5\x8b\xb6zA\x07\x86\
\xa0%\x9a\x08M\xe7\xfcB\x08\xa2 aK\x0d\xc1\xd4\
DL\xd3\x1dd\x90\x0f\xde\xacQ=\x8e\x8c$\xf5D\
\x88\xf1\xc8\x87:Q\x11%\xca\xfb\xc0\xf7\x15\x1d\x22\xeb\
\x1c\x1adjK\x14:\x0c\xbe\x8aJ\x9d\xf6\x86M`\
%c\x09/\xc2\x15\xdb\xe82\x0e\x8c\xc6\xa8m\x10\xc7\
$\xd0\xed\xc8\xc9\xb1\x89\xe1\x1d\xfc\x22\x82\x84IQ\xe8\
7\xd2\xa4\xca\xe7 }>\x87\x88O&\x0c\x1f\xa5\x1f\
C\xb1\x8f\xe23\xc23y(\x1b&\xf0\xa1\x9e80\
D\x14#\x9e\xa8\x86\x952[\x81\xe1\xd6\xb2-\xc9\x15\
\xc6p\xe9\x95\x10\x112K\xe6x\x83\xe3\x85L\x91\x99\
|\x18\xe3\xfe\x82e-\x1925!(\x8f\x1c\x81\x0c\
k\xcc w\x98\xb8\xaa\xd0\xc2\x15<cM\x8b\xb3\x10\
\xe6B&\xff\x9d\xc78^/\x97=\xb8A\xe9|1\
\xc3\x10\x84\xa6\xc4\xa0\xe3z\x08\xe1\xcbTV\xbe\x9fO\
c\x97\xc6P$\xe1\x18\x11\xb2\x88\x98@I 'o\
\xd8\x84[\x90$\x02\x87\x8c.\xbc\x9e\xbcL\xd4'\x1b\
\x0au\x02\x16\x15\x9b\xe6f\x89\x12D\x0d\xe3\xcd\x89\xfc\
\xe1s\xd8\xb3\x069\xba*pDd\xf4\x11\x17\xb2\xa9\
\x1e\x8e9\xbch\xf8\xe2=\xc8\x92\xb3\xb2cdA\x0e\
a\xd3\x11\xdd]pb\xa6\xc5\xa8\xd2\x1cB\x83\x08a\
\x0a\x1eaU \x15Oh\xe8H={\x10\x8d\x07b\
\xca\x81T\x0a\xc1xu\xa0\x1c\xa6\x93\x19%T(\xb2\
\xf8`\x08\x0c\xe2\x10\x14nh\xb0FQ\xd8J6|\
\xe21\xa6?\x9e\xb2\xd3O$\x11\xeb#,\x01\x0a}\
\x95~>\x13\xf4\xac3\xbb\x84qu\x04\x8eH\x22\xc2\
\xc3\xe2\x11D1\x9c\xc5^\xf3\x90\xebpf\xe2\xb3\xa4\
\xb7\x87\x90?\xe4\xa1\x8f\xc4w\x98:ba\x8f'\xd4\
\x13\xa2\xf2\x13\xcd\xd24\x18\xde\x89\xeb\xc7\xe8`\x07'\
\xc2=\x03\xa7\x0dc^\x8a\xb0)\xfb\xdb\x9f\x8dJ\xe3\
\x12\x1c&_\x08\x9d\x8a\x9a\xecAaCqf\xc6\x1a\
\x05e\x07\xe7\xb0%\xa45\x5c\x0eaMx\x82C\xa8\
\xd0\xe3\xf0\xce\x5c\x1b\x8bXNH\xbc\x81T\xbf]\xd8\
\xdd62\x86,\xa1\x85\x98@V\xe1\xe4d\x9a\xcbw\
\xca\x86I-\xcf&\xa1\xa7\xbf\xf7\xe1\x5clF\xa4i\
\xf1\xc6Ori\xf0\x12\xaa}\xf8M\x18\x8ef\x06C\
\xe7\x94\x87uA\xa8I+\xe5\x87\xe7\x13\xa2\xa3\x92\x10\
p\xf2/2\x19\x86\xda\x82\xc8\xfa)l/\xc8\xfc\xb0\
\xa0\x10\x0c#+\xd4-v\xb3\x12\xbfF\xf3\x86Nz\
)V&\xd3>\xfaUkl\x91x\x82\xc7\x86`\x84\
PD\x1bL\xa6\xe7X\x1e\x9ey\x06I\xa1\x0cr5\
DA=\x84T\x11\x8b\xcc\xa4T\x1b\xe1\xec\xee\x850\
2/\xa8\xa9\xc2\x16\x14\x0aZ\xc2\x1c\xa3a\x14m\x9e\
\x9d\x0aa\xf5\x10\xc9XtJ~\xeb\xd8\xa11\x83\xc2\
\xc2lE\xd8N\x0bz\x8c\xe8(\x07NT\x11vM\
!;\x13u\x8fPE\xccH0\x1d\x8f\xf1\x0c\xed\xbc\
\x0a*\xfbF\x88I\xfby\xd8|\xbbaX\xba\x93\x91\
\xe0\xb1\xc7\xf0jtV6\xcaD\x86:\xccx\x13\xc3\
\x88\xeb\xdf\xeb$\x02;\xce\xb5\x84\x09\xb9i\x97p\xad\
\xb3\x83\xa7\x97\xf9)\xd6\xe2\x95<$F\xef\xc20\x04\
g\x16\x9aJaa\xa1\x15N\xe6\xb9\x1cf\x8f}\x17\
\xaf\xacD\x08\x12\x9a\x91\xd6\xc5@\x87\xc5\xe4\x91\xf9\xc2\
\xc9\xc5:i\xc7\x95\xe7{\xd6>\x97\x98\xcdD$L\
5b\x22\x91\xd6\x94\x17\xe6BP\xd80\xd4b\x9f!\
!\xc6\x85Df*\x85\xb0 \x13D\xaa)>\xcc\x9a\
g&\x95\xfd\xd2E#<\x16\x12\x14\xfa_\xf5\x0e\x1c\
6b\x0b\xaa\x22\xd5\x86\xe6\xb4\xb2nhP<Cq\
\xa8<\x88\xaa@\x89vA\x9c\xd3\x8a\xf22\x11\xecP\
}\x0c\xeb\xf8O\xe0\xe8#C\x93\x86\xf5\x0d\xc50\xe4\
Pq4\x82f\xfc\xb8\xc3\x0b\x13\x8d\x84|\xa6\xfe?\
\xb7\xdc\x9e5a\x95\xe1\xc4\x09\xbf\x82\x84\x88p\xd6\x9b\
\xd04p~\xa0$n!\xea\x04\x99\xad<\x8c\x17\xc1\
\xe1\x10>\x0c'\x81a$\xc8\xd3=4\xf0\xab\x15!\
:a\x13\xab.g\x86\x0d!BD#B\xbb\x06\x85\
\x09\x0eaX\x0f\x1fr\x8c'\x13\xf3\x87s\xa2{\xd6\
\x85\xa0o\x12\x11\xe1\x8a\x11u\x80\x04\x0d\xc0\xa0\xa4\xa0\
\x01r\x90Rd\x1e\x17\x86\xc24\x86+\xad\xb5H\xc1\
\x817?\x91\x99\x196\x5c\x82\x84Q\xf1\x8d\xe6KD\
%]d\x9e^D\xfde\xd60\xb3o\x16\xe2\x8a@\
s8\x9f\xbd\xd4\x92\x0cWX\x01\xf46\xba\xffl\xc2\
\x8f\x90\x104\xbb\xc7\x9au\xa3\xf9\xec\xf9\x09\xc7aD\
GX7ns\xbdPMA\xfc\xf0\x18\xa9\x89\xc9V\
.\xd8\x96\x88\x87\x90\x8d\xd4\xf54H\xe2{\x90B\xee\
\xd9x\xa1!\xd1`\x90.e\x1b\xb3\xd6\xdd&p\x9f\
\xb7p\x87\xc9\xd5$\x18\xa4l\xc7nyQ\x1a\xf5\x02\
#L\xc4\xfa\x9f\xd1p\x11\x9e\x1e\xa7\x90H\xd4\xd3p\
1\xac\x93>89\x84\x09\xa2\xe9\x8c\x049\xcc\xfa\xbf\
\x1f!\x9f3_\x16\xc2t\xc4\x0c\xc751\x11A\xf6\
\x88\xdbgM\xd0?#\xb6o\x89\xb1T\x8f\xd8\xcc\x82\
6i\xe3\xe8\xe4\x0d\xbd\xe3]\x89D\xc9\xd5\xb8\x84\xfe\
\x11l\x83\xd0r\x09\xe5(\x08%\xc1\x1c\x89\xd5\x93K\
\x93\x8a\xa8\xe7/\x09\x14\x11Y/\x0f\xb1\x02\xaf\x91t\
\xe4\xee\xbdY~\x91\xf2yH\x1d\x14AB\xd0\xddF\
p\x0a\x0ed\xccF\x5c\xc9\x18\x1a\xf7\xb2\x05\xd1O\x05\
\x96?{\xbe\x13\x11\x8f\x84\xd8A\x22X\x1e~68\
X\x12\xcc\xc7\xabUd\x19\x85\xb8\xb6\x8f\x9e\xff\x93\xad\
\x22\xda\x1f\xc2\xd9\x8c\xc2\xf2 j\x90\xb2h\xe8$\x96\
\x91\x10\x13\x22\xb48'\x1aD\x09\xe7\xeaiev\x8b\
o\x85\xe0p\xb6\xf6\xda\x8c\xd7\xcf(\xa3\xf0\xa8\x86Z\
($\xcdDJ\x09?c\xd2\x9d\x89\xa8u\xd3\x12(\
\x15\xc3'b-8B2\x0c\x9d\xb3o\xc6S*3\
\xbe\xc1c\x9aS\xc3&/\xddK\xef\xf48\xba\x14\x8e\
\xb026\x87O\x1b\xae\xeba\xfe\xd0\x90I\xd8H\x18\
\xc7\x12\xc2\x02\xa3\x0dz+\x11R\xb5\xd6\xe8w\xe8\xaa\
@\xca\x85\x95\xcf\xd8\x9bm\xa1Qt\xe2\x04\xee\xc2\xc7\
\xb9\xb3!,\xb7\x8d94&\x13A\x9e;\x1a~\x1f\
\xe3\x07\xe5\x8b\xd8\xa2\x82\xc2\xea\xa0]a\x90\x7fk?\
SZ\xa5\x0d\xd7B\xc7)h\x81$\x02'\xb4\xf3\x12\
\x9a\xa4\x0b\xa3\x9c_X\xeb\x15\x13\xc6\x19\xf18X\xe5\
\xeb\xe0\x06\x86%\xd8 v-\x87\x0e\x8f\x84\x90\xc7\xfe\
\xfc8,H\xcdqp\xfc\x90\x7f\xe4\xf8\xfb4\xc8\xea\
\xb0\x96b\x12\xa4\xeb\xa5\xe2\xb6x\xab\xf4!\x02#\x98\
\x16C\x08\x91\xeds\xf7\xd1\x05\x85\xff#\x9a\xb3\xb0\x89\
\x85%LS\x06\xb1\x0cz\x1f\x84a\xe6\xca\x83\xd6\xb9\
\xfc\x077\xd1>w2\x0c\xd1\x94\x9c\x89!e\x18G\
\xeaX\xcc\xc3\xf6q\xaa\x8f`\x88\x10\x0f\x0e5c\xd2\
\xe9\xceJ\x84\x8b\xe9\xc0\x09\xfa'\x04\x85VH$&\
M\xbd\xd0\x08\x0d\x1eC\x98\x05\xa1{\xbf\xc5\xc7C\x85\
\x88\xb9P\xb7\x848\x9f_8O\x94.\x8c\xb8\x0f\x96\
?\x9dQ\x18as\xa7\xc9\xb8S=b\xd4P\x84d\
\xb7=\xcc\x87\x1a\xa2\xf1\x10\xa2\xfee\x04z\xac^\xae\
\xd5\x0e\x055\xc8Q\xa04n-.\xbeH\xe6\xac\x5c\
\x0c\x87FD\xe6\xcd\xc2\x22\x11\xbb\xd0\xe3\x9a\x01\x0f\x99\
\xcb\x84\x9a\xa1\x9b\xcf7\xe1\xe7-\xdbL<\xe1%'\
a\x8e]\x98\xe9\xd4\xfa\x13}\x9b\x1b\xcc\x10\xa2'\xf8\
\x0dg\x8e\x87\x0e2y\x90kW\xce\x9be\x83L%\
6A\xde\x19\x05{\x0c\x8fQ\xcb\x10B\x12\x02\xa7\xe5\
D\x08\xcb\x17d\xc2\xa6\x86\xf8\xdb\x19+\x8d\x03\xf3\x8d\
\xb5\x0d\xe9<\x0a\xbe63\xe1\x8f\xe6\x9e\xfa\x95\x87j\
1&\xaa\xa9\x84\xb0-6\x0d\xbeDz\xa2\x09\x06Y\
\xe0\xe3\x9f)-+\xc8\xc3\xd5`\x8d\xdf0\xd2o\xe3\
\x91\x95\xe2\x94\x81S\xc70\x17\xe6\xd4\xf4\x94_\xc6\x11\
A\x18\xa4$\xa5 \xf2\x97\xa7.m\xc7:3QA\
8O\xf0k/d&\x12s\xb1\xc7\xd0\xae3\xc8E\
!\xa7%*\xb0\x0ba\xdb\xc3\xb4u\x08\x14\xb2\xedD\
\x15\xd2mk*\xa5\x86&\x0c\x8b\x93y\xc2\x88fZ\
\xe4\x95n\x0e\x0cl\xc9\x10\x5cL\x84 \xb2)\xf3m\
\x82X\xe3C\xf8 \xcc\xb6,\xd0\xd3\xe6\xe5BB\xfd\
#H\x82B\xca\x8d\xa29%8\xde\x8d\xa7\x13\x18S\
\x98_\x85;\x11\x1dy,\x82\xb9\xd0\x16\xf6\xd6\xb1[\
\xfbx[b\xd1\xcc\x8c\x08g\xa3\xbb\xc7\xc8\xc5\x7f\xc1\
\x89\x93LJ\xd61:5!4\x08\x13P\x00\x80\x15\
\x06~\xde\xad5G\xc2b`<dn\xf9\x88\xc6 \
\x11\x13\xb5\x14W\x7f7\x88x\x22wF0\xc8C\x84\
\x09\x0b\x95\xd2\xb6\xafY\xf0\xa7g\x9c\x10\xa2\xf3\xc24\
\xdee\xe9\x1f\x16\x12\x8c2\x16\x13\xc2BZ\x19\xda\x8d\
\xbd\xcd\xa7\x8b\x87\xed<vd\xd0\xbe9\x9f\x03\xe5\x9a\
NP\xb2\xf0\x10/D.C\xc3\x14\x13\xe2\x90\xe0\xbb\
s\x9d\xaa\xb8\x22\x0fS2\xd8\xd2\xd0O\x04'\x1c(\
\xb3\xa0\x8bP\x12\x99\x8fLh\xfa\x08j\xe8+\x9e\xe0\
\xcc\xce\x0e\x0fF5\x87J\x0a\x13\x0a!\x88\x11\xfe0\
&\x88|\xa0\xc5\x12\xe3l<q\x10\x18\x88\x10\x8c\x9a\
\xcb+3\xa2\xfa\x11\x0f\x09I\xf5\x0f\x19\xd9\xb4\xd3\xc7\
\x84\xfb7>\xb9\xd1r\x22\x86\x10\x17*8\xcc\x82\x82\
c\x1a\x8e\xc9\xdb\xe2\x9c\xb9\xe6\x0d#\xa4\xfb\xcb\xdc\x90\
\xb9P\x8bY\x0bJc\x98O\x17Ss>\x9c\xb9\x94\
\x84\xdaz!\xd8\x1cCH\xce\xf0\x15\xa62\xebw\xf9\
\x12\xeb0a\xa6\x98\x19$P*\x12\x990\xfb<7\
\x22\x8cL\x18\xc6S?<\x84\x10\xec#\x14N\x97\xd5\
\x9c\x0es\xa1\x18\x02\x87a\x890T&GG+^\
\x99\x91\xee\x9f\x08\x89l\x82\xc7Sa\x86-\x0f\xe5\x16\
\x97\x04\x8df\xea\xe9$L\xf0\xb0\xf1\x09c\xdb\x14\xfc\
-\xbe\xd4\xcf\x88 \x11\x1c\xcei\xec\x10\x95N\xc2\x84\
\x84W\xaac\xdb\x880,^\xf4NLPd\xeeI\
\x0cS\x96\xd8\x19Z?d,\x91\x11\x91\xf0\x07G\x88\
\xc6\xb3\xd0\xf9\xc3\xf3a\x84(A\xceh\xfaa#L\
\x95N\xb5\xe6\xee\xa7\x06\x952\x96\x89PP\x8e\x96!\
a\xe6%pcM\x88+\xa1\x85(\xb2\xf0\xe9\xe1\xbb\
\x0d9P\xc6\xf1\x8a(\xb1\xc5C\x08\xb96\xe1\x99B\
\xcb-\xa2'\x03\xa5aaU\xa3\xe0G\xb9C\x1bA\
\xfe\x8dI\xcd\xac\x94\x87=V\xa1Ih\xe4\xa0@\x19\
\xbfa\xf5\xb7\xa3\xf6'm\xa4\x12\xa1\xe3\xaad\xc8d\
\xd4d9\xca\xa9D\xdc\xc1\x0c\x8f\x89|\x0a\xcaR\xc7\
p\x8f(d7\x87jC\xb8b\xb0\xc3\x17\xc2\xc7\x0f\
\xc6$\x82\x98AbA\x9e\xd18:\x8dN\xadN\x94\
B\xca:\x13R\x08\x9a\x08\x128\xdbh\x97-\x82\xa7\
9\x84\xceH\xc3\xaa\xfar\x86\x19O\xe2\xa0\xc4\xca!\
?Z\x07j$\xf0\xaaD\x8e\xab\xd5 \x97K,3\
\xf5\x13(\x13\xbba\xba^\xe4r\xf9\x82\xc3Pe\xc4\
\x1f\xba\x9cn\x95\xf9$L\xda6\xb4z\xa6\xb1<\x5c\
\xa9L\xc8eF\xbe\xd19\x0eo=f$\xb8\xdc\xcc\
\xb2.\xceaT\xef\x1c\xeb&\x84(L\x1e\x14\x1fJ\
\x08R\x16(\xa6T\x96\xd1\xb4\xa2II\x13B\xd0\x8c\
)\xd1W8\x1e\x8bo\xb4\xdc\xdc\x10\xa1\xba\xe5\x8eA\
,\xfeb\x11H\xb3\x15\xbd\x81\x22!r\xcc\x08\xe3\x13\
\xa2Q\x11\xe4\x15\x84\x9f;\x14\x11\xc1\xb0\x89\x158\x09\
\xb1\xc9O\x1eKB0D#l\xba\xa9B\xc88\xa8\
R\x0d\xc934\xb3G\xe3\x8a\xc3\x82w\xbf2\x89&\
\x9aY\xa0\xb8\x8dp\x9c'\x03Z\xbbn}\xbft\x0b\
y\xa43\xf1\x1d\xd7\xabQ\x0d\xd1\xf0\xf8\xfe\x10\xbe\x84\
\xb0\x82A\x95|\x82F\x92\x10\xbf\xc8\x99#\xa2\x11\x83\
\xcc\xf7\x1e\x22L\x11\xc4\xf3Z\xd8yt\x12j1\xe3\
\xc8f\xb4 \xef\xb0\xf1&\xd0\x9b\x15&!\x14\xd5\x84\
\x8a\x0egST!M\x98K\xe0\xc8\x91\x972v\x93\
\xd5\xfc!\xdaEF>}d\x9a\x09\x7f\x8cR\x9d\xe4\
\xab\xe4!v\xb9\x9cq\x90\xeceD\xf6\x84\x09\xb2\xa1\
\x97\xc1\x1f\xff\x15_l\x86d\xf3\x22\xf5u\xb3\x0b-\
GK\xebg\xe5<\xe3\x95\x12\x0e\xcb\xbe0\x8b\x04Q\
\x10w\xae\x8c\x03\xcf\xf0\xc4g\x8ba%4\xa3\x09\xab\
\x5c\x08\x12s\x91\xf5\x82\xe2Rt\xd8\xf5T\xe9\xcd\xd8\
\x99\x87\x88\x18\x89\xe9\xe6\x0a\x7f4\xf8\x94KV\x1a&\
\x0b\x11\xcbrO\x222\x0e~1!\xa2A\x9c\xcb\x09\
\x91ps!\xc2\xffF8\x15\x8f[n\xd0\xc3dL\
\x90FBK\xaf3\xe1\xd705\xa4!\x1a$\xe3\xf0\
K\xec\x08!\x86\xbd0\xf2\x13\x8e\x0e\x22\x0b\x03\xe5\xb2\
\x84\xb8\x90A\xd9\x04G\xe1\xe0x\x82F&H\xe0\xfc\
\x08\xbe\x18\x95\xc2\x03?\xa3\x07\xc7\xf5Dl3\xfff\
(\x12\xe2\xd4\xb2\x09\xa9!d\xe8(\x872D\xc8\x94\
\x94\xfd\x92$\xd3\xe8(\x8e\xff\xd1\xb5\xce\xc3!\x07\x91\
\xfe\xa1\xb6Z\xd3'\x884\x1c&\x94\x11\x83\xa7\x93\x98\
chf\xc2 \x0fT{[\xd6\xb5\x92\xaa\xdf\xd1w\
\xe7\x94\x8b\xdc\xa8\xf4@\x82\x07#y\x91y@G\x10\
\x00c\xd6\x09t\x91\x9a\x87i\x1c\xcb\x0eD\xa4\xd4!\
\xf5\x5c\x14\x00\x00 \x00\x04 \xac\x91\xc6=\x90\xca\x10\
\x0d\x02\x1e|\xd4\xca:\x06@?5\x1c\x93k1\xdf\
\x18b\x036\xe4\x11\x8f\x13\xe5\x80\xd7\xb9dK\x18\xab\
\x1e\xdbZ\xac\xaf\xa13A\xf4\x89\x88\xcc\xa5\xd0\xc2#\
-t>\xd3\xa4X-L\x8cO2\xd7\xa6\xd2\xc9\x8a\
\xfa\x00\xfd*zV_s\xcfC\x00r`\xa84\x9c\
%\xb8\xbb\xcb\xc2VJ_\x03t\x5cM\xad\xa1\x94\xfa\
\xee\xd6WF\x14n\x9fl\xc0\xd9\xa4\xb0}${\xdc\
\xdf\x8c\x14\xd6\xb7\xe9\xe0\xdd\x0d\x9c\xd7\x187\xc9\xf87\
\x9e\x13.@[\xa28\xc2\xe3i\xca\x7f\xcefW}\
\x9c\xa3\x8c/\x84\x9e\xf9)\xfeM\xaa\xba\x86\x83\x8d\x8f\
FJ\xb18\x0eB\x9d:q\x0b\x04\x18\xfft\xf5\xe2\
\xf6*lj[\x98\xb7?7\x04bH\xea\xe1\xd8Z\
\x190\xb9k\xa3y\xc3\xd4t\x9f\x898-\xd5\x18P\
\xce0\x88!2\x81\xe5\xe9\x89\xf0\xd2\x993\xc5\x91\x80\
\xff\xe8\x16\x1e,\xaf}\x1c\xaa\xa7iz\x9a-Pl\
\xb2G\x8er\x9d\xa3%\x8a\x92@\xb7thR\x83\xd2\
\x80#\x14\x90\xaf\xc7\xe9(#v5`\xecT%R\
\xe2\xa3!|\x17\xcd\xe3\x9e$*k6d\x8ap\xcf\
p\x0bGV\x86\xe7*\xe3\xde\xc6\x80>\xa8\x14a\xd3\
d\x06\xc5O\x10\xbc\x80\xea3\xaf\xfe\x1e~T\xb5H\
\xce\xbc\xcbEH;\xc7\x9b\x97\x8ap\x03J\x91\xe2\xbf\
\xa3\xb0)\xe1q\xbe\xac%\xb08\x0b\xab\xeb3\x22\x83\
@\x92<6\xd6\xbdr\x86A\x22y\x98\x05\xb2\x86\xcc\
\x9b\xae\xa3\xc9\x02\xc7W\x1d\x04\xd7o\xefa!\xedt\
\xfb\x09z\xd76f\x07v\xd3\x00\xd72\x95l9\x7f\
\xc3\x02%5\xcc\xc1[\xa8|\xdf\x5c\x80\xdey\x06\xd5\
:\x5c\xc0\x8e\xebPa\xd5\x9a\x88\xb2\xb6\x8e\xeek\x99\
_\xe1y\xc7c\xc8\xdd\xbdb\xb1x\xb0t\x04\x85\xf3\
\x9a\xaex\x03v#\x85\x15.\x98\x89\x7fG\x1909\
JJ\xc7\x9c\xb9\x8aZz\xf1\xaf\xcc|\xb0\xf6/\x0e\
@m\xf7~\x16\xf1\xf5\xf8\x02t\xea)\xf5\x0b\x9e\xf9\
FJz;@\xfd\x1e\xda5\xe1H\xc1\xab\x16Q\x93\
\x03\xaf\x16\x1e\xc3`C\xe7^\x7f(id\xd2\xc7\x7f\
\xb8DFg\x97\xd0\xc0I\xfd\x09V\x95\xbf\xc6t?\
\xdc:6\x0c\xdb6\x92\xaa\x93p\x17\xe0\xbdM\xd3Y\
\x91\x81G4\xa3/\xab\xe2_\xb4\xcc\x9b\x8a\x9dC{\
f\x84m\xcd\x16h\xc6\xd1~\x80-]\xad\x8a+\xac\
\x05\x8cv\xd4\xa9\x0dJ\xc6\xf8\xa1\x89\xd5\xb9?7\xb1\
2\xf2\x91Z\xdd\xdb6A\x00.\xa7\xea\xfd\x1d5\x0c\
\xeft\x0c*\x82\x0fH\x1c\xf1\xe9\xed\xcf\x94DQ\x16\
y\x96u\xc0:\x09d\x07k\x82_\xb7\xd9\xcdi\xb9\
o\xc2\xafF\x80c\xbd\xf7\x8f\x89\xee\x97+v\xd3\xb6\
-\x0d\xbf\xe46\xea\xab\xc0\xc0\x18{\xf4M\xfd\xc0\x18\
q2\x90{rX\x1a1\xbf\x87_`\x08\xaa\xa4\x8b\
\x80D\x11\xaf\xf9\xa1v\xbd\xb6\xbb\x8a\xf0\x98|1\x0d\
\xd3@,5\xb8\x996\xac\x91JH\x8cq\xc9j\xc9\
\xe2\xd3\x0b\xc7\xebzr\x03d\xec9GA\x02L\x03\
m\xe8K,|;p+\xea\xc4\xb9\xddu\x9dM\xea\
\xbc\xb3e\x14\xc6\xa4\xe3j\xf6\xc8V\xea\xc7\x8fsF\
g\x91\xca\x1fZ\xd8\xecVY\xa1j_\xee\xa7l\xd1\
*\xb1\x80\xfb\xd62\xd5\x9bk\x06,\xdfy\xea\xe3\x11\
\xd7\xe7b\xb6n\xe9K\x0d\xdf\x0e\x82\xce\x82\x115\xda\
\xa1wX\x10a\xac\xb3\xc8\xf7\xffZ\xd4\xf9(\xd7\xcc\
\xe3\x8f\x02\xb1\x1b\xa7;\x9a\x06,e\xc4\xe4!\x13\x0d\
0\x02\x9a\xdd\xd4a\xbd;\xd1\xeaF\x94;,\xa3Z\
r\x9dk5\x04\xd7\xf7P&\xd2\x84\xf1]\x14E\xe1\
\xc4J\xe2\x07\xff\xa17\x04.\x13 \x1c\x19\xaa\xe0X\
Abr*\xba\x9d\x1a`\xae\xcc\x8b\x09\xe3i%\xd8\
\x02\xda\x97\xb7\x96\x90\xfa\xe7\xf2e%\x9e\xaf}Fl\
\xbfMO\x80[\x04\xac\xe4I~Wnf\xfaZ\x8f\
\xf80\xee^\xa1\xa2<\x94\xb3j~\xd3\x0f\x9bl\xb9\
\xe01\x88\xd2`VLXb\x7f\xcbmi\xef\xb0\x17\
5\xefN\x83\x11h\xfa\xe3\xf8#\xa2\xc4T\x8d\x1ec\
\x84\xf5\xa0\x8c\xef\x0d\xd3\x92k\x8b9\xdc\xa7\x16|+\
\xba\xdb[\xe7l\xc1\x7f\x00\x0f\xf0\x9er2\x07\xd9^\
f\xc4\xbd978\xb4NdO\xf3C\x8f\x00\xbf\x19\
%\x97\xb0x\x9c\xef\xca\xc0\xfa\x06urd\x83\x8f\xb2\
1L\xcdwU\xee\x91t\x06qG\xa1\x8c\x9f\xf2\xe7\
\xc1\x12C\xe7\x189\x22L\x9f:f\xd4\xb5\xa5\xae\x1f\
J\x1frnW\x09\xfe\x04\x7f\xe04\xc8!\xf9\xf2\xc3\
y~\x1a)G\x93\x0f]\x8e\x16\xc3\x9bB\x90!\xe3\
\x88T\xb2\x8f\x01\x93$\x8f\x920\xf0r\x05\xdd\xff\x8c\
\x06\xb0s\xbc\x889\xa3\xd0\x0a\x91\xe5J\xd7\xba\xb6\xca\
b\xae\x1a\xfex\xffw\xf4\xd24\xd1u\xf4Z\xe35\
\xf0\xeb\x005_$\xaeQ\xbb]\x82\xb4\xe2\x09\x8f\xa6\
6\x06\xba\x12\x17\xb1\xc4a\xfd}\x9b8f\x14i \
\x07?\xa2\xf1\xc8\xdf\x10Z\x9es\xb3\x5c\xc93\xe6r\
\x81z\x88\xd00\xa4\xdb!`\xd7\x14X\xeat\x05\xcb\
\x92\xbe\xf4\x8d\xedJ)spR*\xf7\xd6&6F\
\xda\xf3U\xf3\x02wm@\xc0\xa9\xdb\xca\x0c\x99\xbbh\
\xe76\x09Q\xa3a\xb4\x18h\xbb\xcc\x86\x92Ei\xa6\
,\xa9\xd7\xb2zy\xe8\xd6\xf2Q\xcd\xba\x97m\xc3%\
\x16\xad\xb7\xb4\x9e|\x12\xb1\xa2Nl\xb9\xce\x02\xb2\xc8\
c\x8d'\xd4\x1d5`\xf5\xa7\xf2q\xdb\x9b\xea\x0f\x0c\
;\x14h\x9c5!\xdbc;@\xab\x80\x0d\x1bb0\
~\xa8>$o\xa7\x18Yq\xf6e&\xa9,\xe7\xfe\
\xf0\x02S\x12\xc1\xff\xa6\xde;U\x11\x9b\xde\xc3O\xce\
\xc6\x8dy0Ty5+\xbb/\xf9\xf9+\x11\x07\xab\
w}\xa56M\x07\xf0\x06\x07\xe9\x1fl\x7f\xdf\xb4\x01\
\x84\x9a\xa9\xc6\x07\xc0\xbd\x94\xe0\x22_\x14\xad\xab\x22\xb7\
Q\xa0\x15\xa2q\x10frTZE\x94\x12\x05\x07<\
\xe9\xf6 ]\xfa\xe4\xe4\x02V\x13\xca]\x04\x08tk\
\xca\x83*+\xb2\x01\xa8\x1c\xc0kz\xc9X\xda\x11\x05\
\x12\xc7+\x91\x09\xc3\xa9\x5c\xf9\xca\x96\x1c0\xa0\x055\
9\x0b\xc2\xc8\xb5\x08\xea\xd8\xef\xa4\xd51m\x15X\x0a\
\xf9\xa4\x90&Q\x81\x9a\x95S\x15J\xce\xc4\x1f\x07\xea\
h\xc0\xeb\x82\x19\x0f\x8f\xaaC\xbbx\xce\x17\xf5\x81\xef\
_\x82\xc1D]\xbc23N\xb8a\xc2\xf2\x136\xe9\
\xa4\x86\x83+x\x912\x089aj \x14\x0d8K\
\x03\xa9\xc6\xad\xc0\xc5^\xe1\xcf\x02\x96\xe2\xb2\x0b\xd7\x22\
\xa5\xc1\xe1*\xaaq\x03\xb5\xb8\x98\xe9\xd8\xda\xaa/\xca\
\xf1\xc6\x12\xddX\x0dmK\xc20A\xa3\xc7X\xf0v\
\xb2L\x89E\xbd\xd5\x9a%\xb8\x04a\xcd\xf3\xd5i$\
B\xe0\xbc\xea&J\xd1\xd0\x85\x80d\xb1&\xc8Qs\
\x0d8\x8f\x11\xfe[\xa5tX\xa4npe\xe5v\xc6\
k\xf4P\xd4\x87\xb8\xe6\xc1\xce\xce\xbf\x8a\xbe\x5c\xaa\x91\
Z\xaf3\x89\x06\x04\x88\xf2\xdf\xf0\xbe\x11qbi\xa6\
\x03~\x95Ik\xb9\xafH\xa1\xe6\xfeo\x8dD%J\
\xcd0\x13G\xa6\x82\xcc|\x8e\xa9N \x9b\x8a\xeb\xca\
\x99\xf7\xf3E\x0f~8\x15\xb3P\x17\xb4eV\x96\xe7\
\x8f\xaf\xa6\x97D\xe3Dd\xaa\xd5\x11A\xf9=\x83]\
\xf6\xd8T\xf2\xe0\xb8\xe4\x12\xe9\xe4[A\xbd\x8d5)\
\xea\xcag\xa20v\xddv\x12\xac\xbb\x82H\xe6\xf4w\
\xd9\xca\xc6j\xca\x0f\x8bS\x89\xbb&Fk\x99.\xe4\
62\x1b\x8f1\xad\x1a\x14\x22#\x9e\xa1\xe4\xe5\xecG\
\xe3\xb2D\xfa\xa2\xadp\xf0\xe3\xd5\x97R\xfc\x13\x96\xec\
\xea\xbbt\xc7i&\x96\xdeKxF\xb4\xbbuw_\
\xf6\x03U\xf3\x89\x8e\xc8\xeb\xffV8\x5c\x14\xffU\xd9\
\xa72\xe3\xcd\x07\xd8\xa8\xc3a\xfa\xf9\x01\x07\xf0\xa4\xef\
cD\x0dI2\x84\x03\xbe\x16\xa3q\xfe\xc8w\x0d]\
\x89'=\x5c\xb6\xbeZg3\x87\xe7\x1d\xdbKb)\
\x17/\x16\xfe\x15k\x10\xe4*0o\xffo\xcd]\xa0\
\xd0\x92\xa4X\xbb\x9aP\xbb\xb8>\xb5\xfe<\xe5\xf8N\
\xb9\xc5\xf6\xb59\xf5\x0b\x9bv\x88\xf9\xe1\xbf\xd8\xa2[\
u\xb5\xaa\xc75\xfb\xb0|\x0c\xf3\x1c]D;\xc1\xfb\
\xd5\xba\xcb\xbaF\xcf\xccf\xef\xb0&\xc3D\x13H3\
GT\x09\xd7,\x9cfl~ek\xd2\xc3b\x84a\
\x99\xb2\xb6jW`\xf1>\xf7\xfa\xb7\xe9\x12\x14\xbe\x96\
8\xa6G\x02\xf7\x22\xa0D\xa5\xe12M\x9b\x5c\x22>\
;&o6\xf1\xf9{\x99H\x17J\xaa\xe0\x0d\xee\xab\
X\xc3\xbc\x22\x97K<\xa58\xcf\xef\xafn.VT\
[G\xee7o\xb1\xf8\xd80\xe5\x15\x89\xf9x\x91]\
d\x9f#J\x82~\xe1l\x06\xf51\xa0\x8eY\xba\x0d\
X\x0c\xff\x0f\xab\x9d\xf8\x04\x7f\x18\x17\xdf$'\x8fH\
\xb1\x95\xbdS4J\xfc\x89\xe4\x10e=\x89\xf3\xc2\xa1\
e\xe4\xed<Q\xf6_%\xe5S\xb2J>y\xa2\x14\
\xa6i\xe0'\x037\xc1\x19\x8b'\x061\xa58\x03u\
\xc9\xec\x95 \xc9m\xbc@\xe2\xbe\xc0\xd8\x17o\xc8\x82\
Xh\xf8g/\x88\x7f\xa9\x8a+#\xa3\x0a\xbc\x0a`\
\xe0-|\x86\xcd\x0f`6\x88\x1a`\xce\xd4\x0b\xe7\xd6\
\xb0@\xba\xbfW\xbaQ\x88\xb3=a\xc0tmO\xfa\
\x83\x94\x12\x0b8:O\xe8N\xcfo\x95\x09r\x8d\x8f\
En\xc5\xd7E&l\x14>\x8b\xf6W\x80\xb2\x97\x05\
\x9e\x1f\xba\xeaW\xae\x9c\xb7\xda.\x00\x08\xae\x0b\x05{\
U\x1e\xe2S\x0c\x101:\xc3'@\xf5;&\xd9\xe2\
\xbd)k\x8e\xe6*\x8f\x8f`\x91\x130C\x91\xa4\x87\
\xe7\x0d\xca\xcfC\x91\x11\xae\xb5\xd6yx\x1a\x88\x16\x82\
f\x8b'\xe8\xabr\x97\x99\xcaZ\x8c\x8d &\xbd\xc5\
f\xce\xb8\xb5H\xa1D\x87h\x9f\x1c\xfch\xdd\x17\x9b\
<\xec\xb93a\xa8\xb6\xaf G5\x0d\xd4\xe2\xecB\
\xdc%\xd0\xf2\xc0\xe4s\x8d\xe4'\x0b\x94\xdf\x5c\x84$\
NG\x9a\xe2u\xc7m_ \xde\x89d\x03\xfa\x19E\
L\xcf:\xbb\xb7\x86]n+`\xa8\x8f\xd3\xd4(\xa5\
\x88\xe0\xee\xe5=\x19\x9e\xe8i\xf7Bm\x08P\xd6T\
*C&y\xcd8v\x87\xed\xfc\xc8\x0c\xcc'\x9f8\
\xf9V\xa6\x03x\x91\x91\xbeE\xe3\x22\xe7\x10\xfa5\x9b\
\x85-<\xc4\x9e\x1a\x19\x86\x96\xfc\xf6>\xe5\xec\xde\xf9\
\xc7\x0a6\x8f\xdcv\x0dQ\xbe\xc0\x11\xa3\xd2 \x88%\
\x0f\x9f4n# \x09\xd6\xf2\x9dyk\xa1\xb8\x9f\xcc\
O)\xcd!0z\xc4\xb1\x9f\xf8\xc6#\x0e\x96\xf5\x90\
\xc6rL{&\xa9+\x96\x8c\xe0\xd5\xa5C\x120O\
{\xe8\x90\xeb\xab\xbc\xdfc\xe8\xc5\xc3\xe2\x8a\x1f\x11u\
%\x9bQ\x1d\xce\x8f\xa5\x18\xba\x07\x1b\x88\x15\x8b\xe0\xc7\
\x5c\xd0ZOh\x18d\x80Z\xc4\xa0.F\xde[\xa2\
<$i=\x87\xddg3k\x8a|<7\xfa8\x8c\
\x8f\xefZ\x18\xb2\x8bVj\x05\xeb\xd5\x00R\x8c\x99I\
kh(\x93\xf7/S\xa8\xfc]\x98\x10Z\xa4\xa5\x14\
\x0f\xaf-KgL%\x02D\xcd.KR|/;\
.[\x5cmU\xd8\xef\x8c2\xdb\x22\xbb\x1c( b\
\xd2\x98\xe1:\x03\x8b\xe1\xe8\x08\xc5\x95\xe6a#\xffp\
\xf5\x16\xdb\xdc\xf0\x98\x9b\xe5J\xc5\x8b\x09\x8f\x85m7\
k\x0c\x16\xef\x96\xee2\xc6\xff@\x19\xfdZQ\x15\x8d\
\xe3\x17\xbb\x99P\xbbwp\xef8Y\x15Y\xc64\xb9\
c\xf1\x15\x93=W1\xff\xa6\xc4a\xf1K\xff\x9e\x98\
t;'\xe5M\xbc\x123\x90\xfc\x02\x9a\x0f\x93\xa4\xf0\
\x9e\xfb\x05\x03H\xaf\x22\x91\xc0\xba9\xfe\xbc\x8f3\xb7\
\xe4\xc0\xda\xb7o\xa0\x0d\xf3Mvs;\xbf\xe7\x10\xe3\
 \x93\xd4TRM\xf9\xd8\x0a:\x9c`K\xecD\xc9\
\xa4\x93\x16c6\xcb\xcf\x0eI\xd7\x5c\xa0j\xd6Xt\
t\xb7\xdc\xe0v\x9a7}\xd6\xd2\xac\x99\xcf[\xdf\x00\
\xc4\x99\xcf\xa8\x1c\xd5Y\xf5\x95\x85/W=B\x11D\
\xda\x85\x98\xbc\xe4\x9b\x1cAr\xed5\xc7.\xb4\xf7\xaa\
\xa2ngI\xc2\x80j\xa7\x17\x0a\xcc\x19m\x0a\xab\xe2\
\xd8\xd1\xd0a\xa1eV\x8d\x82\x88\xae\xca\xe9|\x0a\xdf\
\xe9\xcf\xe3\xb6\x16\xf4\xbc\x14n\xcd\xd8u5g\xb4a\
\xack\xed\xf0\x97\x95\xe8I\x0d\x830]\x0d\xe5\xcf\xa1\
(\xe1\xc7\x82\xdb\x8a\x93\xf2Z\xa8\xa6d,\xdbS\xab\
\x0e=\xbe\xcf\xe9\xbb\x91\xba\x5c\xf3\x9b\xe20\x0f\x11\x1e\
O\x9e\xac\x9a\xf51i\x95\x82@\xc0\xbf2\x10\xe2\xdf\
r*\x13\x96\x86\x07u\xaa\xeeZ\x9fJ\x957\xa1A\
kU\x09\xad9\xf8b\xff\xb2\xc3\xbeC\xcc<y\x22\
 #\xf9W>\x9bm\x93\xe1^:S=\x14\x1f]\
\x96\x83\xe5\xacC\x9ab\xb4\xbdX8\xd9\xc2\xf6\xb6-\
\xbd\x1f4\x9a_F\xa7\x99\x1e\xb5\xab\x0c\xbfO\x1b;\
\x07U\x14'I\xea\x1e\xb2\xd7c\xf8\xc0\xde\xeb\x98-\
I\xf6o.8\xdf\x18\xb6\x0aL`\xc5\xefC`V\
\xd8\x99x\xceI\xc2\xe6\x02\x5c\xddT\x9eJ\xb6o\x08\
.\x93\xb0\x8bER\xbb!\xc8Z(p(\xfd\xe3\xc5\
I,\x0d\x1b\xaaoq\x5cn\x9f\xb0\xf8\x85\xd59\xb8\
g\xa4\xc3\x0b\xd4E\xc2\xd6;:\x0c\xc1`c\x9c\xd4\
\x17\x9c\xc0\x8aP\xefY&2\xea=\x9a\x18'\x87\xb8\
\x07\xfcl\xd3+N\x0b\x91\xc5j\x09\x0e\xa9O\xaf\xc0\
\xb8\x88\x06\x85\xa8'\xdf{\xb2\xb6\xe0@\xc4.\xe0\xfb\
\xaeI\xc7\xa5\xe3\xed\xc1\xc4z\xb4k\xd4\xf7:T\x86\
\x99|(\xa3\xeb\xbd{\xce\x91w\xf0\xaf\xf5\x80\x89\x19\
:\xf8g}\xb2\xc9\xaaT\x5c\xf4c\xd2\xc14\xd7\xd4\
P\x0e\x1f\xfa\xf8\xd5C\x86\xf9\x89\xd4\xe2\xefJ\xa6p\
\xc9\x8bk_\xbb;\x09\x1a)\xed\xf75k\x89\xd2[\
X~\x9d\xde\x8dQ\xf3<\xe4\x18u1\x0a}Z\xeb\
\xc2z\x06'\xc8\xa3\xd7\xc6\x007\x0e\xe0\x19J\x0f|\
\xbf\xa8\xc2\xcd=\x0f\xb9D\x83\x9b\xcf\xcc\xa9\x9e\x05\xd6\
vO\xf2\x97\xe0\xdd\xe6\xf2\xe1g\x90}\x02W\x1eg\
\x19\xda\xfb\xbc\xd7\xfa\x0e\xa3\xa7\xa0A\xd1\x80\xf9\xf6\xda\
\xb1\x91C\xcf\x1fN\xdd\xb8fg;#\x85\xcc\xab^\
H7J\x1c\xfe\xe4\xe8\xe3\x0a\x8fV\xaft\xf4\xec0\
\xd0\xfe\xd2\x85\xbe\x13\x1b\xcb\xa0:Z\x09?\xe1\xfd\xd7\
\x9e\xd2%\x0c\x81Z\xa7\x11\x9a\x80/\x88u\x1f\xda\xc8\
\xa6x\x8a\xdc\xe8\xd9` 4\xbb\xa6\x97\x00aw7\
\x88'0L\xc2\x8c\xee\x81AB\x9d\x10L\xdb\xbf\x16\
\x08M\xed\x83EH\xd0mLn\x03;\xbe\x19\xf6P\
\x12\x96=E\xa7\x1a\x8c\x9eE\xda\xdcqK%JM\
a\x1e\x17\xc7\x9b\xd9?\x88\xc9\x11\x98\xdewY\xf0\xb3\
j\x94\xa5F?q\x1d\x0d\xa3\x95X;\x95\x9b#\x1e\
[\xdc\x88FajH\xd4l:\xccf\x03\x22o\xe1\
Sx\xf7S;4\xa4\x81^g\x9b\xde\x10\xd7\xe8\xe2\
\xb4\xc6\x04e\x05\xb8!\xed&\xdc\x1a\xf2\xb0B\xad\x02\
6\x82\x80.VQ\xe7\x08\xe5dG\xe2\xfe\xace\xf2\
\xcc0\xb1=\xb5m\xbf\xf2\xb7\xa8\xfc\x9f\x82\xf4\xeb\xc2\
\x04\xe6I\x84\xa1zX\xf2dy\xb5\xc4<D\xe8k\
\xad%Z\x15\xa1\x80\xc4\xb3u\x89\x85\xe2.R\xbb2\
=\xce\x82U9^\x89\xcd\xb6\xb5n\xe5\x1a\x06N\x86\
F\x82\x12\xf3\x83\x09\xfc\xe3B\xb6?A\xc1\x8bkp\
\xf0av\x82\x91\xb0\xa8\xa6\xc8\x04\xd9\xd0\xfe\xf1\x8f\x9e\
-\xaf?\xc4FP+\xf7\x87\x8cTn\x8fesT\
j\x05[\x11\xa2\xcf\xb2ab\x0d\x0d)\xab\x84\xf8\xc9\
1\x19!~\xdd\xa8\x1c\x94\x8aiS\xfd\x84\xb4J\xe4\
f\x93\x92\xfbx\xdc\xd6@.\x94\xb7<\xc5\x9c\xa3p\
r\x0d\xfd\xd0\x90\x87\xf3r\xb5\xd1\xae1O\xea\xae\x95\
\xf1\xc4\x0aX\x08\x8fw\xff\xd3\x07\xb2\x7fU\xe8B\x10\
o\x17`N\xe7\xe9\x0d\xe5JIL\x1b\xf1\x22?\xcd\
k\xe3\xda-\x0f\x95B\x03+\xd3\x1b\xc1C\xe0\x93\x13\
\x89\xfc5\xfdD\xde\x88b\xac\xbb_\x1b\xcd~\xcf\xd1\
g{\x13H\xea\xdf\xdbd\x96t\x90xH\xa40\x8f\
\x22\x1a\x5cB\xad\xa9*\x98\x19!\x03\xc5\x85,\x14F\
\xe6/\xfa&\x8b\x92*\x1b)\x09\xcc\x02\xdda\x10\x9a\
\x19@\xea{\xdd\x19\x8d~\x9fHK\xf9\xd6\x97\xc1\x8c\
yKA\x22\xa1\x9c\x0e\xd6\x1c/4\xe3+\x01cZ\
R\xaf1vnM\xe3\xc3\xe9X\x1ej\xf0\xactF\
\xf2!\x8f\xb6\xc7\xbc\x848;\x0c\xec\xfce\x93F\xe7\
\xd0\xc6\xfb\x81]\x88\xe7\xff\xfem\xaf_\xb1\xa5\xb2\xc6\
\xa4\xc9\xef\xf2o,\xffA\xd5\x1a\xe7^\xf1\x8b/\x06\
\xfa\x22\xfe\x8f\x8fqN\xd4\xa0\x95}4\xed3\x94\xe7\
!_\xf8\x00\xc4\x15=\xac\x90\xd2\x05Y\xd8\xaeXJ\
7\xef[\xe8\x88\x80\x10t\xc8\xa7\xb3\x9d\xdd\x01\x9c\xc2\
E\xdc7\xc0m\xd4fmd\x1d\x05\xc6\xf8\x8a\x05\x16\
r\xaf\xe3\xaa%\x9e\xed\x06>}\xe6s\xc2'mF\
@\x9d/\xf2\x14f\xb6C\xa73\xc6m\xdd\xea\x96g\
}\xab\xc6l\xd8A\xb7\x01Keo\xd6\x82K\xd1}\
\xa8\x0eA:_o\xdb5\x13\x89y(\xb2~\xdfU\
\xbdv^\x1f\x8d\xf2\xeb\x0b\xd7\xe4VS\xf6\x84?p\
\x9dP\xccxCE\xb4\xe9))\x11F8XI\xa7\
\xda\xa9\xb5\x09\xae\xcc[mXg\xcf&\xf3\xf3\x9a{\
:\x1eb\x5c\x02N)\xdd\xd9ZY\xe2\xd8\x1d\xd9\xb0\
J\x0b\x05rl]\xa5\x95y\x8a\xe1\xb7E1LU\
\xff\xe5L\xe4\x08\xc77\xd8G}\xa1\xd4\x88\x1dk\x0e\
\x9f/z[\xab5\xcdH\x80#\x89\xec\x9a]\xd2P\
\xbfz2\x07\xb3\x87\xeenX\xbd\xf5`\xa1\x9c\x16#\
a\x8bB\xdf!8\xf6\xafN!\xebNs3\xd3G\
\x85\x1aq\x0e\xf0o\x01\xbc\x1aEyo9\x9e\xa8|\
4\x80\xecl\x5cc\xf8\xa6,\xd54\xb3TF\x82J\
2JT\xdd\x9a\xe5\x81\xf9\xe3\xf7A\x1c\x1b\xb3\x93l\
5\xf2\x8e\x07\xd4\x0b\xa6%\xd3\xd0\xa5\x01<\xdf\x8d\x04\
\x10\x90\xf8p^\x06r\x1e\xeb\xee\x93)\xd1\xe9 \x10\
J@O\xa7\xc4p_\x10\xbe'\x1b\xd3Ky&3\
tef\xc7/\x88 6\x94=\x9by\xaf\x16\xcf}\
\x17\xdc\xb1\xbf1u\x91\x9a+\xd0\xf2dP\xfaH\xb3\
\xf0\x82/\xad`\xec\x95\xa7v\x0f\xf6\xe9\xed\xdb\xcal\
\xb7eG5*4u\x8a\xa26\xa4O^\x8e\xcao\
\xddClc\xa6`\xa8\xfc\xb8\xb6\xe0i.\xd7\xd5/\
NqS\x8a\xd9\xef\xf1\xb5\x83\xc5C6\xce\xa7\xbbR\
\x07\x1a\x800X\xf1\xf1U\x1c\xa0R\x15\x05\xa1\xa7h\
-\xe7\xbc\x03>\xc6\xd1\xc6u\x8e>\xaa:p\x18+\
K\xe1x6\x918B\xe6\x8b\x1f\xb7\x18\xb9Q\xc9\x8e\
=\xc2\x0e\xad\x0d\x87\xb9\x91\xf7*\xb5h\x8d\xc4r\x1a\
\xd3XK4\xef\x03\x94|\x02NGF\xe9\x0a\x14\xa0\
\xa5 9?\xf8\xabg\xf5h\xef\x8a\x88H\x04\xb4\x89\
\xa8zD\xd9\x0a\xe1\x0a\xed\x0a\x13\x14\x82\x04\xb1\xe6\x8f\
\x84\xf0!\x9fW$\xaaz81\x85\xb7#\xb2p\x09\
\x92Qd\x12\x15\xea\x18\xdcG\xf4\x11F\x96m2\x84\
\x13\xc76\x1d\x09\x940w\x08\xeb\xb0\x0e\xc2Y\x08\x91\
\x04\x894a\xf2\xcd\x08#\x04\xca\xa4\xf1\xaf1\xe6\x04\
\xbaa\xda\x10$\x13\xc1AJ_z\xf8\xac\xa4\x18\xe2\
It\x0e5-\x96\xbckd\xd9\xa8\x93a\xdf\xa0\xa3\
\xef\x0c\xbd\xb9\xab\x1df\x99qrN\xc8\x90\x87\xe0m\
\x0e\x09\x1e\xe5\x8a$\x88bA\xf4M\x90\x10SY\x19\
\xa9\xd3\x93\x9e[db\xe3\xe1\x9fE\x18\xcb\x16\xacH\
\x83P$\x9bHH\x1e\x82\x14f\x9fo\xea\x1d\xe40\
\xf5\x84\xec\x07\x11q*\xca\xa5\xc3\x85j\xa1\x91\xf1L\
$\x19\x06\xae\x0aoST\xee\x89T\xe7\x1b\xa1\xf8\x04\
\xc3f\xb5D\xd4a&\x87\x1d2t\xd6\xd3\xe2\xd8c\
\x81\xdcg\x84\x0b\x992._E\xcfp\x89 An\
\x00\x02\xa5C\xf7\x0dg\x18\x122_\xc34\xc6\xa0\xa6\
#\x85<x\xde\xb3\xa1b\x91xQ\xc7\x9f4\x0c\x86\
\x5c\x02\xc7\xe3\xf9L\xefFx\xe3\x98\xa0\x89;S\xb1\
\x83\x83\xeck2\xc95\xfa0A\xda\x1e\x0a\xcf\x04C\
\xcc\x1f\x9b\x9e\xf9\x90\xb1O\xe5\xe0\x85[RU\x12\xb3\
\xe3a\xa0Cz1\xc6RhB/O\xc16<:\
;\xba`W\x93m\x9a\x8f\x12\xc7\xe6\xe3\x1b\xae\x97@\
\xedA$\xf0\xfd&\x88\xff0\xddH\xb0ad\xce*\
A\xe3\x19(a\xc2d\x89\xe0\xe2b\xa8\x9eT$T\
\xea\xc0i\xc9\x10fv=(\xcc\x9d\x18$\x18\x92\xdd\
b\xaa\x0e\xa1Q\x8e\x91$\x13A\xf1\x09!\x1e!\xdc\
B\x10\x8e\x84t\x95\x9e\xb5\xad\x0f\x09\xd1.\xc89\x0a\
\x9f\xb1\x9e\xfd\x1b\xd3x\x97\xa9\xf7\xd0\x0b%J\x83\xdc\
\xd1\xce\x87\x22uc\xe6\x8a=\x142\x04?\x1b=Z\
\x95\xb3R^\x1e\xeb\x16\xc7tBL(\x17f\x0c\xf9\
\x96\xbc\x08\xfa%\x90\xd4L\x8fP\xef\xf0\xe8#\x08\xbb\
\x866\x88*\xbf\xcc\xf8\x04Cc#\xee\xf4\x93\x1d\xb9\
\xc8\xc4[\x848\xea\xc5\xd8\x07\xeflD\x08\x1c\xba\xd5\
\x18\x12$u\x10\x85U\x1c\xdb\x87\x9f\xb1\x84\x10\x9ea\
\x98\xab\x8aevd!\x1eu*\x88;\xc5\xa1\x98Y\
sa\xa5\xfe\x90WDB\xcc&\xbb\xf79/\x09n\
\xe9\xd0#\x1e\xa1\x92\xec3\xa1\x0c\xa4\x5c\xe2\x98 #\
\x99\xda\x7f\xa2\xc6<\xf7\xca\x04G\x09\x0d\x8e\x84\xdbX\
\x1e\xe3W3L\x8402=''~vU3\x16\
\xbd\x9bk\x1ad\x17<\x5c/u\xfc\xe1Qj\xda\xca\
\xaaDU\x99\x10w\x84P=\x9a\x87M\x9c\xa4~\x0d\
\x97`|\x11C\xc9\x82\x81\xb7\x22\xa4\x22\x0f\xc9=a\
\x13$\x84\xf1\x15k\xe8h\xd6Z\x22\xacR\xf6\x89w\
\x5cu\xa4\xf6(a#\xc1\xd3\xe8\xaa\xe3\x0f\xcbl\x14\
\x86F\x90\x03wib\x99I\x8b\x9fc\x22\x8c\xc4\xc8\
F\x89j\x98J\x08\x11\x22\x88\xba\x09{L\x10\x8b\x93\
\xba\xe9\x1e\xac\xa1\xfe\x09\x0dA\xa7\x16H\x87`\xd8\x0d\
\x9d\x5cj\x1d&\xd4CV\xfe\xb93Lt\xb2;J\
os\xe8\xc6\xc9\xe8X\xa0\x1e\x02\x85\xb2\xb5\x1d\x86\xfe\
\xd8C$g\xc5*\x19W#\xb1\xae\xd1\xcb\x0e\xd2\xd0\
jx\x9baDw\x08\x09>\xcc\xc6\x9e\x8egB\x85\
R%Bx1I\x99OC\x92\x86\x11F\x07w\x0b\
\x94\xd9;?\xdc\x94\x10D\xb1L\x0e\xfe\x16f\x9aR\
\xe9\xc5E\xe2n\x9a\x06\xbf\xdd\x9d\x19\xdd\xe3\xebom\
\xc2\xda\xde7\xaf\x88x\xc8%\x96\xa5\xaf\xe3\x0eq\x9f\
\xcc\xf0\x9a\x85\xc4\xea\xec\xc2\xe20&\xb9\xdb\x22\x8e\x84\
#B\x1a\xb1\xb5n\xe1\xe3\x88\xdd\x98\xeaA\x1c\x8b\xf1\
\x90\x9aFF\xec\x19\x86\x11\x11\x0f\x13\x87\xfe\x19\x8a\xa6\
\xb5(\xeb\xf2\xb4!\xc2\x99\xaePp\xa2a\xf3\xc5\xd2\
\xa7-\x82\x8c\xda*m)\xc3\x910\x8fo\x82\xf4p\
\xda!,\xfd\x16\xe3\x14\x8c{\xa1\xe3\xbf\xe4C\xa3u\
N\x0a\xd5a'\x99\xc7\x0b\x92L\xfcR\xd8\xdb\x09\xa2\
5\xa4S\xc9Ca(w\xf8'q\xa9\xf0\x88c\xd1\
\x84\xc6\xe2b\x09\x950\x9e\xa8|X\xea6\xc2\xd6\x91\
/\xf3\xd0\xe5e\x5c\xa4\xb5\x10S\x850\xf4\xf2`\xed\
]\xbc\x0a\x9dl\xaf\x9d\x83}\xb6\x94\x0c\xddp\xd5\x90\
\x91\xb4s\x18a\xce\x18\x1fn\xd3\x10\xa1\x11\x0c\xc1\xe8\
\xfc\xb1\xe5\x8f\x09\x8d\xc2\xf0\x91N\xa2r:\x9a\x16\x83\
\xe6m_h(\x1c\x22\xe7\xb1\xd3\x86\x98\xf7\xd2\x10x\
\xa9H\xfb\x185xCj!\x97\xbb\x19\x15\xf1\xd1\xa2\
Y\x0a\x1e\x87\xc4+\x09\xf3J\xb5Ox_\x85\x09\x19\
\xfe\x98\xd89\x13\x12h\x8a\x8c3\xa3\xaf\xd1\xd1\xf4\x0f\
T\xcb\x98\x85\xe4\x87t\x89'aBC\x98\xe0\x90\x0f\
\xb7f\x9cR\xda}4\xd4|R.\x1bcN$5\
\xad\xde\x13\xd8\x0b=C\x19/\x86\x9ez\xb7\xb4\xe8\xd6\
\x18\x1b\xa8O\xd5w\xa4\xb7or\xce\x87\x13\xa8\xc6Z\
\x86\xda\x1cg\xde\xd7!\x1cB\xd0d\x1a\xcf&\x197\
\x14\x94\xf8\xfc\xd5>\xde\xd6x\xe1\x1e\x8a8\xc8\xa2\xd6\
\xdc\x133\xcd\xa0\x87 \x95g3m\x0a\x7f\x8cv)\
8\xccI\x88\xe8\xc3\x0du)\xa5\xa3>\xff\x10\x9b\x10\
\xb85\x0c\x87\xe2\x8d\xc2(\x22H\x9c\x10U\x0f\xcd\x1a\
_ %\x87\x1e\xab\x83Q\xcb\x03\x1733\x17\x0d\x05\
\xc9\xa3\x7f\xe8\xf0\xc0\xce]8>\xbf\x97\x107\xdfi\
*:\xbfLT\x14]\x0eB\x99d\xc2\xac\xbc\xa3#\
(}\x83X\xf9\xdc0\xa1\xba\xc5\xc8Ux\xb8M\xba\
\x1a6Fo\x1e\x97)\x19\x9a<\x00W \xdd7\x88\
G\x82,/c\x1a\x0f\xbd\xa1\x0a\xad\xdc\xa7\x1c\x0e\xb1\
\xab}\xa8Ltc\x11o\x8b\xb8\xc9 j\xa8Ss\
kg\xeb,P\xc8\xec\xe0\x87\xc69\xcd6Z\x8da\
\x0bz\xea\x04\x0d'\x8aF6\x99\x8e\xb0\x8a>N\x8f\
\xe9\x84z\x1bo\x8e\x08\x0c\x0c\x89ad\x84\xa0De\
\x93%\xde\xd9\x89\x19J\x1c\x22!\xa4\x12\xcd^\x9e\x12\
\x22<\x84/s\x89\xd9\x9a\x85\x10/\xec\xc0ED \
\xc5\x1b\x85\xa3\xa3%\x12\xf7y0\xeb\xb8\xb2y\xd8\xa5\
H\x16Rw\x9a\x10\xab\x0d\x5c\xccuL\xc8-\x08#\
B\xf4\x93\x14\xd3\x049\xda\x8e,U\x98L\x89\xfd\xaa\
k\xc3\x08\x1d>\x19\xa4\xd3\xc4J\x84^\x84\xca7w\
P\xf0\x04\x89\xb0p\xcc\xb0\xc55\x0c\xd3\xe7\xea\x9c\x8b\
%\xb8\x0c\xf1J\xcc\xa1\x1c\xf9\xcd9i\xd6\x19\xcb\xa5\
\x1fE4\x1a$F\x84q\x9c3L/cW\xd2\x8a\
3\x81\xb3Y\x9d\xf0\x8f\x88h\xc4-\xc9\xd2\x93\x86O\
\xb4\xea\x1e\xbe\xe9\xc4\xc4LH|\xe7\x12\xa4\x0bm\xe2\
M\xfc\xb2M\xf1\xca\x96\x12\xa2|\xfb\xaf\x81\xa2\x10\xca\
\x98E\x18\x07\xf9\xc4\xe9\xe0\xd6\x87p\xfd\xb6l\x0eG\
\x88~Tp\xa8\xc3\xf4\x1d5\xaa\x86G\x88\x13\x15C\
\xbc\xaf\xb8P\x8a8\xb4\xd3\xf8\x0b*\x1eF\x22g\xb1\
#\x09\xc3\xb3\xb4\x1f{\x90!8\xd8\xd0\xe8\xbf\x12\x09\
\xdd\xd3q\x9c\x94&\xa2\xe6\x08'L\x08M\xbb\xd0\xb0\
N\x8b\xf3\xc2\x12\x0e\xbeb\x88\xf0\xb7\x17i\x84YX\
,\xd8\xf1\x88,<<\x84!H\xc7OY\xc2\x98p\
\xc5P\x89\x17\xd2\xd88Xb*Bw\xc8v\x1b\x86\
\xc6\x00LH\x13\x82t\x1c\x96\xea\xf30\xd3*\xdcF\
0$*\xe7\xe81a\xe67\xc9\x1c\xa1\x86\xe7$[\
3\x8dm\xa4\x12\x1e\xebp\x832\xca\xfb\xb0\xf8\x11$\
\xb0\xd3\x86\xcf\xc1\xebl\xb8d/r\x06\x11'\xae1\
\x93\x10D36\xeb\x97\x94\xd1&\x84\xe8|\xeb\x132\
\x13\xefl\x124\xc3j\xa7;\x0caE#T\xbdb\
\x9a\xbe\x0dC\x1b_\x19f$\x84B~M\x15\xba\x05\
\x91mS*\xc6_\x82'\xa8\xb6H\x94p\xb1L\x9b\
\xd4\xe8\xc3\xd1\x08\x1d\xe9{\x08\x8c\xa0\x10\x89\xb70F\
':Mx0E\xb8\x09\xdev\x077&DP2\
a\x98|-\x87\xc0\xf8\xc2\xf6Z\xcf\xd4\x08I(\x90\
wD\x10N\x18\xc9\x84\xf6^\x04%<\x84\xf43\x19\
\xe2\xe0\xd7M\xc9\xb0\xe9'0\xdaq\xa1\x85\x19%\x8a\
\x06s\xde\x10VP\x0b\x0b\xd2K)<\xf8\xaf\xa2W\
\xe8\xc8\xfdK\xea\xd6j!hn\x18v\x96\x8a\x1f\xbb\
\x1d\xfa/C\xbb\xd0\xee/Q\xab\x0fj\x5c#3)\
E>\xdb\x22\xde\x0d\x1dM\x08\x97,\x11y)\xf4n\
y\xc8\xb5\x85*\xc4\x02\xa7Mo\xa9\xf8\xa3\xf0z6\
\x0e\xc9I\xc1\x13\xc4\x93\x8c+\x13\x94\xac\xf25\x14\xb4\
o\x9f\x0f\xef!\xd0\x80\xbd^g,6\xd2\xef!F\
R;A\xde\x13\xc4\xa5b<S\x96\x840\x9e\xf5\x95\
chq\x14\xc4\xbc\x04\xb9\x5c.\xf3:e\x08\x9bI\
E\xf0\xd4\x0a\x0eS\xc9\x11f\xf4\x8e\xf9\x0d\xcfP\x87\
\x10Zo[\x9a6y\x87\xa3&<~l\xeb\xb0\x82\
!\xfd\xa2a\x89\x82\x04\x87\xe0c*\xb1\x10\xb2\x84\x15\
BH\xd7N\x1b#\x95\x9eMU\x8d0\xf2\x95\xc1\x81\
\xb7nQJMZ\x09v\x18\x8d\xb7\xc0\xd0\xe0\xd0j\
\x11\x82\x9f\x10\x95\x9b\x99\x1d\x0b\x1f\x09\x91\xccf\x0b\xda\
:\xafCr\xdd\x11\xfd\xbc\xcf\xa6\x12\x16*\x97\x99c\
m\xc3Zi\x85s\x8e\xc8\xf80\xc5\x1d\xaeO\x87\xf6\
\xccT2\x14\xdf0\x0db\xc9\xdd1!T\xcb*\xa5\
\x7f\x89\x88\xb7\xd1\xb0\x11E'\xd3O\x14\xba\xd1\xc8c\
\xc2\xf2\xbeN\xa7\xbar\x91\xb0\x96\x0c\x05'Q\x08\x0b\
\x12\x12\x1c\x182vz\x98u\xb40R\xd0,\x99\xc4\
2*];$\xdc\xe2\x884\x84\x8d\x86\x0a\xbfO\x86\
\xbb\x9fkaH\xc8!\xc4LE\xfeL0zY\xe8\
X$\xcf\xa5|\x03'\xdb\x02[G\x84'n\x04\x07\
[\x9fbW\xfd/\xb0!C\xe9gHPeB:\
\x14_\x11\x1a\xcc\xbe\x9d\xe8c\x1a\xb4\xb1\xe6P\xcfe\
M\xc8e\x92\x9d\x0e\x14\xf9\xa5\xf4rD\x1f\xa3\xa4\xa9\
\x90\x85$|\x18j\xa1\x15\x9e(\xf8\x9e\xa0:(\x84\
 \xde\xe8\x13\xc3\x89b\xc6\x87\xe0\xb0\xfaD\xc4\x14\x92\
\xee\x86\x10\xf9}\xe2Y\xd1_\x88\x13\x0d\xe1Q\xf8\x12\
;/1\xe1\x90\x09\xd2!Vg\xe1K\xecqX\x8d\
\x998\xb9\x18\x11\x83\x0d\x1bS\xd8\x10t\x88\x11?W\
\xbd\xfe\xcd\x83Do\xd2\x84\xf2\xdb\xfc\xf3J\xae\xf9\x01\
\x88\xd9\x84h'\x13\xe1E!\x12\x8b\xa9\xe7\x02\x19\xe8\
\xfd\xcd\x0d\xe1\xf2\x05K2\x8dR\x9c\xa0\x06\xabI\xc8\
R\xba\xcf\x9d\xf1\x17\x99\xce\xb1\x09%\x02\x83f\x88?\
\xc4\xcd\xa9\xc5\x91Z4\xb1\x8f\x1e\xc9\xec\xac\x1f\xf2\xa8\
p\xa3\xbc\xb05\xc2\xcc\x8c\xe4\xec\xdc\xa1\xd0\x06\xff\xb7\
\x1b8!\xe1 \xe3]\x16I\x18\xc1\xcd\xc3\x22\xc6\x92\
\xd5\x196\xcce\xdb/\xd3Y\x93\xbfD#\xcc,\x04\
\x86\x80\x1e3\x0cY~w#p\xd3\x85\xefi\x1f(\
3\x1d\x8e;X\xcb\x03%};\xd5\x192\xb9\x8e\xc0\
\x11I\xc5\xbaA\x5c\x98!y\xb9h\xd2Z\xfc\x06\x91\
\x9e\xbb\xb8\x91W\x8e7\xc1A>\xa5H\xc26h\xa4\
\x9az\xc2\x22\x8c\xb0Gx\x13\xa9\xee\x8aH\x17f\x8b\
B\xca+\x81\x13\x92y\x94f\xee \x93B\xbc\xc6\x1b\
\x1c\x99*\xbf\xcf\x05)\xc2\xa8\xec\xcc\xa8\xe1\xf62\x92\
`+XS\xab7\xb30\xfcsMT\xa7\xc5\xa4:\
}Z\xc4$\xde\xa0\xf6a\xea\x09\x05\xfeV\x903\xc4\
\x04\x99\xc0\x97\x0cn\xab\xed\xe1@I\x9c\xe0toT\
\x90\x01A\x96\xc0\xb0\x0c\x83\xaf\x05\xef!H\xf37\x87\
6\x14\x8b\xa0\x11\x17xi\xc4\x96\xcd}Z\xa8\x83_\
5L\x90\x9e\x14Af\xe6\x8bc:\xb1\x09K\xb0H\
\x8c|\x10C\xe5\xb8\xa53\x8bP\x07i\x12\x92]6\
!V\x09\x9e\xf9\xa1\x90\xb1/e\xe8Q\xc3o\xb0#\
\x1a\xd4Y\xda94\x16\xfe=,\xae\x18U\x944\x99\
p\x8b\x1d\x94\x05\xc9\x82\xa4\x09\x8f\xa5\xc2\x1e\x5c2\x8c\
!\xdc\x1c\x91E\x95\xaf\xf7c\x94S\xe5\x04\xba\xc3\x90\
\x9d\xe3\x10\x1a\xfd\x04\xcf\xdcr\xcf\xb1>\xcb\x17\x14\x16\
{\x15\xfe\xdd#\x95\xcc\xb6\x8a\xa40\x15Q\xf3\xf9\x11\
*B\x03C\xb0C\xb8M\xd1\x17\xd2\x08\x0cz\xf4]\
mx\xfa\xf90\xd5AH\xc5&\xca\xfa\x12r\xce\xba\
\x8c\x82\xe2\x10\x83S\x04a,\xa0\xa5A\xa0\xe5\xa3)\
T7\x8cH\x08%\x1f\x94\x98Y\x85\x9eo\xf7B\x11\
\x12\xe4r\x08\x13!\x13\x95 \x06\x8al\x9f\xc3Mq\
X\xcc%K4Y\xc8zP\x08\x91\xb1\x90\x05\xde\xbe\
\xd4F\x04a\xac\x0cV\x19\xcd\x0d\xb7\xces_\x0dk\
\x1dQG\x98\x96\xa3`\x840C[\x1f%#H{\
\x84\x97\xb6\xd0b\x10v\x82\xae \xd2\x81\xc5\x07\x1c%\
\x99\xf2C\xa4m\x9cY\x82\x15u\x8a\x1b\xc6\xf0`\x83\
z\xb10H8K\xe3m$#\xc8\x17(3dL\
\xd4\x8dB\x90\x0bR\xc7b\xbd*\xe1\xc1\xd2(\x87;\
\x15\x92\x84[\x98\xb9\xaf2\xb4Uq\x09\xc1qDx\
\xd1\x14\xb5\xe7N\x03\xd7 \xe3\xa5u\xd7Ql\x1e\x13\
Y\xe8\xab\xf8\xe1\x8e\x1f\x1a\xdca\x90@\xca\x04\x09\x81\
oLo\xe7!ri\xb5\x7f\x12:r\x91lba\
w0\xc2\x8d.T\x94\x980\xc6\x10+q\xe1\xd7`\
Y\xd8&\x8c?\xcf\xe81#\x96\xf4qI\xcc\xa3\x91\
\x884\xb0\x13f\x95\x0aj\xf7\xc9\x19d9\xfd:\xbf\
0\xbc\xaaf\x95P8cF\xc6\x1b\x87\x90 \xfe\xde\
'W\xde\x08z\x0ea8!\xa8U\xd0\x12\xc6\xd5\xc3\
\xee\xd2\x0a\x9c\xd4`TR\x08\x8aY\x86#\xc2\xb5\x91\
\x06\x8eC\xf0\x86\xa2-\xb2j\x87\x88e\xe4\x0e\x95D\
\xfez\xec\xfd}Q0:\x92pa\xd0\x22l<!\
*\xec\x19\x22RO\xf8\xa5\x09\xdbc_6\x05U\xf4\
S*\xff0\x84]Ht\x1dd\xa6\xb4g8\x84D\
\x88\x84sQ/\x02\xd6!\x0d\xf3\x5c\x97ef\xce\xd0\
\xfa\x9e\xc0\xdea\x1e\x22\xccbb\x89\x9a\xd6\xb4^\xc8\
\x13\xba@=\xc8t1$\x88\x98\x8e\x11=\xd8\x1b\x09\
\xe5BPHa\xd4\x8a\xb2\xcb\x93\x8c\x8c\xc8KT\xbc\
\x84\x05\x8ez\xb4wp\x7f8p\x9d\x172AzO\
o\x82\xcaI\xa2\xe8\xb2U\x1c\x09\x89\x86\x98/m?\
\x13\xcc\x92\xa1\x8a\xc1\x94\x8bb\x93\x10\x18\xa8PE\x08\
\xee\xf3\xd1\x17B\x90T\x0a\xbc\x1a\xc6|\x98\xc9\xb3\xc0\
`\xe7Z\xc4\xfb\xf0\x86R\x879#\xc4]`\xcc*\
1J:\xaec\xedR\xb0\xa7\x0b\xb6\xa2\x86\x08,\xef\
\x8a\xc7\xcd8p\x9fI4\x0c\x19(\x22A\x11B\x13\
\xae\x11\xe6\xc5\xd6\x88\x5c\xc2\x92\x18\x02\xe0\xd7\xf8\xa0\x8c\
H\x83\xfbp\xc2\xfel\x9b/\xfc\xb8\xfb0\x888\xc1\
/\x1a\xabWR\x13\xac\xb2\x9b+\x16\xdc\x8f\xb5\x07\xcd\
S\x84L\xe3\xe2GNk\x025\x16\xa3\x8b\xdb\xb2\xd0\
p\x0d\x5c\xad\xa81\xf78F=a\xb4X%\xb3O\
x\x0d\xb13&Pb\xe2\x0f\xea\xd4\x12\xde\x08\xae<\
\xc9r\xd9H,\xf5\xc3\xb5\xf5Ly\xaeC\xc8\xa7j\
cBnO\xb3\x85\xd1LL\xf3\xcd\x8a=\x12\x12f\
\xd4(\xfe\xf0k_\x08n\xd4+t\xe2\x09\x8d\x98\x9a\
 \x92\x98B!\x14|$\x08I\xc8'\x14\xb7\x09\xb1\
+\x81\x1du\x8b\xaf\x04\x8f;\x9a\x91\xae8\x85A\x0c\
j \x9e\x89\xc3p\x13NQ\xb4.8\xe4\xcb(Y\
X\xf7\xcda\xa2b\xdf\x82\x22\x0d\x0b\xd2Sn'\x14\
\xef\x87M\x8cbJ\x91\x979\xcc\x85\xb98a:\xb1\
\x22\xac\x22!\xa2aFQ}\xc7\x1c\x82\xc4\xeb\x07\xc7\
\xc2\x8eK}\xcdB\xa8\x96\x8f \xa9\x0a!\xbe\xc4\x93\
\xd4\x138\x15_\xab\x9a(\xa8@(\x07\x92n\xc4%\
\x8c/\xaf\xc0j\xba>[\xeev]\x83\x15\x0b\xf2\x04\
Z\x14\xe6{\x84\xc40s5D\xe6)\x8f<*t\
\xb8\x0b\x85\x99\x11\xcf\xbe.\xc9N>\x81\xe1t5\xbe\
l\x13.'\xa6\xb7\xb4\xf3lBK\x5c%\x86\xda\xb3\
\x09\xb9\x0d\xf2\xb1\x84\x91\xc1\x93Gr\xe3\xd6\x11\xbd\xe2\
\x0a\xc97\x1e\xe5m\x15f\x1a\xea\x99M\xf8&\xddd\
\xa4\xba\xae\x91\xb1\xa7A\x0f#\x93#u\xd4}Xe\
b\x12\xb2`e\xff\x0d\xee\x22pB\xd6\xbb\xf2\x10\xc2\
\xc2f\x7f\xbb\xa8ph_\x09\xd3UU\x13\x95Q\x94\
a\x87o\xcc\x18D\xf1S!&\xd6\x98\xa1f\x0d\x8c\
\x09\xa1\xc1\x80_ \x0aY\x9b\x10\x13\x16\x124\x06O\
\xf8\xcc\xc4\x1dt\xbd\xfa(\x87\xca\xaa\x10i\x1cz\x91\
p0\x18\xc4RN\xb0\x84w\x1e+\xc2}\xa2\xab\xe0\
\x8a\xa2\x9c\xa1-X!\xcb#\x82\xb2\xe4A\xc8\x08\x97\
7\x83\x0d\x8a\x83\xc2\xeb\xed\x13|\x91,\x09\x959L\
\xcdW\x13\x83\xecv\xa5\x87\x98\x9b\x99\xc8m\xa7\xad\xf3\
0d\xf0$\xd0\x0c\x89N\x1c8\xdf\x5c\x9f\xf0&\xfa\
q\xc3\x15\xa7`[\x12\xe1\xe1\xe1\x12\xc6\xd1\xf2Z;\
>\xeb\x05j8GL\x90\xd5s\xd5!$PB\xf8\
.\x8b\x16\xeaf\x1c\xa1v\x17\x0f\xce\xb4\xbeB\xd8L\
\xc7\x1f\xca\xbcT\x82p\x1f\xa1b\xea\xdb\x05\xbf\xe4\x11\
\xc3\xa1\x09\x9c\xddAR\x88j\xe8{\x8f\xf1*\x09\xa7\
HB\x90N\xde{\x0ei\x22\xf6\x8f\x8d\xed=\x14-\
Z9\xd3\xe8\xfb@1\xcd\xf9\xc5\x0f\x13\xf10\xda\xd4\
S\x11H\x91X\xd1\xads\x18\xc2\x81\xb5\xa7\x98\xe0N\
\xe6aB\x84\xe1\xa5\xe8\x83\x11\xad%LDE\xde\x8f\
\xcd>?\x84\xf0]\x8a{\xb8)M\xa9g\x1a\xf9\xbf\
xL3\xa7\xf2\xd1e\x98\x91\x8f\xe4\xfe#\xa6\x0e\x0f\
\xb2\xe3\x84\x07\x9d\xc8\x0f{\xe0HC\x09\x92P\xdb\x86\
6Vf4\xb9mN\x92C%\x07\xf6\xe21Pz\
\x86E\x99A\xe5\x88\xe1\x95\xd0H\xcc\x8d\xdb\x95\x8d\xd9\
\xd4(~E6\xc1\x7f2\xcf\x1d\x1c\x14\x8261\x0f\
\xdb\x0a\x87\xfd\xd0Il\x22\xc5\x02\x1d\xee\xd0Y\xcb\x98\
\xd9h\x82\xc2,af8\xa4Z\x08\x1760\xb4{\
\xecf\xf2\xa7\x17'\xcc\xa8\xb5\xa0pK\xe0\xbbUA\
\x18#\x8d6\x9cpQ\xdf\x90\x87E`\x98l\x12$\
\x82/\x06>\x86\x8b\x19\x09A\xc6\xa5\x1c#\xc4c\x89\
_<\xc6\xcco2\xb3Y<6\xfa\xf6\xc68\xc4I\
\xa4\xea\xe00\xe7Z\x99\xdc\xf3\xdd\xe3H;q\xfe\x08\
UDr\x7f\xf85(\x0b\xc5\xe3\x9c:m\xd5\x87\x8a\
\x17\x9eh\xe0P\xe3T;\xe3\x9as#\xc7\xf7\x05g\
t\x87\xca\xbd\xc3\xd0\xf9CDL\xf5R\xa6\xa2\xe5\x8b\
\xa3\x90\xf0\xc2*\xc8*\xd1\xb1R\xd15\xc4;\x9f\xdf\
\x96\xd9\x1a)C\xf0!fb4K\xc39\x0a3\xa9\
\xc81\x92\x07\x06gdOG3A]H\x84\xcd\xa4\
\xe1\x10r*\xd6K^\x5c\x9d\x82H;q!\x04!\
\x1dA\xa2\xe2\x8f\x08\xfb\xb1\x1dF\xcf\xcb\x9a\xd3/\xcc\
c!./d\x16\xfe\xce\xb0\x89`\xcb\xe2K\xcbN\
\xa4\x9d\xbb\x9b\x07+\x0bVt\x86\x95\x8awL\xf4\x87\
2H\x09%?\x0eY'mB\xf3\x82<f8\xf2\
\xa01B5\x86>B\xd4\x94\x99\xb1b\x8c9.k\
\x10I\x94l\x17\xe6\xe7\x1d\xb6\xc3\x99\x90\x99\xc8\x84x\
\x09\x15z\xc4\xa1\xafn\xd8#L\x08A\xf71\xb5%\
/X\x8b\xe6\xb0$\xdc!D\xd5\x96\x08\x0ft\xcc\xc4\
\xc0\xa0\xd8;QL\x13\x0d^\xd0By\xa9\x83i\x8f\
\xe6\x14q\x0c\xd1v\xdb3\x94\xee\x09\x9a\x09r\xae\xd8\
\x84\x98\x1bBL_Hx\x0ek\xdb\x85DC#\x0e\
-\xc2>\x9cR\xcc\xe9\xcdu\x8ee\x1eB0,t\
\xda0kw<\xcc\xcc'Tl\x87)\xc2\x18\x7f\xb7\
Y32a\x9dG\x1b\x15\x0f\x83\xbc\x0d[{l\x0b\
\xf7\x89\x8e!kdQ\xb9\xf7A\xa1\x85\x87)\xe3\xb8\
\x9e\x98\xe9\xd8\x93\xbbG\xd3\x8e\xd3\xa0\xba\xb5\xdc\xc6\x0e\
\xcb\x0c\x89\xc00\xd2\x7f\xcc\xd2\x83X\xf8\x08\xc1yP\
\x11\x81\x92\x08\x9f/\xc2\xfe\xb90\x9bD:\x0d|\xb8\
\xe1\xd0\xd4\x87P\xfe\xb7\xce\xde>4H\x08\x0f\x1bE\
](!x\xb4O\xd1\xb8\xb4\xe3\x09qLE\xd9\xa9\
$p\xaeIT\xcdz\x8a7n0\xe1\x04\x99\x06\xe1\
\xfc\xe1\x1f_BDja\xb5\xc8\x99\xb0\x18\x7f\x8d<\
\xfc\x113\xa6\x12\x83%\x95Fx,\xad\x1e\xbfAT\
E\x8cEv\x08}\xa8\x8d\xc8\xaf^d\xe4i:\x9e\
x\x87\x81\x0b\xafp\x16Vn ?\x09\xf5\x16d\xb8\
\xa0E%\xe1\xf0p0h\x8e\xb6\x22\xa4!\x8b\xcf\xc1\
\xb5\xab.(iS\x0f/\x8d\x89\x0a/\xdc\x11g\xde\
x\x90\xd0\xe9\x85\xe1\xc2\xc3Xt\x90\x99\x11\xf6\x97I\
e\xa1z\xd0\x04\x05\xd5a\xdc\x09\x96\xf9b\xe2\xd3\x88\
QA\x87W&\x14\x9d\xa0\x08!\x93\x1d\x82\xf82\xc8\
bH\xb8\x81\x0a\x0c0\x98\x11\x16\xe8\xf6\xa1\xf7\xc2<\
\x13R\x18Na\xe2>\x08_\x99\x89\xbe\xd8hv\x82\
\x81\x22E\x08\x0a\xa5*\x83y\xc5\x84\x88\x880B\x09\
\xaeg\x12^\xe0(tz\xb9d\xf9dc\x8e\x9f\x08\
\xed\x90\x10:\xc4\x17b$\xe8\xe2\xd9\x0f\x11!\xf1\xb5\
W\xcd \x9a\xb0\xf9\xb2\xd8[\x8ed\x06u\xea.\x8e\
\x84\xa4\x90\xf9\x06\x83\xc8+&BH\xd6 2\xbf\xc2\
%\x04\xfd\x14\xe7^\x1d\x11b\xf1\xf0C\xf4\xe1\x12\x1e\
BM\xc8:\x82?Y\x04\xa1x\xc8\x07\x91\x98\x06\x87\
\xe3\xd0\xbb1R\x0b\xe4\xbd\x10\x8ek\x82\xe2\x81A\x13\
\x14\x16<\x13\x8etoZ\xf3bf\xadZJ\x03q\
^\x98\xd0HzW\xdf[\xce!H\xfa\x9b0\xdec\
\x84\x93\x86bB\x0b\x87o\x96bq,\xee\xf7\xc5\xb7\
\x91\x05\x99\xbf\xd4\xe1\xf6Z\x08\x85g\xb48n\xf41\
\xdf\xf7\x8e\x8aH\x14\x1c\xea\xe9\x87Has\xc4\xc3=\
\xd9\xbb`q\xd4\x1c\xae_d\x10\x09q\xc3k\xf4\x8b\
\xc8\xef\xc1\xaa\x9d\xa0\xe9\x9b\xdc\x10\x81aD_\x83\xd4\
\x1d\x7f*\xb3u6\x1cL\x99\xb6\xc3K\xc2y\x09j\
%Z3'rZCMo`\x10Q&\x9c\x92\xf1\
\xb4\xa1\xc6,8a\xfbXuzQ9\x1d\xfc\xd9\xfa\
\x138\xb1\xf3\x118!\x9c\x15\xb1v\xc2PI\xb0\xb9\
\x10\x86\x08\x96\xe2[!\xcbe\x0bY\x1d\xb4\xe8\xbd&\
\xd8J\xc8p\xc2\x89D\x82C8\x84x\xd72\x0f\xf7\
&C\xfb\xb7\x0c\xb3\xde\xacA\x8f\xf0A\xfc\xa7\x12\x0e\
\x0c\xdf\xc50+\x9f\x16\x9bT\xd5\x18$fa\x85-\
\x1e$\xe2\xa2X\xc4C[)9\x0b\x1b\x89\x08\xeb+\
\xc2\xd1\x84\xcb\xe61\xbeB<\xb2\x88\x1fB\xa3\x13\xf2\
\xefI\x0f\xa3\xd51S\x0a\x84S?\xc4\x82\x04\xd9\xca\
\xa0\xaf\x98\xccc|\xb7MZ{3\x12\x92\xca\x879\
tZI`\xd0a\xa1\x0c\x92`\x10c\xde\x09#\xc9\
\xba\x92\x84\x07\xf7\x14=x\xb8\xb2b\xadT\xd8\xbe\xa7\
\x8d\x87;ag}\x89\xc3\xd8!(\xa6\x9c\x08\x1a\xe7\
\xd2\x0b\x03\x86L[=1EBt\x9f\x85\xa5\xd7\xa4\
\x0aB\x86\x91@\x09^\xc2\x89Z\xca\x8eba\xa4\xba\
\x137\xb2$g\xde\x106I\x10\xb9\x82\xbd\x9ai=\
0/D\x9b\x8b\xc1\x86\xe5\x98K\x0a\xeb\x84\xa1\x8aF\
\x10QC\xc5\xf5\x5c_\xe6\xc5\xa8\x9eK\xa4}\xc2\xf7\
\xc96\x03\xcbYg\xfa\x91\xf8Ld\x82\xbb\xb1h\x82\
Q\x85\x87P3F\xb2s\x1eq\x90\xb8aH\x84D\
\xc2\xf9:\xd3A\xf6!\x83\xb2\xee_C\x1d\x95\x93y\
\x10q\x0e*\x14fARr\xb4\x8c}\x84-\x0cb\
\xd0P\xc6\x13\x82\xa2c\x132\xf2\xc3B\xb42d$\
,\x19\xef\xfc\xc4\xe2#\xf1\x5ct\xa0H/\x81\x1f\xd9\
\x84\x9b\x0b\x9e\x10>c\x83fF\xfc\x86\x16>\xe1\xf2\
<\x8b%\xc2\xae6\xb4\x97\xb4\x96\x8cO\x13\xea\xb0\xcf\
\xc1\xb1E~\x86b\x04\x87\x09\xe3\x82\xf9\xd8\xc4u\xe5\
A\x1a3\xd1\x12\x14\x92cd\xa5\xc7\xe4\xcc$3\xc8\
2\xd9\x95\xc9\xe8{J\xa9\x8d\xb9\xa7\x14\xa2\xf9\xf4\xa2\
\x87$oXOj#\x9c\xf6\xe3K.\x91P\x10%\
f\x18^(\x889\x9bc\xc26\x1e\x05u\xbe\xf2\x8c\
\x98x\x166\x1c\x19CpF\x9d\xd0\x09\x0e\xd2\x09\xba\
c\x10[b\x02\xc3>\x9b\x08\x11\xcc\xf5a\xa8I\x18\
JR\xd12\xd1`\xc9\x11\xb3\xb1>q\x98\x89\xc2\x1a\
^\x5c;\x85n\xba\xd2\xd8Y\xa1|\xceR!Y\xda\
\xfeM\x1c\x1a=CW\x08V\x84I#<\xdam\x82\
\xa2\xd8&H6\x13\xe4\x13\xee.\xc6\x04\xdaj\x98\x1c\
B\x15\x1a%\x14\x12&\x8c\x13F\xe1\x1e9\xac\x93\x0f\
1\xd3Y\x1b\xc1a\xe89A)\x85\xc0\xe59qa\
\xd3\xf4rK\x98yhw2\x95\x8a(\x85\xfc3\xc5\
:\xc3\xa0\x19.B\x88\x8bZ\x82\xc7\x11:\x92\xdd9\
\x83\xccI\xffkUB$#\x8f0\xef vX\x0e\
.F\x1aaOTl\x04\xe1GQ/\x8d\x18F\xa6\
v8\xc4\xe7D\x89\xa5!\x1a\xda~q$!\xc4\x16\
\xe2\xb4\xd10l\x08\x9d\xb5\x9dM\x90d\x93e\xa8d\
\xa0\xce\xa0\x14\x1e\x0dR\x82e\x9f\xfe\x9a\x85\xc4\x83e\
\x88\x8e\x8c\x83\x03G\xe5\xd4\xa1\x13<2\x87\xeb\xd8\xd6\
\x96a\xd8\x8cg\x09[\xc8\x15\xf2\xf0\xcfB\x8e\xd0\xa2\
\xc4\x88+\x9f\xfa\x17\x89\xd2\xc0\xb6\x11\xe6\xeb\xd6\x87\x8f\
.\x9bI61\xf2!?\x1bI*\x90\x941$Q\
\x8e\x16\xb2C\x82\xca\xcb\x84\x89\x8f\xdd%\x04n\xc3\xc3\
\x22\xb4#\xa7a\xf5\xba~$\xad$\xe2\xdc|\xb0%\
1\xd8y\xb8\x84\x07Q\xa2-I&H\x22N\x85Q\
\x18\x99.>\x1b'g\xbc\x0a\xb7\xc0!\xe2\x9c\xb3\xd0\
\xbc\x8eDL\x98\x85\xa8\x03C\x90\x07\x97\x13\xb9H\x1e\
\xc2\xb5x;\x0c\xe7\x18\x84)\x9c\x0c\x0f\xc2\x07\xce\xb2\
N+\x1a6\x184\x94\x1dSIw\x07\x9ce\x82\xcf\
4\xa2\xdb%D\xd00\x1c\xaee\xa6\x05\x14\xe7\x1e\xae\
\xee\xc4f\xf3I\xc2\xc4\xda<\x06\x07[\x9c\xec\xae#\
\xc8\x08\x0ec\xe3^\xbc\x10:\x97\x102\xf8\x11\x0e\xd4\
\x88T~\xd1g$\xfc\xc5\xe8\x0f!\x9a\xa2\xaa\xd3\x96\
1\x1cWt3\xc8\x14&\xb1\x18\x05j\x22\xd3\xf9O\
\xf0\x9d\x91A\xdciT\xb6\x99\x0c\xc9T\x14i\xc2;\
\x11\xfd+\xa3\x7f\x95\xb9-=g\x5c\x1b\xc2\x14\xe4x\
[\xc3e\xa7\x5c\xddy\xccm\xe9\x0b_?\xf3\xff\x12\
B*\xbf\xc4\x5c\x19\xe1Z\x02\x1f,\xb1`)\x94\xa1\
\xd0\xc0)\xe5\xee\x5c\xb9\x11(\x22\x9f\x09\x93p\x8fB\
\x08m\x12\x13\x13\xa9\xc4?\xa7D\xcf&\x84\x97A\xc7\
\x98\x1ei\xc2c\x19\xe4\x8d\x10\xca\xbe\x8a\x7f\xe0\xac\xf2\
\xca\x0d\x96\xcdZ\xaf\x11*\xce\xef\x9c\xa0\x8cd\xfb\x8d\
E\xb0\x85_\x04\xa3v*4\xca`V\x0d\xb80\x1b\
\xe9LF,\x07-\x1a\x99\xf6o\xff\xb00\x9d\xb2\xc6\
\xfb+\x94\xd2\xe8\xc4A\x94Xj\x08GH\x83\x84d\
\xaeiEBAD\x81[\x98\x8dC\x82p\xd1\xe9\xa7\
\xe4\xd3HSJHC\xb9\xf6f5\x12\xadL\xd8#\
\xd2&H\x83\xe8\xa2H\xb78*M2b\x87O\xfa\
&\xfaqp\x84\x86\xd9\xec\xec\xa6\xc7\xd4a\x93\x1c\xc4\
\xbf\x8d01\xc5\xf0\xe8\xb1\xb0\xe0_\x22cC\xca\xd0\
7\xa2\xabr;d\xa4\xd6\x1c\xc2\xe5-\xd8\xf5\x88\xa7\
ez\xce\xfd\xbd\x8b\x8d\xa7\xd9L\x90`\x90|\x8a\xa3\
#\xa5\x1d\x16\xa6\xc7U~\xa3\x09\xc1\xd2\xb0L\x08\xce\
\x1cc5(P\xb2\x08\x5c\xc4\xbb\x88\xe0h\x88\xd4\x12\
\xcc\x85w\xd6\xdaz`\x1f\xc4\x92\xb8\xce\x96\x8a\x02\x19\
b[,,\xee\xa0\xd0\xbf \x9a.\xdf7\xc2'\xb4\
\x11\x1f2)\x84.\xcc\xc4\xbc\x88\x86U\x1aD8\xbf\
xB\x93P\x91\xd7\xf4\xc2\x0d\xecjEX\x82%R\
[\xd1\x04b\x8diE\xcb \xd3\xa6\x92sD\x02\xf9\
y\xe1\x9a~\x08\xb4\xd5\x86\x07\x8fB\xac\x91\x8d\x9e\xe6\
0\x8b\x87\x19\xf40\xed\x5c\x0ef\xab\x86\xb0\x1f\xbc\x90\
p\xc2E\x0f\xd6\x92\x87\xcb\xdf\xf0\x0c}\x06\x85\xcdH\
t\x06E\xd5\xc9\xc3-\xf1$|\xa4(\xc2<L\x10\
\xb5\xc7t<q\x04\x06nD\xc6\x80-\xfeh\x97\x8b\
%\xa6\x0e\x90\xd4\x1b3\x93 ?b\x18\xc3(\x1bi\
\xfc/Ld\x14\xce\x88\x13\xd10\x22\x8a\xd0\xab\xe1\x8a\
Pp\xad`p|A\x13\x91\x92g\xec\x08\xa6\xc5\xee\
\xa7\xe0 \xb3\xe4\x12\xaa\xd3\x18\xe6\x0b\xe7\xf8\xc3\xd8\xb4\
!\x0ejHD\x82\xf7\x061\xffn\x0e\x05\x0e;\xf4\
6T\xa9\x86M#,|Qipd\xc2\xad\xcf\x8c\
\x8c\x84\x08\x8b$,D:\xdd\xea\x0dR\xd4E\xe3\xad\
\x88\xa5\xfbBn\xda\xc7\x84\x8b#G\x114[#H\
h\xe2\xdc\xc4\xc8DH\xbc^\xdb\x8c8E\xfdh\x05\
\x06\xcb\x10\x05\x89]\x9a\x1b&4\x18F\xbf\xa3\xa56\
Jhe\x82*\x81\xc13:k\xc2v\xcc\xa8\x93i\
.\xa3\xc1\x8c\xf1\xc28\xf5{\x09\xb5\xe3;De\xaa\
\xe1gR\x1c\xc5\x22\xe9}\xfda\x84\xc4\xc2i_\x82\
5\x1cN\x9c\x98G\xd0#\x84\xa4&2)L_n\
\xb2\x92\x08\xdd\xd0\x162,<\xab\xde\x84\x89\xc5\xa7\x8a\
\x139pB\x02\xfb\x93\xa1\xbe\x8d\x10\xe1\xec:\x84\x83\
S\xe1G(\xc1\xa0&,\x93$l&\x0c572\
\xcb\xc2\xb0\x9d{%\x22\x8ap1O\x14\xc2\xa4\x8b\xa4\
\x8e\x8c\x94!\xac3\xc1\x97\xc9\xe3vEo\xeb\xfc\x17\
\x07\xc3B`\xf5\x81\xf0Y\x06\xf7\x8aP\x08\x12\x96\xbe\
\x09\xdf\xa3'Z\x16~\x04iD|F\xdf9\x0eN\
t\x0b\xf1U,\xdd|\x13C\xa0\xa2\xdd\x1bn\xedp\
\x06E\x89\xb5\x0b\xf2\xb9\xf5\x14A1Zf\xca~\xd3\
\xd8]\xd6\x0b\x87\x88\x9e\xff\x9c\x92\x095\xecQ\x8f\xe6\
\x9e\x10)\xbe&(D\xe2\xf2x\xa6\xfcT\xc2)\xe3\
\xb0h\xa5\x8d\xc6\xa0N\xcc2\xaara\xea\xe23\xd3\
\x18\xca$\x9b3*QQ\xbaj!\x1a\xa4Q\xdcL\
\xd8\xde\xa0\x10\xbd\xc6\x11\x13\x8f\x89\xde\xd2D\x88\xd1\x84\
\x22=\x88j\x96\xc3\x89\x10\x227t\x11AX\x87\x11\
\xd5\xe1!\x89\x89\xb9s\xa1\xe8:\x1c\xd8\x18g!\x97\
,\xa6\x0f\xd9\xc6\xb4\x10\xe4P5\xc7G\xcf\xee;\xfa\
P4E\xe0D]\x1dfjp\x08{\x08\xce\xd1\xca\
U+\xf4\xf2 e\xc3.\x85\x16\xea\xdf\xe0\xc4\xc7\xbd\
$\x847k\xc3\xb4B\x91h\xdf|\x16\xc2Wi\xf4\
\xc1\x8e\xad\x92\x10\xda \x1fmq\x9e\x0d\x0e1=\x86\
\x0bo~\x102\x9c\xd10\xf1'\x1a\x83\xe7\xb4!\xfa\
\xd4\x083\xc4\x87im\x90\x8c\x81\xa5-n\xb0C\x18\
>\xea^\xfcG\xb5g*\xd2\x86fH\x12*JJ\
\xb2\x97\x08d\x16S\xa6\xd4c\xbe\xe2\xea\x86\xd5x\xad\
\xedN=j\xe6x\xc2\xcd\xb6\x05A\x02\xc5\xa0+\x84\
\xf5\xed\xc4\xc2\x1f*\x9f\xb1\xd7\xf8L\xad\x88D\x1f\x9b\
\xc3A\x8c(\x80\x90\x10i\x84\xae\xeb\xe4\x10n\xe2\xa3\
h4<B\xc3f\x15\xb5c\xc8\xe1\x9d4\x94yC\
\x90\x89\x10\xe3\xf0\xa5\xe0\x92\x143H=!\x9c4\xbc\
2\x824\xf4\xa11\x8ar\x93\xd5\x8c\xe0\xcd\xa33'\
\x18\xd6M\x84\x8c\x92\xcc\xd9=\xd6\xf0\xaaVQ\x83\x84\
\x84\xc3\xb3\xe5\xf0`SA\x9a\x08\x13\xb6\x10\xea\xef\xfa\
4\x84\x88\xa5\xe3\xaecFE\xb9:r(BP \
\xa1\x14\x88\xe3\xc4gY\xccXJ:\xf4!6s\x8c\
\xcfA\x826\x0a\xfd\xa1\x0cV\x0aR\xf0\xa4\x90\xbb\x17\
\x87\x99p4\xa2>\xa5\x08\x9a\x87\xd6\xe5g\xb5<\xe9\
\xf4\x13\xe26\xb6\x93W`T\xa6\x5cyR3Qp\
\xc8\xe3#\xa6\x0e\x17\xfeREx\x0f\x83?\x0a\xa2>\
X\xf1>\xa6\x0a\x83\xceN\x8b\x08\x9f\x10i\xb6\x0d9\
\x0f\xe4p\xc8\x99\x88\x09\xa7\x1d\xd9\x82\x8cC(}_\
\xc7\xe7kH?\x86\x10bv\xfb\x8f =M\x84[\
\xc6\xe3\xb4\xa32\xb8\x9aP\xa7C\xb1>B[\x882\
\x12F\x12t\x98\xf9#\x223O\x83\x14\x91\x0a\xbf\xfe\
Z/\xe3\x5cf\xc2\xad\x9d\xb3\x11}Q\x87\x0b\x94 \
y\xe4\x86\x84`\xc8\x1e\xe6Q\x5c\x84j\x7fg6c\
aG:X\xfc ZH\x9a\xa1hPPC'B\
\x11\x19\x9a\x1b\x22H\x14\x9c6o\xd87\x86\x90\x13<\
\x12\x15=\xfc\x89,d\xa6A\x16\x18\x82?\xf203\
W\xb2\x8dx\x83\xcb\x82\x91\xdf\x94Y\xf8\x0c\x8b\x8eq\
\x11\x11\x95\xb6\xea\x99e\x18\x87\xe9\xf6C\xd7\x8cI\x8b\
/c:\xb3\xa9\x93\x0ea!\x9d\xd9>\x0fr\x10\x86\
q(X\xc1\x0b4\xe9\x09-\xc4\xc3\x8f\xc7\x18$\x22\
\xf0\xafh{\x08\x05^3\xbc\xe2\xb2=\x0au\x04j\
a{\xdb\x87\xd6\x94\x1fF\x14\x82\xcb\x86\xd3\x0e\x89\xa6\
HEA\xc91\xb9\x9d+\xa1\x08\x86\x081\x9e\xb8\xf3\
n\x22d\x82\x19\x22q\x08RX7\xe9\xa2\x0c\xa2\xf1\
)6\x82\x84\xb9\x1aon9\xcbcB\xd2\xc1!\xe2\
\x0ec%D\x94#gCp\x12\x91\x90I\x8d\x87{\
B\x08\x92\xd0\x14\xa2\x85a\xd8`\x8c\xc3D\xfd\xce\xdf\
\x13\xd1\xd8\x16a|,\xbc~+C(Mr\xc6\x08\
\xac\xc6\x94\x91t\xe3G\x18\x0a]b;\xf3)\x89\x1f\
\xfc\x06\x1c\x00\xef\x0c\x08\xe8h7\xe3A\x22\xf8\xe1\x8d\
\x10\x12\x82\xda\x0e\xc5eG1\x06)\x8cP\xd2\xf8c\
\x1a\x18\xdc\xe9\xbbh\xac~\xe04\x00\x01\x09\x86\xe2\xf8\
\x95@\xf5A\x22C\x1df\xf32>\x93\x92\xb048\
\xf4\x97\x9a\x9fS\x94X,\x0a/\x8c1S\x8a\x84F\
B\xa88H\x98\xe0\x89\x18J\x16\x12\xa3\x9a*,\xc4\
!|\xf5\xbdZ6K`\x90\x22c5\x06\x91\x8bI\
JZO\xe8yT\x12mh\x14\x14\x808\xd0\xf0\xeb\
'\x19M\x08[\x08\x05\xee\xbcE\xbf\x22aD6\xb2\
*\xa9\xcc\x04\x99\x1cf\x13\x18\xd8\x08mc\xa6\xc1Y\
\x0c\x0c\x95ua\x14\xae\x91\xf9\x06\x91\xd3\xab\x19\xfd\x82\
\x5c\x10F\x01\xb4\xd4\xc8|\xe27[\xd0\xeer\x02\xdb\
\xe8\xf4N\xd1\xcb\x82\xa2\x0c\xdd\x82Ao(\x9e\x862\
SR_\x17\xca\xda\x0b\xc7\x1dG\x9d'\x17\xc4\x0f\x93\
\x87N\x1eH\xbb\xe6\x1a\xe1\xd6X\x8cJ\x8f\x10\xf6\x10\
\xe6Q\xb0\xa6lY\xa7\x94\x90\xb1R\x82N\x99h\x18\
\x972\xe3\xc2t/M\xa5\xb0\x99\xb1Y$\x18qK\
!\xc8\xd1\xa8/\x86P\xf8fC\x0e\x12M\xb5\x8f\xeb\
\x99\x1fB\xcd\xd4\xf9O/\x98R\xc7\xf4\x97q\x19X\
M\xad\x82g)ltea\x0a!\xd0&<\x14\xda\
\xc7H\x10o\x16\xa1\xb2\xc4\xd9v>\xfdV\x89\xbb\xaf\
M\x1fw\x97D\xf8\x0c\xd3\x10\xc2\x1d\xc12\xe43\x06\
\x01\x80\x90\x9b\x083\x9d\x87]&\x1eD.\x9cJs\
c\x9a\x19=\x0bv\x18M\x5cy\xcc\x19E\xf5p>\
\x8f\x9b\x94\xaa\x12\xd7\xa1uddn\x89\xcd\x15d`\
Ce\x1e\xf3~\x02\xeb*\x18qY\xdc\x1b\x82lz\
\xc6\x98\x9d\x09\x9c\x90b\xe1\xbe$X\x1e\x82\xbc\xe0\x0f\
\xc3\xa1\xc6w/\x82\x8c\x13:n\xe7\x1b6\xec\xf9\xa2\
H\x84j`\x18\x99\x99\x10}\x90\xd4\x0eJ(\x0a\xc1\
E`\x08\xfb\x04\x93&\xa8\x83\x02+Z\xe5\x97\xfd\xfb\
cL\x9a\xf0c\xda3A\x0b\x92[\xf8m\xa6\xdf\x1d\
\x5c\xb07\xf1<3\x06\xcah\xce%\x1cdN\xcb\xe2\
\xd5\xcc0\xf8\xf3\xc6\x1e$H\xe0\x83$b\xd5\xa1\xa2\
J8+\x87\xfd\x0c\xa2\xc8\x09\xfa5R\xbf\xc1\x98\x09\
)Ch\x8d\xc3y\x92\xfe\xb5Y\xab\x92\x8a\xc4\xbcw\
\xa4b,\xd2\x85\xaa\x08a\xb8)\x1f\x86\xe3e(\x8a\
\x07\xd5\x91\x14\xb5UjX\x09\x8d\xc6\xc3\x94\xcdX\x96\
i$\xa00\xc8\xa3\xfcfUp\xbc*.\xa1\xacf\
&\x07i\xd2]\x7f\x0a\xbb\x13\xc2!(q\xa6\x0c\x11\
\xb3\x13\x11\x0f'\x1a\xb4\xc5\x10\x1d\xf1\xa5\xdc\xc2\xd6\xdf\
.\x04\x8d\xf9\xb1:l+sSXd\xa1\xb1\xbfX\
\xf2\x8c\x8dH\x1d\x94,\xda,\x86\xf0I4\x1c\xfa\xcb\
\x14\xf4\x91\xd6\x94s\x9a\xa8\x0d\xc1abA\xe4\x0e\xf1\
\x16\xc3{\xd2.\xd4\xb1\x14\x09\xd3+a\x0d\x14\xe3\x99\
F\x17$B0\x82\xf7\xed\xbdB\x90Lh\x84\xcdX\
u\x98\x8d\xc1\x10\x85\xc3\x90\x92\xae\x8a7p61\x15\
\xb1\xe3\x9f\x18e\x822\x8dS\xf7-2\xc2\xcfPr\
\xb6a\x8b-\x04\xc5\x10{\xd5)!\x22o\x9c\x22\xc6\
\x19?\x166?\xa8sml\x98P\x1d\xe6\x95c\xdc\
1\x116\xab\xc2\x04\xbc\x22\xa8\xad\x09\x0d\xb3\xac0\x95\
\x14>\x8ar\x8f\xabCJ5\x12\x95\xda\x93\x87\x9f>\
\x0f\x1d\x91,c4B:\x95,\x04}i\xb1\x10\xb7\
\x86\xbb=N\x88\x0f\xa7\x97\xf0\xb2+#\xa1\x91\x8d\x17\
\xdd\xbc\xa1\xfd\x0cqX\xe2\x8e\xc8%\x99J\xf8\xc5\x13\
\x91\xe7\xa1\x08\x1fb\x84!\x9e \x0ee\x03\xcf\xe8\x94\
\xc1+\xe3\x8d\x0e\xd4\xcc\xd4 \xc9\xa2Q0\xf5\xca\xd4\
\xd8\xe2\x8c}3\x89y6A\x1e\xc6s\x09\xda\xa7\xa7\
!\x1cN\x5c{fV\xd2\x0a\xa7\x9e\xa9#\xb13|\
\xfet\xb2\x94\x9bW\xc2EZ\x98\xcd\xc7\x0eb\xc7p\
\xfc\xc6\xf5\xad\xdb\xa2B9\xc8\x11\xaf\x1a\xf3p\xf1\xa6\
!\xa2E\x84\x09$\xc3\x90\xb2e\x9b\xe7\x9d\xbc\x92~\
\x82\x15\xa4 9/\x22>\xa7!r\xa6m\x90f\xd9\
\xe4\xcc\xd2\x11\x15\x14\x0f!\x1ajE\xa0\xb5\x10\x22(\
\x81\xa3\x87\xf2\xaf\x14\xbd\x82\xb2\xd2\x94\x98H\xf6\xd0N\
L\x04\xcb\x17f,\x9bc\xd3z\x82\xb8\xa1\x8f\xcf\xee\
Z}P\xe3\xf242\x92\xa0/\xf8\x0e\xc1`=\xe6\
.\x84\x84)m\xee\x9f1\xa5\x0e~$l\x9c\x85Y\
<<7\xb6\xc2x3\xdd\x11$\x84.B!u.\
\x89\xd91\x9eh\xe2\x19\xcf\xf8\x90\x8a\xe8\xbe\xcc),\
\x08\x83C\x15\xb3,\xd4\xd1\xd0\x0b\xcd&\x08\x99\x14:\
m\x8a\xf3H\x85\xe1\x84\x0d\x19\x84\xd7\x80\x81\xd8d\xd1\
\xcc\x1ab\xaci\x08\x9e\xe1\xf0\x9f\xc7B`l\xe2\x0a\
\xec\xe2c\xa9\x1a\x9f%#\xb8\xd1\xe0\x91\xc7C\x08\x0f\
\xe4\x84>a\x12,q\x85\xe3\x0c\x96\xb0>46\x84\
\xb0 .*\x91\xc5\x81\xa2\x5cqDf\xb4l\x13\x07\
\x8aeLtO\xd0\xf9\x86XF\xfbX\xd1\x83*\x86\
\x98\x84O\xe1Cy\xc3,b\xbeH\x1c\xdaE\x83\xa6\
\x81#A\xc1~\x10\xf1\xc1\x08\xb1 \xe6\x1c\xf1\x11u\
\xd2\xf4\xcah\xd8:\xdf\x1e\x83\xf8KV\x10a\x0cW\
ij|\x22f\xc7L\xb2\x07\x06A\x0f\x13B\x87L\
\x04\xad\x08\x0c\xf7\x82\xfc\x86\xf2vb%\x81\x12\xdb\xef\
\x91E\x88\xaf\xb9\x8d\xa71?\x84\xbd\xaa.\xf7\x0e\xe3\
\x821\xbf\xc7w\x03\x80\xe8\x98\x8c\xc6\x1d\x0f\x8d\xd1\x8c\
@\x09\xe5p\x1c\xb6\x8a)3\xa2*\xc4/\x19r\xda\
\xb0\x9e!\x88L\xf0\x04\xa5\x18\x03EF\xabplV\
,\xbf\x9a`<\xe8$\xaf\x85cF\x14\xb1\xea_\x5c\
\x8f\x08\xa7\x1d\x02Y\xaf!\x18\xe4\x84\xac_\x84\x0eC\
\xab0<!\xcc\xb3p\xe4]\x99\x19\xad\xea$\xfb*\
\xb3\x15+<\x09\xb2\xf9\xf4\x95\x05\xa7\xe1\x85;\x22\x85\
nA\xa9\x04\x9e\xfe/!(H\x0a\x1a\x1f\x14\x8e\xc2\
:\x1acF8\xc5\x1a2\x11\xc8\x09\x12?\x1c\xd3\x90\
(8\x82\xbd\x0f%\x0c\x8eh\xa4Qv\x84\xe7FQ\
\x81]\xb0\x16!L\x9e\x5c\x11\x02\x83\xa5\xae|\x22\x13\
6\xd2\xf9\xf5iB\x9c\x17v\xa8\xc3p\xb3\x14\x1f\xb1\
\x04=u\x02\x1d\x93\xcdq\xcc\x1b\x14\xd6\x91<\x13\x09\
\x89\x91I\x0cZ\xf0\x1b]E\x0d\xaf\x17\xf5\x16:\xe4\
$\xe6\x13\xdbF\xaa8\xa5E\xfeJ\xd7\xd0\xe8\x18\x82\
8\xc8\xffUf\xe1=h\x18(\xfd\xa4!>\xd9\xb1\
\xb1B\x16\xc4M)_\xb0l\x11,\x0b\x171\x83\xc6\
\x1f\x83T\xde\xd6bF\xea\x86\xa6!/\x5c\xc4\xfd?\
\x0b\xbb\x88%uT\xfc?\xc9\x08]\xd3S\xd1\xf20\
\xd1l\x960\x18\xfe\xf4\x8a|1\xe9,\x17\x91h\xe2\
D>\x99\x98\x84\x90Q\xe14\xa5\xbd'6\x1e\xa9\xe6\
\xd2Qo\xceZ\xa1\xe3\xa7\x0a1w%$\x88S\x86\
X,\x961AD2\xcc\x8c\x16\xb8+\x02\xa5a*\
n\xe7\xb0\x89\xfc\xfc\x1b\x18\x0c\xdd\x1bB\x9fb7\x14\
\xcaM\xac\x83\xb8\xbf\x02iyT?$\xbc!t(\
F\x17\x1e\x22fa\x9dp\xec-\xf7\xc0\x8d8!$\
\xae\xc2B\xb5\x84I\xc2\x19tx\x5c\xbc`\x10\x11Q\
\x17^:&<\xc4\xef\x899[\x84\x1e\x9dt^\xc9\
Z\x9d\x83N\x8b\x9bF\xfc\xe1\xa6\xcfR\xc2D\x1d*\
qK\xa581\xc3\x8a=\x89\xfd\xd3P\xe3`\x8a\x92\
\x86C\x96\xb6S(\x12\xd1\xb2+\xde\x91\x96pM\xba\
\xe3\x1f\x9fk\xf4\x1f_\xeb\xbd\x15\xb3\xbe2\xe1X\xcb\
Z\x0d\xed\xf8V\x98\xc1\xacL\xcdY\xc4:\xd9\xa6\xd9\
\x0f\x13\x8d\xcc\xab\x9a\xae.E4\xc4\xf6O\xb8a\x0a\
\x97\xa9\x8a\x1e\xf6\x8d\x5c\xf2\x8a\xf7\xf5\x84L\x93\xc9\x0c\
0\x1a\x9d\x90\x11\xa4\xd40\x84Y\xb0\xe8\x11'%e\
B\x03\xe5\xcd4j}&T\xc2*8\x90\x0fS\xc9\
\xba\xb0\xa1\x83tK\x90\xca\xe9\xeeI'\x06\x87\x19*\
\xda\x08\xf1\x1c\xe3VmOY\xd86\x13\x95\x85;3\
Q-2a\x90\xd0N\x90h8M8p>Co\
\x99\xb9\xe48J\xc9$\x97\xeb\x0d=\xc4\x0b\x05\xf5\xe3\
\x1f\xf8 1\x82\xc3\xab\x06\xb1\xc37\xc2\x22Fip\
a\x82?\x14]\xc21\x82A\x06\x85\x85>\x5cs\x1f\
\x0b)\xb0\x9c^\x0d\xa5'H\xe8<a{fA\x16\
\xd6(\xd1K\x1a\xd4\x89\x059\xc4\x0b\xcd\xc2{\xc9'\
\x99&\xb25Ff\x22\xb8\x95)L\xb7\xd9\xcb{\xd4\
\xb8\xc2%\x0f\x96~\x09\x85\xd9\xa6M'L\xe6S\x06\
M\xb5.\x92\x91Qdd=B\xf8\xc1\x9c\xe0\xff\xc9\
\xc8\xd3\xf2\x08\xc3\x9b6\xdb\x1e(1,\xe4\xe3Be\
\xc2\x15od\x13\x16e\x98\x08\xa2\xf5\xa9\xb9\x8e\x94\xf3\
\xa8L2\xdb\x5c\xb4Y\x98\xd0?f\x1f\xad\xd0\xfc0\
\xb6\xee]\x1a?\x0d\xea\x04/\xc2\xa3\x114\x8d\x85\x87\
r\x08c\x22\x895D\x5c?MK\xd1\xb0v\xeb\xc5\
\xbcCX\xd8\x95q8\x1d\x0e\x22\xe1\xb0\x8b\x8c\x8b\x8a\
I\x88\xa5!8,\xa1\x89\x1a!xNX4.C\
\xcf$\x0e\xf5e.3\x1dQ}\xc9@\xda\xbd\xbd\xe6\
\x12r\xe8;\xb7\xa3w\x88\x19\x89\x96\x18\x91\xc7y\xd3\
\x9c|W\x13\xc1\x12!\x84\xdb\x8f\xd7S\x91\xc1\x9f\xe0\
\xf8&$\xbd\xdcS\xf6\x05\xb5\xa2N\x88 \xac\xf4k\
\xc3*\x04\xb5\xf3b\x1fY\x94\xe9\xfc\xc3\xcf\x84t:\
\x8e\x91%\xc4\xa6,/\x91\x84\xcc\xc8\x12rduC\
kEg\x19\x1c&\x95i?8\xf4\xa6\x84\xa6\xe4\xa7\
\x9c\x09]1\x1c%\xcc\xee )\x83\xa5\xe1h\x1bV\
\xaf#-\x84\xf8\x85A\xee0\x8e\x09\x13\xd3\xcb\x90\x17\
r\x9a)\x1c$d\xda\x8d\xbd\xe60\x5c\xbbTT\xa1\
6\x8aw\xc4t\xf2\x86\xc6\x1c\xacD\xc8\xd0\xddd\x84\
\xeb\xd8\x11+cE\x1b\xc3=\xe4W\x1a\xa4Z\xa4f\
\xc2d\x1c\x91\xdf\xf8\x1aJ\xd0\x15k\x08\x12\xa4H\xe6\
\xa7eT6\xc1[\xcc\xbd\xd2a\x0aN\x08Z\xe4\xad\
\x0cN\xa4\x9f\xcd\x87\x8fX\x04i!!F\xd6\xb4n\
\xd4)WK_\xd1vV\x11*]\xcc\x90\x1a\x193\
\x04U\x0cy\xf8\x1b\xd6h'm'\x94\xce\x0c;\x8d\
\x0b8\xf2\xfb3zS\xdb\xb8\x8b\xd2\x83\x19\xb2\x7f\xf4\
\xf0\x07\x99\x0b\xbe\xa8s\xb9\xc9\x1f\xa6\x1b\x0ab\x88?\
\x04I\x1eB%(\xf1\x10\xa6\xb4\xbc\x86\xce\x98\xd8a\
\xdep\x97\xcb\x08\xe2p\xcd#h\xc2\xec1ip\xe6\
\xb1\x86qH\xd7\xb8\xc8CC\xaa,\x12a\x0aS\xce\
\xcc\xf2\x09?V\x1e8\x09\x0e*K\x85\x1f\xee\xa0\xdf\
\x91P\xb9X)\xf4\xd2W\x8e\xf0\x88\x10\xca\xaa\xb48\
js\xd2\xdd+i7\xe4\xec\x12R\x1b.\x8e\xa0\xe9\
DxLPp\x0efD\x90:y'\x1fJec\
\x84f[D\xe8\xd6N\x9c\xd1\xc7,\x09\x09\xc3\x0fa\
\xbb+\x0e\xa1BCFiT_~E/\x81\x13\xd1\
v\xac\xda\xd5\xca\x81ugad\xf1\xcc%d,D\
\xa9\xb6 \xf5\xe6a&\xad2S&i\xden\xd9\x0d\
\x05\x8e\xe5m\xe1\xbf>\x86\x17.I\xc2\xa4g(\x04\
\xab\x94\xad\xe3p\xa39b\x97 \x87j\x82\xa6(\x11\
!\xfa\xebw\x05;q\xb5\x91\x990m\xadC\x10v\
\x1ca\x0c\x12\x8aH\x1f\x09U,\x849\xf4\x98a\x9e\
\x0bS\x8f@\x87\x11;{\x1bB\xe4\xaar\x04\xb7,\
\x03\x86\xc3\x82\xf9Clsc\x14\x82\xa8n\xca\x10\xfe\
H\xcc\xc6m`\x08T\x98\x85*\x88\xc4\x1e\x13\xa6\xc0\
\xfb\x1dD\x83\xf1_\xc316;\xa4 \x8e\x0c\x91p\
\xc4l\xc6\xe2y\xec\x08/\xae\xe8\xe8z9#\xca\xa6\
 %+\x92\x91%c\x15Dsx\xaa\x1b\xae\xbdn\
D!\xd4R:0(<O\x08rH\xf4\x8a\x05;\
\xb2 A\xd7\x1ab\xe6\x0c\xb5\x09\xda\xc3\xc8\xd4\xc1\x08\
}w\x09w\xd1\xee\x07\xa5\x90\x91{q\x0e?\x22c\
\x81\xf3\xcd\x90\x82c\x87\x18\xb1 3\x0aix\xb7\x10\
\xa1\xd1\x19\x03C\x88\x98\x5c~\xf6\xbf.|\x93 a\
&\xcd\x84\x0f\x91\xc7\x83K\xaf\xfd\xbfK\xd4\x84q\x85\
2t\xcce\xa0\xf0a\xa1|G<\xdfCw\xf1L\
\xe5\x19\x1aB\xb3+\xef\xfd\x89\x10v\x85\xd4\x15Cp\
\xc8M\xc1S\xd8\xc7\x7f\x18\xb5\x0d3\x0eeZ\xc3(\
=\x22Iiaku\xcfD\x88\x04J1\x0c\xd5\x9f\
\xc0\xb0uB\x16'\x17\x19\x11\xf9\xa1\x93W\x18\x91\xbe\
\xac/\xe3(\xab>\xa8\x16p\x9b\xc4\xc9<H4~\
\xd7q\xaf^\xe1\xb5\xc8\xb5\xf1\xec\xf6\x9c\x0c\x13\xbe\xce\
\x82\x8d\x89W\xc1\x0c\x0a\x03?\x14TC\x99\x13\xb1Q\
\xe5^\xcb\x0a\x0a\x11\x8c\x98D\x98A&BoB\x16\
,\x85B\x86\x1fJ\xcf\xd8\x85\xa1QR~d\x02\xa5\
\xf6\x1e\xfa$\xa1\x93\xc8\x0f]N\xe1\x88a\xa1\x04K\
\xc2\x92\xe9\xe9\xce\x93Y\x8c\x884\x8d\x890\x95\xcaN\
\xfe\x12\x14\x82|\xe1\x041\x16\xe6p.6A$\x9f\
E\xc8\x0c\x97\xb8\xa8$\x81\x02G\x91\xbfE>\x00\x83\
\xb6\x09\x00\xd0@\xce\xd2,\x8ce\xd1\x00\xc4\xe4T\xa0\
sT\x04\x02 B\x04\x09\x009\xd2\x22\x9b\x83d\xf2\
o\x02\x9a\x17DO<\xc1\xddoc\xf3\x05\xba\xd9\x83\
<$\x14L\x05\xaf\x11\xf1AH\x9c\xd7\xcc\xd8\x10\xba\
.:\xf3\xdcj\xab\x17\x8e\xc0\xdd\xa7)\xf9\xde?~\
Sb\x0bh~\x15\x16\x95\xdc\xff\xa6\xe3\x95[\xad#\
QL\xc1\x9b\xb4 \xc5Ln0\x8c\x8d^\xce\x7f\xc5\
\x8d\xfc$ly\x9e\xc4\xe8\xbe'\xbb<5\x05VG\
\x14v\x96\xb0\xe79\x09\xc3\xbe\xc2Y\x84\xac\x05\xc6h\
\x9e\xcc\x82\xb3\x07\x02/q\x8ab\xec\x142\xd9\x84\x18\
6DNXY\xae\xa5\xb3*\xf5$\xe6\xaa/}k\
&\xfb\xa4\xd2\xcaY6\xd3.3\xc6\xb3\xebz\x909\
0\xbeT\x90\xb6\xdf\xaf\xf7/'\xd9U\xe1\xf7e3\
'\xe9\x9d\x9c\xaf\xe2\x09\x10o\xf1T\xd1V\xef\x5c\x0f\
\x9a~=\xe5\xbc&1g\x9e\xa1\xab\x8b\x19\xe4\x90\x8c\
\xda\xf22\xf6,q\xb0\xe8!`\x8f=u\xf3y\xe7\
\x82\xcb\xc6\xe6\xbf\x96ma\xa38\xc3\x12\xdeH\xe8v\
\xa2\xc0\xf1U\xe5\x17\xa91\xa7\x9f2\x03\xc5\xbf\xea\x94\
\xe1\xd7\xa3\xbd\x12\x03y\xc3\x85v*z\xcbdUp\
\xb5\x8a\xfd\x0fA\x13\x91\xdd\xf6n\x1d\xdb\xd7\x0d1\xc8\
\xbaXd\x13\x93\xe0^\x1aI\xdb\x9d\xe4\xd9Y\xb8\x1b\
\xa7\x22\xd6\xd0\x7f\x9d\x86g\x8bG1+\x9f9\xe2\xf7\
\xb9\x8a\x22%]\xfa\xf9\x80\x01\xdb\xd4\x867\x04\xd0\x8f\
\xc3._RE\x1f\xd4V\xa2\x86\xa4\x97Vn\x18j\
\xf7\x1ax\xc2_\xe3_l!\x04\xb5l;3H\x8a\
\xaa\x02\xba\xc2*S\xcb\x96\xc8\xfe\xd1\xc9\x88V\x86\xb7\
\x84\xb4\xb1\xc0\x10\xb1\xd7\xd0\x89m\x06\xb61\xe9P\x0b\
\xa5\xb3:\xf1J\x1a\x0ci\xa9W\xdb$|(4\x17\
\xa9\xc3\x22m0\x18?\x19P[\xda@\x87)[\x95\
c\xe0%\x87_\xa1\x0d\x15!\x83\xf5\x11\xc2d\xf7\x9a\
fx\x08\x0f\x0a\xaa\x87\x17'\xb4J\x02\xa5\xa9J \
S\xe4sl\xd66\xc6\xe1\x8b\x0c\xa4\x08/y\x9a\xf4\
h\x9a\xd3b\x00\xf87h\xeag.ulz@\xb2\
\xcbM\x8f\xc1\x08[G\x91\x9cR\x8b\xad6\xe6))\
\xf9u\x84\x1e\x82\x89/\xa1\xbe\x9f,4\x0f^\x1dt\
\xa18\x18\x8f\x00\x87\xc8r-\x8aV\xa67\x0c\xe0\x13\
s\xd2xW\x9e\xf2T\x06\xdd\xb5Ph\xf2\xa2\xe7\xe8\
\xb5\xe0^)o\xa8 \x05\x1f\xeaw*\x80\xcf\xdf\xb9\
R\x1d\xb4g\xd3x\x8fq\xa1\xb8:\xe2@\x9c\x90|\
\xd1\x02V\x1b\xa0\x0f\x95\xda\xde:t\x12FA\xb0 \
)\x91\xf7\xd2.*\xc0\x18D.\x1d\xd4\xdb\x95\xadR\
\xcajJrU\x12\xd8!\xeakF\xe8\xe2k\xa4O\
t}\xf4.\xa8\xa6\x06\xc9FX'\x08\xfa\x1e I\
\x92x\x9eK\xcav\x22\xca\x8aw\xd3u\x0f7\xf0W\
\xad\xd8\xaa\x9f\xd9\xd7\x89z\x9e\x1e\x00\xaf\x02\xdd\x84\xf4\
?\x0c\x9a6\x98\xfb\xf6}a\x9a\xc5\x01\xb3Sj\x19\
\xd3\x04%\xd5\xa5\x82h\x16\xb5\x12\xd0\x9c.\xbct\x08\
3\x13\xe1\xfc||\xcb\x05\x88QS\xdevV\xccl\
\x89d)Q\x99\x1as\x1e\xd6\xb1}D\xae/7\xc3\
\x9c\xe2\xc2\xcc;l\xb9\xc4\xc0#\x9eH#\xae\xc6\x84\
\x1d\xa2;\xb5Ya\x0d\x90\x01\xc3u\xdf\x1d\xf4RX\
\x80\xa34\xb2\x8e\xd5\x0dI8\x14\x16\xbe{\xb3\xa0\xac\
_0\x94\xf5xE>\x06y\x8d\x0d\xae\x92V\x1f\xc9\
v\x1cr\x18\xb9Mp\xf1\x94\x9a\xcd\x1bz\x9b\xbfa\
w=\x94\xc7\x92T\x16\xe4\xdd\xe1\x9c\x22\xed\xa0\x82@\
9\x05B;_\xcb\xect\x5c\x17\xea\xa8\x08j\x92X\
#\x1a+\xa7\xbfOUm\xd1%\xc3\x0a[\x9a5\x93\
M\x8ew\x88\xde[8\x8a\xc7\xab\xffy/\xda\xa1{\
\xb6\xac\xc5\x9f\x22:\x12\xcc\xb3\x94\xad\x92\xb4\xb2\xd4\xd9\
4FW\x9a\xf7GK\x93\xc1\xb0U\x80\x85\x03\xede\
\xb6\x11\x17\xfd\x98\xcaM\xa2\x1e\x0a\xd1!\xcbcgn\
\xa5\xcd\xc8\xa8\x9cm\xbd\x1ab\xc8\x92\xf1\x1b\x98\xd1r\
\x152\xccO\xb7\xd4\xcf0\xd2d\xd6\xf8\xad\x7f\x8a|\
\xad\x00\xc7\xc5\xe0\xab\xfe\xebX\x1a\x8ep\xdcHI\x8e\
\xc4Q\x83D\xea\xb7\xcbr\xac\x13\xfb\x8a\x0e8q\xa9\
c/\x8c\x83\xd6Vt\xe8I\xd1\x80\xf7\xe4\xd6\xa7\x06\
AA[\x7f\x92v\xa3\xf8\xd0\x1c\x82<N.\x8b,\
aZ\x957\x9c\xf4\x8d\xe3\xfc\x1cl\x07\xfc\x12\x87\xab\
\xbdR\x85\xdcM\xd7\x90<bh\xc5E\x0bP<\x00\
r\x0e\x82\x0b\x16p\xaf\x19\xdb\xaaC\x0e\xf1\xab\xcd\xd2\
\x22\x08\x08%\xe7\x9d\xd3}2!\xf2:\x1e\xffT\xf0\
\xe6=\xc1F\xc8\xd7\x04\xea\x94>Z-;*e|\
\xe1\xcc\x06H\xb6\xbb;\x1a\xcc\x8b\x07Q*\xb8\xe9\xa3\
J\x0aX\xba\x86\xc0\xb7\xca\xa3\x8e\x165\x8a\xb5N\x97\
pj\xe0m\xc1>\x82\xbd~\xd7\xa3\x92z*\x1d`\
\x84TZ\x03\xdffz$\xc0\xe5\x047X\x1c \xe0\
Cu\x97\x1e}\xa9\xad\x80\x92\x1e\xa3P\xa0\x8d\x97\x1d\
\xa4`;?\xe5\xd4\x85\x9a\xcc\xd8\xc4\x8cI9\xdb\xaf\
\xf1K(\xb3\xe3\xd1\xbc\xea\xdf\xe3.\xb8!\xa6\xf4\xb4\
\x8d$\x10\xc7pBNd\xa9\x92c\xb1_\x96Ia\
\x89\xce\x9e\x18\xd3\xa5\xec\xae\x9b\xf5E\x90L\xd7\x185\
\xfad\x0a}\xf4\x85\x1f\x0f\x00j'C*\x1a\xd4<\
\xcb$\xe9Q\xed\x95\xadQ\xed\xd2\x22\xcc,\x97RT\
\xea\xaaE\xc8\x94\x1c\xcc\xb4+^\xe7f\x0c\xc8&_\
Vb\xd9\xf9\x92Z}\xed\x93\x8b\x07\xe0\x840\x22$\
\xdc\xd5\x91\xb3\x9f#n\xacf\xb5:\xa1\x82\xae\xee\xef\
 \xd2\xe6\xfaK\x9a\xa6\x11w3\x87\x84\xe9u\xc7\xa6\
3Tg\x91\xb6\x09\xa5\x9e\x8f`\xed\xa0k\xb8\xad\xcd\
'{\x99C&\x1eD\xf8\x80\xf39\xa9\xa3\xaah\x1b\
\xdf\x85\xcaQ\x05hV\xa3e\xd3\xb9M)\x8b\xdbR\
Qi\x84%\x9c\xdc]\xa6\xd0\x10\xb5R\x22\xb1$\xae\
l\x98+\xad\x0f\xc0,Xp\xe2\x94e\xac.$\x89\
O\x84\x18\x93\xe4\xeaD\x9e\xc9}\x90\xa7\x053n0\
\xad\xf2\xa3K\x93 \x8edBM\xff\xc3GB\xe0\x85\
q\xbd\x22\x1c\xa4S\xfd\xdf\xccx\xb10\xa5),\x07\
\xc4\x85T(\x89\x92\xbat\xe0\xc6\xc3S\x18\xf4x+\
%\xd9\x84\x8d\x97\x19o\xe7*\xeb\xbcL(q\x9a%\
\x0e\xa2\xb6[I\x04\xc9_Y\x02\xf13\xf3\x15\xba\xf6\
\xd0\x0b\xea\xb5\xbe\xf2;\x02N\x86\xa6_\x1a\xba\x99<\
\xb4\x82-B\xbf\xd1\xe5=\x03U\xb5\xb0\xb5\xca\x94\xd6\
\x10\xd7\xe33\x9c\xb5\xb0\xa9\x0b\x9e?q\xe1\xe5\x83\xf6\
\x8b\xaf\x0a4b\xbemY\xe7\xa8i\xad=\xa2\xdf\x7f\
\x81.\xb5\xe0\xeaH'\x9b\xa7\xf9?{\xe1;[\xb7\
\xb2\xb56W\x87\x09\xb7)\x1f^\xe8\xdc\x96diE\
R\x91?I\xfd\xd1\xbb\x1d\x08p|\xb2\xf9\xdb\x82\x08\
K\xdd\xf7\xdc\x97\xd0n\xde\x88B\xd5 \xdb\xa5G\xde\
\x89\xbc\xb0M\xa7\xc20$\xb07W\x1f\x12V2\x10\
3\xfe:\x22\xfcm\x8b,\xb3\xb2.\xa2\xdc\xfb}\xc7\
\x0bB\x15)\xf7\x98\xcb\x81 r\xc6IG\xdb\xabn\
\x03T\x12\xc0\xb2\xae\x95\x18\xe2\x1c@\xd11\x1f\x9br\
.M\x92\xbe\x83(\xd5\xe3\xc7\x0c\xd2\xbe-\xf7\xee\x1a\
i\xef\x09\x13\x03\x93\xe3k1\xe8W\xa0\x97\xf7)\xf7\
\x04~\xf9\xce\x09\x7f\x00lF\xc4]\x98.\x8b)\x11\
\xb5T\x22EI\x18\xea)\x91\xe4\xb1VfpX\xe1\
;\x1d)t\x85\xf4\x92>4\x93q\xcce\xd5\x93b\
\x82Z;&\x9cJ\xa4;xGl\x9f\xd5\xf4\x12J\
V\xb1\x1e\xae\x0e\xf3U\xe9\xe6\x9bb\x86\xa9}\x9d\xec\
\x83OP\xc4\x94\xfd$\xd1*g\x92&\x9b\x08Z\xaf\
\xa0\xbc\x9b\xaerdN\xe5\xa1\x048=\x05\x9d\xcd<\
\xcbd&\x17\x8a\xd4d\xd7\xb3\xd1+q\x9f\x8bD\xba\
\x9a\xe6\x10o\xcb\x16\x1c|\xd8o\xcb\x92D\xc9/\xe0\
B#5\xe4t\xe2}\xb2Z\x19\x0d\xb1\xd5\xe5\xfd\xbe\
\x96\x04\x0f\xbeh\xb7\xf3\xa5\xcc\xf9\xab\x19\xe4\x85 \xf6\
\xb1\x8a\x81\x9c.\x8eQ\xf3\x0f_7Z\x8b\xf9\xd26\
\xca\xb0\x03=\xc4\x91\xed\xf8|\xfd\xeed\xf8-\xe5\xc1\
\xe7\x8f\x8c\xb3<j}\x13@\xccw=\x90\xf7pY\
Q\x81@}-Y\xf2\x193lT\xfc\xe6\x034\x7f\
\xef\xa5Xb\xfb\xca=Q<\xf8\xcfV\xa9S&[\
\x03s)?\xa5\xcf\x17\x83\xd8lX\xc1\xb6\x81T\x9f\
\x08\x92-)tr\x02\x15UR\x99V>W\x92\x9e\
\x95\xe0?\x9d\xf6\xc1\xe3!6\xd2k\xd6n'\xf8\xec\
\xb87D\xb9\xb8O(\x99\x0co\x0aB \xaeP\x06\
\xba\x93\x8e\x8aM^f\x19\xb4\xda\x99\x9b\xb3\xb1\xdd\xb9\
\x7f\x87{c\xe9\xb4;\xfc\xf0\xdf\xeb\xfbL\x08\xe1\x92\
\xfe}k\xfa\xc5\xa9o\xca>\xc2\x9aMou\xe20\
\x00\x09kYGo\xf9\xb3M\xef\xac8\x08Om\x85\
Y\xd3\x97^5)V\x81\xa3\xed\xd0b-\xaf\xf90\
k\x88\x98\x10\x8b\xfd\xbc\x93U\x0d\xd4\xe4\x1cy\xdd\xba\
\xa5\xdd\xc0f^\xc88f\xea\xe7\xe3\xfa5\xbfr\xa1\
\xaa-(L\xd9\x9e)<\xaaf\x98\xe3\xba\x8b|E\
\x07\xbb\x80\x06\xe4\xc6-\xaf\xd1\x1dq\xcaB\x08\x8f\x09\
F\x5c{r<\xe9`\xbf\xb3\x84\xae$\x02\xf0pk\
=\x0dSYdH\x14\x04&\x06\x02\xe0\x85\xf1\xeb4\
\x8a\xd2\xfb\x915\x9b(\xe8\xce\xc9\xf4\x0d\xd7?D\x07\
\xb8\x95\xc6FY\x07\xf4\x0a\xc9v\xfb\x9bt\xea\x1d,\
2\x12\xfdM\xdejB\xde\xd8B\x22=\xb0-c\x86\
Ui\xde\xcf\xd6P=;\x8a(2\xa1Gy\xf6;\
\xd3N\xc3\xcbX\xa4\xceZwa\x90V\x80v\xc2f\
)\x81\xc0\xb0\xc6\x868Z8\x90\xda\xa0\x5c,\x92-\
\x82\x91hb\xdf\x19\x99G\x1eT\x98\x9a\xb3\x9ai\x02\
@\xd9\xa8\xc8\xe6\x8a\xe7\x12\xd86\xc9kRY\xa7.\
\x0e\xac/9']r\x8a+9<\xcf9\xf2\xa9Q\
\x00\x12\xd4)\x09\x1e\xec\x1f\xb8\xa0d\x9e\xc7\xa3\xf5\x8f\
09\xdd\x08\xf9\xfc\xbdOD>q\xc8\xd4T\x00\x06\
\x1a\x8a\x95:\x08.\x1b\xa7\xdd/\x9a|\xe6\xb6A!\
\x13\xd7{I$W\x98\xb0\x03Zo,\xd9{\x14&\
'\xac\xb2\x0dB\x9b\xccR\xfb\xd5x\x86\xfef+k\
\xeb\xed\xe3\x89!\xa9Fh\xf6\xf9;\xb4\xc0\x044\xb0\
\x93\x1f\xdbr\xb2\x1e2\xf5$\xa1\x08\xf4\xa4\x12\xe4\x7f\
&P;\xa8!\xe9\x0a\xcaeB\xa9\xd2:Wu\x06\
\xde\xbb\xb5R\xb3\xec\x00t\xbcC0\x88nl]E\
\x8d\x1b\xd2y\xf3:$\xf3\x0c\x83\x07\xc2OfB\xd2\
\x0e\x02\x9d\x81\x92\xe0P\xb7~\x08\x13\xcd(\xb6\xc8\xb1\
\xc3\xd2v\xfe\xff[_({\x1d\x8dT\xfa\xbfa?\
\x03\xc7Z$\xfeR\xa6\x84F@\x15\xc4\xb1\x120r\
\xa1We\x9aR\xb3\x9a\x92\x86]\x10\xc2#\xd3\x94_\
Z\x03m2*\x8e\xec5/\xd8/\x80\x1dJ\x9an\
\xd2N\xda\x09\xab\xc5Y\x01\x86\xd8\xbb]\xff\x14\xc75\
\x07\xe45<\xc2\xde\x01\xde\xff\xb3l\xdd\x00\x13\x0dh\
4\xe5q\xff\xa3%\xb5z\xd4\x8d\xb3\xfd\x97\xb9O{\
u\x80\xc1$\xfb\x0eMZ\x13\x88\xbc\xf9\x9a\xd0\xe5x\
3\xbc`\xb5j\xbc\xf5\x89 \xe2\xea\xd0\xcd>\x01\x8d\
(Li\x0a\xc3\xa9$\xeb\x18\xd3k\x01\xb1=\x04W\
\xa3\xd6\xf0]\xf4\xd4N:\xc4\xa9 4\xda\xf4\xea\xbc\
\x86\xbc\xc3\x0b\xfb\xcfp)3\xdb\x89\x9a#\xdcI4\
55k\x13\xd7p\x99\x01\xe92xR\xa5\xa7\xe5\x0b\
\xd1p%\x8f\xdd\xe7\xc6-\x1a\x16j]\x8a\xf1>m\
2s\xd9\xae\xd6y\xe2;\x83\x85g\x97A\x0c\xd2p\
j<[\x08\xdd\xcd\xe3\x01\xe8;OU0\x12\xb0\xaa\
>1T\x9c}\x86/\x5c\x9c\xbc'\xa8\xe7_(\xf0\
\x13#Y\xf0\xa6\xba:\x90=\x92\x8dS\xb3\x8db\xc5\
\xd0\x9be\xc0`\xed\xf1\xf5m\x0bf\x0dl\xa3\x12\xc0\
\xb2\xe23\xbaAg\xb3L\x81.\xf1\x9dj\xbac\x18\
\xab\x7f\xfd\xea\xc1\x8e\xd5@\xca\xe1E\x1b\xc4\xad\x95\xaa\
\x9c\xc8\xb0\xd2\xa8\x0b\x01\x06\x0fr\xaa&k\xb5E\xe3\
\xec,\xc4\xd9\xde\xd8\xf7\xb9\x9a\x0cE&\x02\xdb\x0f\xaa\
F\x8d\xe9\x16\xc0_-\x15kw\x0b\xd2.\xdb\xe8d\
_\xac\x81\xb8\xa4\x9a\xae\xf1\xbe\x7f'V\xdfwE\x19\
\xe3\xb3\x98\x99\xa4#K\x81\xb1S\xba\x13,\x8aQ\x9b\
_\x85\x0a\x99\x150j\x03!\x13\x0cu\xa38\x90\xf4\
\x98\xa8;Z\x09\xf0'\xb9\xdaD\xeaS\x04KOJ\
\x80\xb7m\x93+\x81\xdc\x0cS$\x87\xf8S\xa7\x16\xe0\
\x12\x0e\xff\xabg\xc0\xb9\x8c\xf2\xb2-\xc5\xfb8\xd2X\
\xc5\xe0\xb9<\xd5oc\xc4r\xdaU\x22X\x1a\x8b\x01\
\xcd\xe8\xc4\xdd\x9ck\x13\x08\xd2,\x067G\xaf\x01\xdb\
8\xc4\xd8\x87S\xc9\xe7\x19\xd9\xc8\xafm\xdd\x8a\x01Z\
\xa9\xd3\xd6\x16\xa3\xec\xbbh\x96\xd9w\x0eT\x81Nh\
\x93h\x12\x8dEuH\x92!E\xe3M\x1fQ\xec\xc9\
\xb7\xf2?\xeb\x96\xb7\x22\x14\xd1Yf\xd7\x03\xfa\xa5\x83\
0p\xc0\x1a\x11\xcd\x5c\xda\xa3\xc4\xf07+3V\x15\
m\x8b[k\xbei\x0dZ\xc4%\xf1Y$>L.\
(?\x9d:\x14\xac~1 \x9d/4c\xa8\x16\xb9\
<_\xe6\xa0\xfc\xd3}\x80\xb7\xf26Y\xecB\x87Z\
\xfai\xfcD\xf6^\xb5z3\xfc\xa6\xb6.^\xb6\xb1\
\xe3V\xf3[|%i\xcc\xfd\x90\xb0\x0f\x996\xe2\x19\
aF\x02\xcc\xcc\xb0\xff\x84\x17\xd8y\x04-\x0f\xfb\xa2\
\x0e\xef\x82\x9bUJo\x1ey\x5c\x96(\x0fd+\xbc\
\xe7\xc1H?{(\xbc\x02e\xb6\xb2Vc\x19[\xba\
\xb3@\x84\x88\x1dM\xa4Z'3\xd1\x87.\xf2@\xe1\
L10\xe1\x90\x91\x99\x80\x0d\x11\x94\x8a/\x09\xd4n\
 \xd5\xb8\x18\xab\x02DH\xfd\xf4\xf3<h\xb2\xe5\xd2\
\xf2x\xe5\x90l\xba4\x0f\xf3h\xdfn7\x8f\xb5\xad\
S\xcb/\x82\xb0\x8d5\x94\xe0yL?\x14\x09Pa\
\xe6-\xdd\xa4\x22\xd3\x84* 0\x8d\xb3\x16\xc9\xe3\x92\
\x81C(\xb7\x95\xb8S\x1d\xb0TY\xff\x0c\xcd\xdd\xd4\
9\xe6r\xef\xb9}\x1f\x10\xc1\x8f\xf3\x1f:\x0a\xc0\xc8\
\xd9\x91\x1cT\x85:J\xc8\xa3\x8f\xbe\xb5\x8f-''\
\xe2\x15)7C\xdf\x96\xe3x\xdd\xfcX\x88\x02X\xc5\
\xe4!X\xf0\x01Q\xf9\xc6OKs-.\xf4@\xa9\
7~F\x7f\xf0(\xad\x87~\x8b\xe5M\x83\x22\xe9b\
\xe2\xdb\xe7\xba\xb5\xed\x10 t\xf1\xb5\x17\x9b\x0b\xf5\xb0\
\x9a{\xff\x01H\xd5)E\xca}\xd8\xc3E\x9d\xf1;\
n\xf3\xf0J|a\xec/\x80\xfdrGN\x19\xc0\xd5\
\xc92\xab\xf2\xdd7e*Ny\xc4Z\xc1\x92\x8d\x06\
H\x8ay\x9an\xe74\x1d\xa7\xba\xf6\xe4\xf9\xfa\x8d\xa2\
\xf9\xda\xfcw7\x89\xeb\xce\xd4\x00\xd4\xa0f\xe1\xd3\xde\
mqP\x16k\x8e\xc3\xa8\xa6\x19\x188\xfa\x94/0\
\xa5\xa1<\xac2\x8aF\xf1\xe9Ci\x12\xebJ\x8d\x86\
\x8bX\x88\xefU\x8d\x84\xa9Z5\xee\x17W\xe4t\xe7\
]M\x19\xc7g\x82\xe9X\x12\xe4I\xd7_\x81Lj\
HV\xb8\x22c\xe9\x5cf\x1d\xa2I&+\xd5\xa6)\
:z)\xa4\xdb\x97\xb1\xe7\xc9\xad\x9c\x12\xccI\xb35\
\x9d%\xfc2\xe6\x1d6cI\xfc\xf5\x03k\xd6\x9ct\
\x92\xe7\xcb:\xd6\xccE\xdbv\xc6DX\xc5\x88\xad}\
5\xc4Z\xb3\x22[e\xbe\xf9\x87KLLV\xf4.\
5Hv\x99\xb1\xb9;\xf6;\xf3k\xc2\xc4yf\x85\
\x82V\x17\xa5\x813\xd2\xc8\xbbyC\x0d\x0a\x96\xe7\x1f\
\xd3!\xbef\xcb)\xad\x8e\xc2q\xdf\x99\x8a\xa7\xf5\x00\
\xf8T\x9d\x90\xb1h\x9b\xd7|$\xe4Q\xb4\xd7\x04\x9a\
i\xdb\xd0T\x5c\xd2Cz\xbb\xeeQ\xab\x19T\x86\x94\
C\x80\xda\xe9\x05\xeaN\xc5\xdd\xcft\x91\xe5Y\x99\x97\
\x84\xd4\xa3\xf5\x93Pd\xfc.\x09H\xf8\x01\x9b\xaey\
u\x85\xa2\x06\x0c2\xcbj C0\x17\xfc\xd8\xb2d\
\xb6\xf9a;\xc8W\xc4^Lx\x94\x14\x95\x16\x0e>\
R\xdb\xe3\x95\x04\xfdW\xe9Z\x88\x83]\xd5\xa3\xe6\xb0\
\x85\xa9\xc9W\x86\x18\xa8\xba\xa1l6<1\x80[\xbd\
v\xff\xc0\xef\x09,c\xefeB\x9f\xf4\x22c\xf7\x22\
R\x7f\xa8\xe8\xab\x11}c\x018k\x014\xc3\xec\xf4\
\xa6E\x82\x0c\xb2~#\xbaa$+\x17K'\x17\xc8\
\x8c\x91-\xb1\xe3\x12*be\x1e\x17/\xc5\xe2H=\
\xb7\x95_\xae\x02\x0d\xb8\xe9;$\xf8h\xb7\xaa)O\
\xa8\xd8eD\x08\xcdl\xde\xdb_ \xb1p1\xb1\xe4\
\xd7Bb\xac\xec\xd0\x84\x1d\x90>\x11\x8dL\xf5\xfc\xf9\
\x94\x97\xaeV\x96\xfb\xec\xa5*\x0a\x1d\x8fF\xac\x97\x85\
\xbb\x0b\x03,\xa1\x06K\x15\xc5I\xfa\xb7`\xf9\x93\xef\
\xd6w\xbb\xeditI>\xd9\x87\x91\x8a\xf2h\x0f\x84\
)\x87L\x84\x15d\xdf\xafW\x1a0\xc6_\xe3|\xfd\
\x87\xd6\xc59\x06\xdb8\x02\xbe\x8f?\xb0\xc6\x1b\xd8!\
\xf5\xb3\x8d\xb4I_?\xdb\xe7s\x03\xe1\xd5\xe3A\xb7\
\xe0c\x15B.\xa7\x0fUe\xae\xec\x05\x16Z\xbd\x81\
!\x1f\xf8-\xb7Mh\x06:\xaa\xd5\xb6\xc1k(\x15\
X/La}\xc5\x8e\xf7\x1a\x8c\x8ae\xf7\x84\xe6>\
\xabOr\xcf\x97)\xd0\xc2\x22=WU\x99\xc3\x89/\
\xf6\xb9\xdfrd\x92n\xeb\x1cF\x05.i\xe7\xba\x88\
\xaf\xbb&\xed\x0f\xc2\xa5\x1b\xe6\x18e\x88+,\xa5%\
\xa4\x0c_\xb7U\xc5n\x89\xfa\x83M\xd6\x8c9\xaf\x14\
M\x19\xbc4b\xc2\xc6w\xc5-\xbe\x0c*\xeb\x0a?\
\x94\xc2\x0c\x89\xa5\xb4p\xcaZ\xb0Mq/v\xd2\xba\
\xda-\xa4;k\xe0\xe5\x16\x07_{\x16:{ \x0e\
a\xb7\xe3\x02#.\xbe\x99\x9c\x92=\xea\xa9\xcf\x93 \
\x9ex\xce\x88\xa2\x14\xe5\xa7\xce>&\xd8\x06?J\xd7\
\x86Y\xba\xa09VZD\xa5\xe4`W\xe9\xd5\xaep\
\xb1\x1c\x09\xc4\xcdue.Z\x0f\xdb\x04\x95(-\x85\
\x1d#\x09\xeb\xb0\xfd\xa8\x9cl\xd6\x1f\xdf{P\xf0\x14\
\x0d^\xc2\x15\xe9\x92\xddXJ\x02Q\x02\xf3n\xb2\x10\
j@\x0e\xe9\xfb\xa7\xdfR9{\xfa}\x86rx\xa8\
\xe2/\xb5Jn\x19\x83-\x9b\xca\x98\x92\x1at\xf2b\
\x85\x01l\xa3\x07\x9b\xbf4\x9f\xc3\xe1WM\x94\xf6Y\
\xde)=\xe3\xe8\x8e\x19z6\x90\x8b\x1c\xef\xdb!\xcc\
e\xa7\xcf\x9aU9\xb12\xc2\x90^B$\xbd\x1e\xb5\
\xb6.)\xb6\xa1i7g\x229\x99\xd8\x0dB\xd8K\
UD`\xcb\x90\x00g\xe9\xd1\x16X\xa1\x9e\xf0.\x5c\
\x01\xda.\x85`$\x90y\x01\x04:\x9f\xae\x9c\xd8\xe8\
\x08\xa1X\xd3\xd1w\xc9\x99\xae\xb3u$\xf5xz\x08\
\x01M\x11\x8b\x81\x00\xa0\xa8e\x98\x94P0*\x077\
\x10\xe3Xz\x90Q\xe1\x13\x82\xae\x05>\xe4\xa8{\xd0\
\xff\x1a%2\x1cbg\xb2\x14\xde\x0d\xf1\xac}M/\
b\x94O(\xbaozoa^\x07<\xdb\xa8E\x22\
\x1dJ\x9cH\x19\xb4^);\x8d\x98 \x88a\xf5\xdc\
\x8c\xfa+A\x0e\x180\x1f5\xf7\xe8\xbc*[\x88\xaa\
~\xb0\xe7Z\xe8Lh\xf6`(\xb7\x92\xdd\x00\x88{\
\x98\xca\xe2\xdb\xeda\x86'^\xc9\xbb35\x1e\xb2W\
\x0b\xfeb8\xad\x87\xd2\xf2\x18\x7f\xed\x8a\xb8QE\xab\
\xde\x7f*w|\x9f_v\xc3\xae\xb3\x9a\xd8\x84e&\
\x91*\xb3\x03\x9f\xb95\x87\x22R\xd2\x09\xf22\xe5\xcd\
\x8a\x048\x175\xa4\xbd\x82<\x91\xa8M\x98$\xe3\xd9\
1\xd1\x904[\x94\xe9\x9a4\x90\x19\xbb\x06p\xfb\x1b\
Q\x06\x89e\x0d\x8d\xc1\x87\x07\x9b\xf6\xe6\xc1Y\xdcq\
\x16\x16^P\xa3\x06\xf5\x92\x88V%\xd0@&R.\
\xebU%\xc5h\xb7\x90SX\x08\x86j\xba\xbaS\xa4\
m\xb8\xf8\xba\x1a\xe8\x9d\xa7\xc1\x96\xeaI\xec\x94\xdc\x0c\
,f\xf3\x81\xd5,T\x08\xcc\xd4+V\x18&\xae\xf4\
\x1b\xd3H\xc5\x11\x94j\x0a\x8d\xc2N\x91\xa2\x8e\x13(\
\xef\x0b\x03\xd5\x89\x8d\xbf\x7f:\xf7\x00D\xdd\x16v\x05\
1\xd0\xf90A\xe2\x0a\xd5\xa6\xf9\xd0\x98\x91\x12\x05\xe2\
\xf1QTz\xe7\xe1\xd9Y\x07\x016-\xa7\xca\xee0\
\xae\x98i00k\x9a.K\xbd\x8d\xf5\xc0\xc9\xba\xb0\
\x9a\xf7`3\xedXV0n\x89\xda\xf4\x1f\xc1\x00L\
\x09kF\x06EQ+Z7\x94\x8b\xcf\x99\x95\x03I\
\xa0(\x95\xfa\xf3&\x86QpkF\x80y\xfa&x\
KP\x8a\xe1\xc2\x02g\xb4b\xad\xce\xec\xea\xee\xe5_\
\xd0'2U\x812\x9e0\x8dCc\xc8\x5c\xcd5n\
!\x12\x8e\xaa\xc5\x98?\x94\xd6\x87\x1cTK\x91\xeb\x04\
\xf1\xb5U;\x06H\xe3?\xad\xdaN\xde\x1c\xe8~j\
)\xae\x22\xf9\x01u\xa0\x0f\xc1)!3\x99\x08\xf0\xd4\
\x84}6x\x0a\x9as\x01\x83;\x1b}m\xa4\x81o\
\x95\xf0p\x10Z\xe1O\xe1\xd9\x86\xb9\xb6\xc5'\xb1\xcb\
\xc0\x0e\x04W\xa0\x94>\x11A\xfb\xb2:\x91E\x927\
\xab\xa7\x96\xe5\xd7+\xf0\x04\xdf&HMD#\x955\
\xb2$\x8b\xc3\xff\xe9\xcb\x84fs\xbfGe\xdb[4\
M\x87\x04\x82@\x8e\x10\xb5\xa5\xa2\x9c\xd0x\x00\xba\xf7\
\x97\xd4p4g;\xe5?x@\xda\xa2H.t\x9c\
n\xe1s\xd3\xe3\xe9\x84\xba\xee\xd1\xeeH%\xa5S/\
\xda\xdf\xe4\x1d6S\x85~\xde\x06\xbe\x08\xaa\x0a*\x5c\
R\x8cs\xb9M\xb6\x14\xf5\x8f\x1aEj\x1d\xe9h\x1e\
\xa1\x10d\x9a+*`/\x9b\x1f\x9b*\xe3\x90\x9e1\
\xf1\xa2\x1a\xba?\x9cu\x88CB\xf2\xcf\x15\xd2%\xaa\
\xb0\xbb\x1d\xae\x8f\xf4\x04\xac&\x0a\xc8\x22\xc9\xb6hR\
\xa8\xc9\x94\x0fQ\x12\xdf\xc0\xf7a\xbf\x92D\xe6\x97Z\
\xb9/s\xb3\xa5B\x18GlW\x81M\xaf\xd5\x8a\xd0\
\x94\xb6\xde2\xe9\x91|\xf5\x8cTp\xe8X?A\xfb\
}\x1f*\x0b\x13\xf9\x1dE\x95\xbam\xd06\x0d\x98\x80\
\x8aFN\x9b\xb5w\xe0|\x1a\xa3\xd8C\xa1Y4O\
\x02\xaa\xef=\x11H,t\x1e\xb7\x93\xa2\x9e\xea\xf8\x0e\
e\x80\xc1\x15\x1b\x89\xd5,B^\x1bx\x05\xc7\x0a\xb8\
D\xf9}\xf5Rz\xd0\x93\x84\x0cl\x82\x18G\x1b\x80\
q\xa0\x8b\xca\xf5NK\x81\x92i\xdf\x82\xfff\xc4\xaa\
f5\xc4\xd3-\xc3f\xaaS\x84\x98\xfc\xbfs?\x98\
\xc1h\x8d\xa3K\xbd\xd5\xb1SC@\x07\xbe\xa2w\xba\
\xbc\x05\x95\xd5\x22\xfa\x91\x96\xfc\xa8\xd2s\xa7)\xfe\x0d\
+A\xf9\x1d\xa7\x93]_g\x99\xf4\x0e}C\x12\x91\
\x8cs\xe0Am\x22\xd3\x02\x0ekS`o\x83\xb0l\
\xd1\xa0AU\xa4\x91\x82J\xcd\x1djC\xd8Ua<\
\x22Hy+\xbd\x99\xa2\x19\xb3K\xe6\x9c3\xd0R\xe2\
aBwTk\xa4p%\x8b?&7\xb4\x0cA$\
\xe5f\xd7\x9dD<\x85\x18O\xb4=\x09\x1e\xca3H\
&G\xd3\xb3\xe7}\x01L\xf5}$H\x89\xf0z\xad\
\x05\xda\xdf>\x93\xc0\xcb\xc3\xa9\x16~c\x06\x06k\x8e\
\xfc\xa6\x1b\x1b\xad#m\x81\xa6\xf5T&\xb6\xaa\x04w\
\x0aQ!\x9a]3\xb4R\xad\xc7\xdcB\xc7\xac\x86U\
\x9c\xd0\x0d\x1fu\x15\xcb`\xb2\xad\xd69\x90\xf9O\xd6\
\x12\xb1\xa4Md\xd6\x94\xa7\xe1J\x95\xcc\x1e^>\xf3\
\xbd)R\x0f\x92\x9d\xd4\xab:;\xb6\xd7\xe2\xb5\x10\x84\
m\xbd\xe6c\x89\x01|\xb0\x0e)9a\x89q%c\
\xae\xaa\x11!\xdc\xcb\xc7\xa9\xae\x94bJ\x912\xe9\xb3\
\xb7\xbb\xfd1\xb7\x93\xcd\xf7\xcbk\xdbhj\xd1q\xec\
\xbcH=DT\xef\xecF\xaem\xd6z\x8b\xa9\x10\x83\
*\xd0\xf1\x93\xcaC\xf6v\xb5;{\xec\x13_@\xd5\
.4d\xb7\xf0\xban\xe5F\x0bs\x85\xe9\xb5\xd2\xa1\
\x94\xd6\x1eS\xfc\xbe\xab\xee?^l,\xc8\x14\x8f\xaa\
\xfa\x1aN \x19g?5\xd9\xf2!\x22 \xfb\xe2\xca\
V6\x9b\x88!!\x0ds0v\xbf6\xc7\xb4\xc9G\
S+\x9b\xf95\x1b`\x0d\xe7\xdf}\xb5\xd7\x954C\
/~\xe3\xa8\xdfR\x0a\xc1I\x09\x8a\x95\x5chD\x08\
\xac\xc8\x9a\xbb{\x1f\x12K+\x1dK\x89\xeezQ!\
\xe8\x8d\xff\x82\xc6\x04\x9dYD\xe3\x85-\x0f\x9cX\xbe\
y\xee\xd0\xe93\x82\xec\x0d{78XO|\x5c\x14\
\xb6a\xb7]\xed;H\x155\x03D\xc8\x15\xef\xbd\x9e\
\x9f\x1d\x1a\xa9\xe9\xb2\x9b\x96\xf7\x00\x94\xd8oZ\xdc\xab\
_\x96\xfa\xa2^\x8d\x9e\xc6\xba1\x0f\x91D\x92u\x17\
S\xdbI_\xb2\xc6\x94PD_\x1b<0\xd7\x89\xa7\
B\xb0\xd3t\xb18\xf5\xa6\x8b\xe3y\x1e\x8a\xe8`9\
\xb2\x84\xb0B\x10=\x9e\xfb\x0c\xdf\x01\x9c\x0bvv#\
\x9d\x8e\x01!\xaay\x12\x01|n+\x00\x01\xdd\xa8M\
\xe5\xf7B\x99\x19\xbd\xb66\x00-\x03\x012\x1b2\x05\
B\x0e\xeb\x13T7Z\xc3\xd6SJ\xeb7\xe9\x0aT\
\x9b4\xe9Eev\xf1\x05\x8cw\xed\x94A\x13\xa9\xc9\
\x1fM\xa3\x01\x97\xdb_Pv\xf23\xccv\xee\xec\xca\
g8\x9d\xe5\x9b\x10\xd6\xe5 A\xe7\xe8\x9d#h\x0f\
L\xa9\xdbH\x7f\x10\xd8$\x9ak\xa9K/\xcah\xc0\
v\xaeA\x92\x1f\xbc\xd9\xf5\xdf\xa2|9\xad\x91\x0d$\
T\x8d\x9e\x01\xc4\x94\xd5\xec7\x00>\x0cZ9X;\
\xed3=\x0c\x85+$\x0b\xf8\xc5\xc8\xe4ly\xa0\xa0\
07\xe2\xc4v\xf1\xea\x1e\x85\x03\xfd\xb5\xb3VpB\
E\xf3\x07{\x9dAu\xa0\x22a\x84j\xd6#M\xec\
\xa7\xc1xy\x0fa\xbd8\xedd,\x902\xb8V]\
\xd0\xc4#\x19\xeb\x0b\xf0\x9d{9L\x08\x0c\x0d\xe9\x09\
\xa7\xad\xae8\xa0\xa4g\xe8\xc0\x99H\x8f\xff\xef\xec9\
\x83\xfc\x94{\x85Ka\xa4}\x0e\x8b^\xb4\x93\xb0\xe1\
\xc6w\x07;\xd31\x9de\xd9t4\xd6jpS8\
\xa8\x03\x02\xcdQ5\x1e\xe99Q\x10.\xab\xef4Q\
8\xebu\xda\xaf\xd6\x94\xaa7eaz\xf0)(\x14\
\xda\xe2Yc\xe1P3k\x96\xf9\xc1\x0eH!R\xa7\
e\xb4\x1e\xdfU\x1b\x04u\xfa\x96\xf8s\x7f7\x95\x99\
\xed\x97jt`\xfcI\xcd$\xcd ;\xb1#\xab*\
\xc5}\xe9\xd6:\xbfy\x14\xf1;[\x80\xe6\x84\x12\x1c\
\xfe\x8a\xf2\x9ak\xc8\x83\xdd\xdfNMIY\x00\xb5\xc1\
Kq}\xf0\x0b\x0f\x17\x0e\x10>1\x8bU?\xb1z\
;z'~\x9ct\x12\x8d\x94\xfc[\xfb\xc0uV\x0d\
\x0as \x8aA\xbc\x0b+e\xdeTU\xc6z\xeb\xc6\
!\xfaq\xf7\xd2\x86\xe2\xc9BEv;\xc4N\x9c\xbc\
\xd7\x95\xf8y3\x04\x8c\x83w\x94l\x13hl\x808\
\xf7j\x88\xae~'\xe6\xd2\x82\x5c\xd6\xcbV,(\x1b\
\x93\xc2Z0\x0c#\xd1\xc6RI\x9f\x836$\x01\xe1\
\x96\xfd\xa9\xfd\xadz\x06\x9b?1!\xd7\xca\xc8\x89\x0b\
\x85\x96\x08\xe0\x09%\xe0\xbf\xac&\xb98(\xc1zO\
\x9d\xaa\xb8\x9a\x959\xe7\xe0\x83N\x01\x11\x1f\xfa\xcb\x12\
J;\xa0\xb7z*(\x13tD}\x05\xa9\x8d\x9eg\
\xb7\x0eQ\x86/b\xddG\xc1*\x95\x8a8\xd1\xb3E\
k\x8a\xad(0\x8ct~\xbe\x04\xadR\xa5a\xfb\x9a\
\x00\x84m\x8c\xa2x\xac1e\x9e\x9diz\x86cj\
l\xbbEN\xd2hv\xf6SL\xce\xb7\x82v~0\
\x17s\xc4\xa9\x03\xc3b]Dkk\xfc\xc7\xab\xd9\xf9\
\xe7\x99\x08\xf4\x9c`\x13\x88\xbe\x91f~R\xba\xed\x22\
\x15\x0e|\x8f\xcc\x9f\x14ix\x9fQ\xda\xa0\xcfw\xe5\
\xd5\xcc\x8db\x83[\xdf\x03:.d\xb8\xe2T\x0d\xd6\
\x9aE\x00\x99\xa92\x89#\x9c\xfd\xaf\x87\xe5\x92r\x9a\
\x15:, \xf3\x94O\xc5\xe3\xc0\xf7t\x9e\x16\xecn\
\xf2\xfa\x08M\xfaP\x090\xdb\xd8\xffP\xe4\x9as \
\xd1W\x89\xe3\x050\xac\xa5\xf9W\xbc\x9dM\xa4\x11\x06\
\x85G\x1a\x9a\xebf\xddn\xb3L\xde\x983\x85\x22Y\
\x0a#\x8b\xf6\x8d6<\xdf\xd3\x97\xea2ob}\xb3\
\x00\x93>\xd5\xfe\x1f\xe52\xc6\x11+?Y\xef\xedI\
\x93\xb5a\x9b(\xf1\xf5\xb8c?\x07\xe7\xc6\xbcw\xad\
\xab=\xdfui\xa0Y\xc9\xbfW\x8aA\x9dd\xea\xb0\
G)\x94\x9d\x1b\xd9\x98\xc4\xf5m\x92q\x1cG\xc8\xb4\
\x9f\x07\xcdVv\x1a@9\x11M\x82\x00d\x00\x80\xa1\
\xa2z1\x10\xdc\x90\x1b*\xc5\xa2\x83em\xbc\xb4\xef\
\x8c\xba\x92\x02Ax\xba\x0f\xe0?\xdc,s\xcb\xc6\xd2\
\xa7\xe7r\x1e\xf4\x84\x01\xa5\x8an\xd2Y+\x80C\x8d\
T\xc1\x8f*&\xcbIz\xda\xad\xad\xb5\xca\xea\xe2\x83\
\x92n?\xc9d\xd8\xd9\x10\x12\x89\x9e\xa83\xf5\xc8\xb6\
]\xb6\x82F\x88\xd6\x9d\xdf\x19\xc3\x16\x90\xcc\xc8Od\
\xc5\xb4\x99<\xfd\xcfh\xb7L\x5c\xfb2]!\x87$\
\x5c\xa4p\xb6<N7\xd4h#q\xab3\x13|\x1f\
s\x8e^1@\xc3x\xc4\x8d>w\x10\x8b\xc7\x15V\
z'\x05\xdb\xad\x11\x026\x8a\x18\x0b\xfar4V\x92\
\x0e\xb2\xda\xccW\x99\xd5b\x03pK(\x99\xd9\x1c\xce\
\x87<\x8d\xf4\xf6\xddK\xab\x0c>DZ\xd8\x18\xcew\
\xa9\x91\x86\xe6c\xa334\x98\x91\x06\xe5\x11\xa9q\xa0\
\xed\xd8\xeb!9\xff\x0ask\x06\x03\x86\xbb\xd9eR\
\xbc\x07\x142\xaa9\x0a\x7f\xc5\xd8\x9f\xf6p{\x8e\xd4\
\xea#N\x8b~\xd0*S\x82'\xbe\x18\xa2\xc9{a\
)\x96\xcf\xd0&l\xfa\xa6>\x1b\xc4\x7f#\x04j\xac\
z\xf3\x1d[a\xbeEc\x8fOE\x87l\x10\xa4>\
\x88X\x7f\xe0\xf1\xcb:0\x02*a\xc20k\xc0\x89\
U\xa5\x9d\x96\xef\x1f\xf8k\xfcY\x117\xef!\xdb\xab\
V\x9a\xa8\xa7I\xf6\xa8\x1dt\x01\xfb%\x81\xfcT\xbb\
\x0bA\xc0\x03\xb4\x8b\x14$\xe0\xa0\x10\xefI\xa6\xd6T\
xX\xe1\x22E\xe8z\xbdK\xac\xa2M\xc5\xaa\x5cT\
\x88^2\x80\x80\x09z\xa8\x10\x1e4dD\x12\xd8\xa3\
\xe4\x1a\x97\xa0HQ\xbb\xe2\x80\xe9\x18FCO\x96Z\
}\x1d?U\xb4\xb3$C$c\x11\xc2\xed\xa5\x07\x1a\
\xd7\xf1?qg;+$\xfcK\x5c>+\x22\xa0\xae\
\xe5\xf5\x02\xb0*(\xd7o\x0b\xda$\xce\xe8)\x09\xe7\
#\x0a\xcd\x17V\x02\x08Z\x1a\xf7\xe1\x10\xb9{M\xc8\
\xe7\x00\x91\xe9_u\xc3\x97(\xc6bT\x19\xff\x7f%\
\xe9\xd5\x94\x1eg\x1a\xd1\x19\xef\xdbT\x85F\x19\x07M\
\xb8\x8cYR{a/\xa6\x7f\x09]?&\x98^\x91\
\xfc\xd6\xce\x0c\x1cntK\xa5D9\x91\x915\xc2\x8b\
\xb0d\x22\x0dgd{ps\x85\xb0\xb1\x0e\xcc\xac\xef\
\x118\xdfL\x22\xad\x16+\xf5[\x92XT\x01\xc1m\
p\xab\xa50\xb7\xdfiZ\x12\x14v\xb3\xc9\xab\x5c\xbe\
\xa1\x05r\x17\xdd\x093\x85\xd0])\xad\xc7\x0f\x01Z\
\xc1\xdf\x86\xc7\xb6\x02#\xc3\x10\xe3a\xe0\xc6\xf2\xd3\xef\
+!b\xb8yC\xcd\xf0\x12\xca\xaa~\xfe\xba\x96\xa2\
NgQj\x12\x95\xc8t\x876\x9bw\x981:\x8c\
\xcd\xc4\xfb\x85\x9cS\xd4\x8b\xddT`B\xb0\xc0\xb2\x15\
\xff5\xec\xfd\xfd\x8b\xb3\xe4\xfa\x146\x1b\xa7\x1d\x81\x5c\
\xe9Wvd\x074\xf1\x9b\x8c\xe9\xf5\xa5\xac<\xcf\x82\
SVp\x5c\xb9\xe1\xcb\xb9\x18#\xdc\x5c\xa1b\x0c\xed\
\xe9\xcb\xf9\xcd+\x8e\xa3\xd2m\xad\xa2\x99X\x8cS\x15\
\xe4\x1dJ\xd1\xcf\x8c\xdaCtt\x01E\x82\xbf\xacd\
\x05\xa5\xe3l|\x0f\xe3\xcb\x1e+\x06\x99\x0e;\xb5>\
#\x13\xd1#\xe3S\x19\x0b\xbd\xffG\xb9\x1f*s\xed\
\x9c\x88x\xc6\x90\x1d\x96f+\xf4\x82qk\xa1\xa0\xf7\
2\x82H\x0eI\xc9\x01H]\xa9\x17\xf4\xab\x07s\xf0\
\xbf\xb8\x80\xe2\x9d~\xb6\x85Q\x01\xfao\x8e\xfc\x0a\x1d\
\x17(~a\xee9\xae\x8e\xc6`\xb5g\x91\xc8A\xd2\
`>j @_y\xd1V\x9e~\xe8\xed\x9f\x84\x92\
3'\xcb>\x85\xae\xe8\x08:\x1d\x0a\xb5\xcb\x84B2\
\x1b\x06\xb1\x1eq\x07j\xa4+\x9b\x07\xf3j\xa0\x97\xc5\
x\x0b\xc3*\xb2\xbc\xb1\x09\x1d\xe4\x8b\xe0j0\xe8\x09\
\xaby\xa6j-Qc6\xb9\xae1\xa0(E@\xaa\
\x82\xa3\xdd>X\x18\x10z\xfd\x19\x09\xae\x0e\x22\xcaR\
D\x17}\xa5\xfc\xb8\xab\xc89(\xa7\x06\xbfK\xff\xe6\
\x09\xba\x14\x8d\xc4\xb1PC\xcb\xa9sX@$\xb0\xdf\
a)\x15\x8c\x12\xe5\x0cE\xee\x7f\xaa\x083I\x83\x0a\
\x9a\xc3Y\xb6_n\x1a\xbb@r\x1f\x97y\x03G\xf9\
\x09p\xe9nH\x1a\xb5\x95\xcd\xdd\xf0\xf2\xb0\x122\xc1\
b`Q\xbb\xe6\x846\x9c\x03GjYe\xa7\x83&\
\x02\xcf\x88I\xc7\xbb\xef\xae- {\xd0\xe7\x15\xc9\xb6\
\xfaZ\x0dN_\x7f\xa0Z\x15d\xa4\x8a\xf9\xb7O\x07\
Ni:O\xaaq\xa7]\x80\xe9\xa3\xd6\x14\x04\xebV\
8J\xbf\xef\xca\x8a\xfb*S\xd5\xaf\x91\x00\xcb\xd1[\
v\xbd\xd4\x1ak\xcaq\xbf\x1d\xc0\xed\xdc\xc6\xdb{_\
=d7E|y\x80\xe9w=\xae\x010\x8bj/\
\xa4+\xc9\xe8\xf5\xb3\x9b\xf5e\x91p\xc9\xad\xb7$\x82\
\xe7:x\xc9\xe4\xf6\x1ew\xfa@\xa1h6\xf1\x0f\x8f\
m\x16\x8f\xe7\xfe\x1d\x11\xa7\xdfD\xb4\x83\xb5\xf8.G\
\xdc\x80\x9d\xce\xf3\x01\x8a8\x0f/\x956Yo*\x1c\
\xb1&\x1c\x18:\x9b-\x0fR\xd9\xd7\xd5\x15i\xe6B\
\x98\x00U\xa6\xa1\x90\xb5\x18;h4.Mz\x84j\
\x96s2uOoB\x1c\x95v\x83a\xa0\xf5\xa1w\
\x91$\xeb\xbd\xf9\xe3\x1d\x1c\x1a(\x82Q7\xa2\xfcr\
\xaf/\xb8\xb0wb?\x15C\xba|\xc62\x02\x8f\xed\
YcF\xaeJ`\xb6\x9f\x00\xdf L\xd4^\xcc\x02\
\xa1\xad\xack.\xf1\xcdia\x11c\x86\xd0\xcd\xfd\xf7\
\xee\xfe\x19\xdb\xc8[\x07)\x0ad\xd6Sd\x13\x8f\xe2\
M:!\x80\xec\x81o\xb5\xf4ck\xba2\x18\x22F\
\xa4SH*\x85\x19Y,\xab\xed\xdb\xfbC\xce\xf7y\
Y\x88B*5\xe4\xf6?\xc4\xf1\xf24:\x9eEh\
\xe0M\xd7P\xf3\xd9mx\x9cq\xa8\x9dL\x16\x1fh\
\xfa\xd9\xf0\xd4\xbe\x9a\xd6?\xd7'`5\xe3\xc6\xce\xa9\
\x9e\x0c\x05Ci;\xb0\x8b\xf4\x944pBU\xce\x12\
\xedW-\x8e\x02\xa5\x98N\xde;\xe2\x1a\x9d\x81\xcd\x99\
\x7f\x04\xa6*\xac\xf3*M\xf0<\xc8N\xe5b\xcd\xc6\
\xab0\xce\x1a~\x00\x02\xe0\xfah|\x98S\x9c'\x8b\
Ec\xd4\xf7\xeeAab\xf2\xd8\xc8N;3LQ\
$\xdb\x1av\xd2\x89\xe4\xd3\xcb|\xaa\x95\x84D^\xbe\
\xbd\x81\x94\x0ae.1``\x02\x04\xdb~j\xd2\xb5\
\x9e\x1eaF*\xcfh\x94\xd6\xceHW\x08-%\x07\
\xe2\xbfYd\xf9\xb8\xf5F\x82\x80|c7\xcf\xaa\x5c\
\xb9\x09\x1e\x15E\xda9\x817\xa4\x0e\xd9\x0cbm\x88\
h\x00\xf4{\xabE\xa5\xedB\x0dH\x98\xe8J\x1b\x9c\
\x81%\xd0I:\x16\x15\x15\xe1\xeaS\xb5\x84\xcf\xe0\xa1\
\xc7i\xec\xebU\x99\x10\xb6>\xe90\xde\xd8\xd7\x9b\xc4\
)Bc/\xca=\x83&\xe1\x90\xe9\xb0\xa9hO\xbb\
\xdc\x8c\x84\x81\xab\xf7\xc0\x95Wlt\x10\xf0\xe1\xcf\xad\
\x14\x0a\x99,,\xb9\xceV\x0c5\x9e\xb1\x01t\xecR\
?7\x99\xf63\x16[?\x92\xf9\xe9j\x22\x1a'\xf8\
\xdd\xa5\xf7;3\xf0/~Q\x15\x9a\xb5b\x8d\xa7\x1d\
&^w\xe7\xf4\xf2(:!\x9a\x05\x0c0/S\xa2\
\x05\xe8Gi\xbb0\xab\xf6m\x18\xda\x86\xa6\xe5JF\
\xf9\x97\x86&\xf8\xa0\xecQD.n\x7f\xba\xb6\x8a\xff\
\xbf\xee\xd1\xa4ij\xb6vj\x13\x1aI\x09e\x8eh\
\x9b\x96\xc0R\x91\x15\x8bG\x0bD\xa6\xf5\x14\xc9\x99\x04\
\x9c\xb4\xd5\x83\xc7w\xbf\x1c\x04\xd7?\xda\xd5A\x032\
\x07\xbd\xcd\x80\xa7\xf1\xca\x00&\xd0\x85\x08\xe96b\xe5\
 \xcaL,\xcb3e\xb6\xe4\xf4\xeb\x91\xd5\xc9\x80a\
T_\xf1\x0d\xdb\xc9\xd6\x9a\xbb\x0a\xa7\xc9\xa5q_\xb6\
\x1e\xfb\x06\xd3\xf608u\xa7\x1d\xa4l$\xb9\xdfS\
z@H\x81\xc70\x1c\xd87e\xdb)\xc2Pz\xbe\
E\x0c%~\xa0\xb7*\xc16\x02@[Q*\xfb\x03\
'u\xa8\xd2\x060\x910\xbaVL\xb7\xca\xb1\xcbn\
\x08F\x99\x5c\xa8\xbf\x1d\xd5\x8cK\xa3\xdc\xd3\x04'.\
BP\xb1}\x12\xbf\x96\xca-.\x919\xa2\x83\xea\x1a\
\x02\x22\xdd\x08\x12%\xd6)\xaa7:\x0e\x8f8\xabX\
\xb7P\xeb\xfe\xb7#\xbf]\xf6\xb9\x99\x80Qy\x8d\xa4\
]l\x88\x9b\xa7\xfc\xce\xeb%\xcc\xee\x22\x1a\xe4\x80U\
\xa8Z\xfd>\x1d\x01A!\xf3\x84\xf7\xc5\x91\x9f\xc0^\
rW\x0e\x06\xa7\xc0\xb4\xb2x\xd5C\x18\x8ci\x8d3\
*\xa7\xdb\x0f\xd5k\xeb\x91\xec\xec\x83\x94\xabb\x0e\xfc\
1[\xa0T0\xf8J\x06\xc8\x13`_\xcb,oH\
G\xd6\xbe\xd9]m\xd67\xf8\x0dfl\xdb\x90t\x0a\
%r\xa7\x9f\xa0\xd7\x98\x1dTNi\x13\x7f\xb8\xa9\x11\
11h\xd7f(\x0am\xd5\xa1\xf5\x19s\xa5\xfep\
\x10AbQ\xe9\xd9\xa8\xa2\x9e\xd6\x017;3NA\
Dg\xc4\xdc:0\x87\x9b\xbd\x0e\x9e7\x0dX\xf1`\
f\x05I\xb5\x0a\xb6\x0f\xf6B\xebO\xbc\x91&\xb40\
95\xa9\xdaq\x16.w\xc9\x06hV%\xa7\x13\xa4\
\xd2vk\xf5\x8e\xd3,\xe1\x034\x88e\x94k~\xbc\
B\x14\xcd\x14\x08\xf8\xa6q\xf0\xeb\xb2\x13\xe5\xa54\xb4\
\x8b\xa0V\xa3&J/A\x0d\x0a\x18\xaf\x1d__Z\
\x9f*\x80)g\xdfI\xcfb\x19X\x10\xf9\xbf^(\
\x97\xc9\xe9\xb5s\xd8i1\xaa\x8d-*\x1e\x91\xaa\xdf\
\xeb5p\xe5\xb0\x96\x85\x5cM\xac\xbd\x12\xb6`tb\
>\xee\x16w|\x9b\x1c\x0f\x06Z\xd1svC7\xc4\
\x10\xfd$\xb5G~\x9dd\x85\xd3<]\xe2\xee\xe7\xdb\
6$\x8b\xaa)\xd1\x11\xa2\x9cu\x9c\x1a\x01\x08\xf5\xf8\
g\x0b\xaf\xea\x1c<\x86yq\xcc\xb3\xcf\x8c\x04A\xed\
\x19\x9a\xac\x18\x8a;m\xef\xe8Eq\x8c\x8c\xd2\x1fE\
\x8axk\x13r\x81\xd8p\xb0--\xc4i\xe81L\
\xd2\xbcE\xad@\xebg\xd4\xdd\x1a\x0a\xac7\x00\xcb\x85\
\xa0\x0e\xea\x00\xe8\x00\xe7\x00!P\x0d\x13SK\x09\x87\
\xf9\xe2\xd1P\xdc\xe3\xf3\xa2&\xf60\xd7\x1e\x09\x8f\x9b\
\xf1.\x12QY(:\x8bH\x18,\x9f\xc9\x82\x82\x8d\
\xf0\xe0<D\x84\xfd\x15i.\x12\xbd\x04\xda\x97\x7f\x11\
\xd7\xfb\xe8/\x960\x93\x08\x22Y\xbd\xb9\xac\x1aO'\
\x84\xb0\x10\xb2\x85\x046L\x041\xdc\x0c\x8a,Nx\
\xc7\xe2\xfa\xb3)0\x22\x98\xfa(\xa8\x09\xe2\x10|s\
\x13^z\xe2q\x89\xf3\xf1\xb0\x06\xb2\x13OZ\x95\xe8\
\x15^^\xd6H\xe8\x97\xd1\xe5\x15>P\xa8\xdd\x111\
o\x88\xdfG\x7f\x18\xee\x8f\xda\x0c\xc6\xe5IH\x9ax\
X\x99P\x15A(\x1b\xcd\xe5X\x13\x1c\xa4\x98\x1ah\
\xc6\x04\x89\x10\xb4n\x9e)N\xca\x04\x89\x8a>\xdc\x84\
mq\xf6\x96/?\xf4\xa0\x5cD\x05\xa3\xe7{BK\
\xc3\x1ffK\x08kA,S,B\xb2p\xc4\xd94\
\x8e\xc9\x19\xcc\x10\xa22I\x10Y\xc9\x8e\xa05\xa6c\
\xef !,\xa4!\x90\xbcPR\x18eV\xd1U\xc9\
\xbe\x88#5\x5cB\x9d\xf3\xab|\xc2\x91:)E>\
C\xb6\xd2\xea\x0b\xef\xf5}\xd0\xe2(\xe4\xe8=\x0a!\
\xf3V\xb4\x19Z\x13,>\xac\x09\x0b\xa3\x18'ta\
\x1e\x86\xd3\x8c\x98\xfd\xcf;\x82e\x0f2\xa6\xc1\x8f\x83\
\x9eKq'\x06\xd9\xf2M$\x9a1Eb\x91\x87\x98\
\xc5P&\xa4U\xe1\x97b\x12d\xaf\x83\xefx\xf6\x83\
\x8b\xe1\xd7\x85\x8d\xd0\x9b\xc6x3\x9b\x84\x05\x86\xc00\
\xabFLH\xe0\xa5\x08\x06\x19\x8f(\x9e\x9f\x0d\xbff\
\x99\x9f\xa1\xf8T\x84\xb61\x1dwI\xcc\xe32\x0a\x95\
\x08wm\xcfD\x9a\xa4z(G\xbc\x8a\x92\xf6\xe0\x08\
\xf6\x16\xc18'\x12L\xf9\xcczZ\x0d\x94\xc0\xce\xeb\
\x09\x22\x9e\x10\x14\x22GcG\xb87H\x84\xf5\x8b\x8f\
<\xd6\xc4\xeeJ\xdc\xdd\xe4\xf3\x082\xa1j,\x8a\xf0\
\x22\x04/R\x12\xc8\xb9eb\x08\x8aRbr\x84\xcc\
g\xe4\xc3#+\x8c\xc2\xcat4\xfb<\x07\x8e\xc7\xd8\
B\xf0\xc2\xa2\xb3\xe0\x8f\x9f\x06\xf1W0:1\x86>\
\xc2\x9c\xf1l\x9b<L~\x9a\xe42\x13\xc2\x04/\x9e\
\x8a\xc2)\x1a\xdb\xf8\x9e8\xa7\x1f\xba\xa9\xe1\x0eis\
T\x8e\xd9\xa0\x8a\x08\xdf\xce\xe8\x19\x06\xff\xe0F]\xf8\
'\x94\xa0\xb0\x11\xbc2l\x8d\xa1?\x95I\x98\x88n\
v\x18i\x90e\xb4i\xfe\xde8B\x82\x22C\xc6\xdf\
U\xd3\xb8?\x18F\x92\xde\x12\x14\x92?j\xffx|\
\x16\x1e6\x09\xfd\x9bo\xd4\x86\x85X\x0d\xa6}\xa9\xd9\
}t\x8b$\x89<8d\x13\x8a\xc0\x8d\x8ap\xf8\x88\
\xec\x0f[M\x9a\x05q\xb8\xe5\xa4\x18*\xc7\xc4M\x04\
+\xb6\xc0\xe9\x18\x22\x11ty\x06J\x16\x1c\xc2\x9c\xf6\
-\x8a\xea\xca\xe2s\xd7\xd3H\x08Am\x10\x84\x1cM\
\xe51\x138\xc2\xa0\x9f!8\x85\xf0\xeb'\x98\x92\xa1\
\x1f\x9cJ$\xe4\xb3\xacv\x04=\xcc0\x86\xe3\xdc\x9c\
MLh\x13a\xd4\x02\xceer\xee\xf3L\x15:A\
\xa2\xf2p\x9e\x111\xa2\xc2$H\x22j\xc3\xd6G\xfb\
(J\x83\x14\x0c\xea%2j%\xca\x84\x13(\x8fX\
x\xec\xe9\x84\xa7\x89\x8a$0\x14A\xe6e\x82_\x8b\
\x9bE\xa6\xed\xff\x14X\xc5>\xca~\xf1\xa7\x8a\x88\xc4\
\xf1\xeb\x92304!H\x8a\x19!\x0e]Y\xa9:\
\xf6\x96\xf0\x073H\x90\x86\x1a\xed\x0cU\x90\x91\x88\x09\
\xb3I#\xce}\x22a-\xa2\xa5\x09u``\xf0\xa5\
\xfaNu\xe2\xca\x84\xfa\xf8\x90bh0\xf8r\x91\x97\
A\xa6\x0b\xdd\xe4\xa2\xd6\xc9\x1aEc\x88\xec\x1c\x06\xe9\
!\xc8\x8c\xc0\xc0\xcf\x0d\xfc\xab\x90\x87\xef\x9ch,\x94\
b)0\xacr\x10r\x18$6\x13D4\xf9\x84h\
\x83h\x8a\xc8\x18\xd1y\x1aD\x05\xee\xf1\xc7\x174\xd9\
\xe6\x13^\xa2\x7f&\xe2\xd7\xa1\x95\x82\x00\xfcQ&v\
\xddi|\x08\xc4\x96\x98\x83V\xe5d\x87\xc1 )\xca\
\xe8HE\xd5\xc3\xf9\x1e[\xcb\xe80\x12\x17\xe2w\x12\
\x92\xbdz\x0b\xd5\xbb\x18\xf6\xa6\xb4s\xf5\xbfA\x81\x00\
m\xda;D\xe2\xf1y\xbacYwL\xbd\xbbaB\
\xba#\xd3dK\xa9\x8a\xe9\xf8\xcf\x11\xe0\xa9\xc4\xe9j\
\x7fJ\x0e\x0a\xdbP\xd9,R\xe3\x96\xe9\xd8\xd7UY\
\x12\xc8\xf6\x0c{\xaa\xe6\xf8t\x07\xcea\xde\xfcQ\x8a\
\xf1\x8a\xc9Y\xdfp\xcd_N\xbe\xed`~\xab\xc3\x12\
\x22\xdf\x1a\x9d\x14; \x9ed\xfc\xb2\xde\x15\x0e2\xd2\
\x1f\xe5_|X8\x96\xea\xd5w)xX8\xafH\
\xac\x17\xc8}:|\xce\xf3\xd1Ku\xc5J\x15,\x14\
\x98M\xfd\xd7\xee\xdbV\x9a\xb3\xd5$\xe9U\x88\x80F\
\xcd\x0b\x09{\xd0\xc8\xa2*\x09\xf1U]<\x12d\xd8\
\xc7\xb0\xb8\xdf\xfaI\xc2\xbc2vK\x94\xda\xc5hK\
\xdc\xd0=\x8d\xbc\x10\x83\xae-\xebEU\xcd\xf5b\xc7\
\xd7L\xb3 \xd9\x96\x8el\x09}\x02\xca>\x0f9\x89\
\x87%\x8ea^Cc\xa4.\xb4\x81\xa7\xf7\xbd}\xba\
\xb5\x0f\xd5w\xd7\xa8\x86\xd4\x88\x0f\x90U\xcdQ\x0c\xe1\
M\xc6\xcd\x16=\x14KlY\xf5\x89r\x0b\xc9\xd3}\
+\x19)\x08vPh\xd0\x8a\xd6\xde\xe0\xd0\x01\xcf\x80\
\xb2\xac\xc5\x10?k\xd8B+Q\xd6\x041v\xf1\x15\
\xd7\xa9\x8dN\xb0e9\x0f.Hjy\x94[\x5c\xe3\
\x1b\xa6\xe2mN\xb2\xd3T\xfc\xc2n\xbb8=\x93\x92\
%\x0f\xfd\xef\x915\xe4\x131\x92\x8a\x0d\x91\x0b\xd6D\
\xa5Hh\xd9\xb1s \x7fM'\xdb\xb9~\x11\xf4\x1c\
\xe8ZH\xd3\xfd\xef\x9alM\xc8\xea\xe1\x92\xf7Se\
\x14\xb9\x9b3\xd7\xdfF\x86\xd9E\x15F\x9b\xfe\x9f\xc7\
fP\xec\xab~Z\x86F\xe6\xd1/IUP\xee\xac\
\xee\x0d\x9c\xe4\xfc\xf3\x85\x0b\xf1$\x80\xf0\xd6\xce\x8b\x1b\
I\xf6x\xda\x9d\x872\x83j\x87:\x9f\x96#\xd9\xaa\
Y\xdf^\x9e\xbc\xcb\xd49c\xdb\xd4\x85\xb4\xc9\x97D\
\xc4\x8e]@cG\x8b@wV\xe7\xcb/\xe0-\xbc\
\x01\xe0q\xda\x13\x9bO\x12S\xdc\xb3\xc4\x0b\xc0DC\
csGah7C\x03]\x96\xf7i\xd0\xfd\xa2\xec\
n\x0c+\x8e\x10w\x1e)\xaf\xa1a0\xe6\x00A%\
\xcd\xf9\x96\xb1\xfa\x99\x8e\xe6\x9c\xc3'\xd1\xe1\xb7Nr\
\xe0oR+Q\x02\x9a\xc7\x0b\xdd\xb6\xab\x91\xcf\xa4\xa0\
Z2\xf7\xe7B\xf1\x0bRZ$\xd4\xda\xf6\xd33\xbf\
\xcc\x1b\xecJL\x90\x22\x92\x9d\x16\xbd\xbbz\xb3e\xdc\
e1k\xc1\x16uub\xc7\xf6\xfd.\xcbI\x0do\
c\xdbz\xcdL\xb9\xe2\x1e\xb84\x92\xb7\x0f\xa4y\xd0\
o\x01\xd8\x88\xb3\x96\x94\x96\xe5\x93U\xf7\xd0\x82p\xdb\
v\xaaJ\xb9+e\x96\x97\x8cj\x8c\xc11\x91\xdc\x03\
\x93X{\x13y\xfdT\xa9MZ\x95\x85v\xb7\x90\xcf\
\xeff\xbc\xafy\x89\x11{\x8dm\xf69\x1a\x7f\x86!\
\x94\x8d?B\xc3Ha\xc1*&\x9c\xd3\xe0\xf6\x0a\xb1\
\x89\xda\xe54\xae\x1d\xf9\xb4\xa3\xe8\x22\xdb\x9ad:]\
I\x03\xf02\xf4\xd8\xbfX\xd7:\xd9uX\xf2\xc6\x95\
\xd7\xab\xc4\x96`\x8c-\x9eB}\xa1]\xc6\xa3s\x0b\
\x04\xac:)&\xb1-}\xc7\xb1\x01\x90\x12\xf9}\x09\
\x95\x93\xd9\x1d){@_\x8d[\xcb\xe9\xeamW>\
D\xe9Wt\xbb\xd4\xbe\x82\xe2?\x02\x96\x93\xc8*\xb5\
\xce\xd0\x95\xd4\x1d\x00\x8aA\x94\x07\x13\xb0\xa5\x90\x03\x14\
ikI\xe427\xc9\x96M<\x1eM\x8e\x0br\x00\
s\x00r\x00S)n\xb2\xc4\xa0\x820\xfc\x1b\xcd\x88\
qnbbN\xc5+D\x0a\xad3\xdcM\xdb\xc5\xcb\
\x1f\xa3M\xe2\x0fY\x90 a{\x83\xd6O\xc8S!\
\x19\x1cu<\x221\xe1\xb8\x22L7\x90\xc3J\xe6\xd2\
\x08\xc6\x08\xef\x10\x82X\xe7\x1b\xbe\x85!\x92tf]\
\x98r!\x93\x19\xc6\xc2P\x95\x8b\x5cX\xd1(,\x95\
\x11\xea\x99\xf0\x87Q\x82N[r;2!\x1aC;\
\xc2&n\xe0,\x11\xe2=\x08\xf2v@N\xb0\xa5\xfe\
\x17\xf2\x88\x98\x14\xf1\x19\x1f\x1c\xddav\xa3\xd3\xa7\xd0\
y\xa1R}\x14h_\x8b\x99\xd4\x11\xe4\xc6\xd0_a\
\x06\x80\xd3\xe90\x82\xcc\x86s\xcb\xeb\xcf\x1b\x9c\xc9\x92\
\xbep\xceL\x22T\x90#h\xe4:\x22r\xeeC\x83\
(\x0e\x9d\xc8%\xa9!b\xe1c\xc9\x04\x0e\x1f\xe3\xca\
\xc6\x8fP\xf0)\x96<|\xbc\x90\x19\x16!\xadF6\
\xb5\xe1\xbd\xf60\x1a\xb1\x84F3_\xcf\x1d\x0a}(\
\xc3z\xcb\xd8\x13\xaa\xf9\x82\x0c\xb9J\xf0A\x8c}\x1a\
,\x1e\x86\xc5X\xa8@\x06C\xb8\xa0\xcc-\x84\xab\x8f\
s\x0f\x0a\x89\xb8+\xd9f\x1a#!\xc4\x08\xd2\xa6\x85\
t\x1f\xa1\xc2vg6\x889a\xad\x1a2#\x9e\x8c\
+\xf7\x1d:o\xf81m\x87JC\xa0\xdb\x19\x07E\
t\xa1\x15Od\xefd\x7fl\xa3\xbe\x0aY&r\xbe\
\x93\x09\x1a\xc8\xc3\xa0\xcc]\x8e-\x19\x04\x03\x02\x01V\
\x01\x00E\xaf\xce\xa1\x94!\xba9\xf8\x9bMQ\x0ar\
\x1brl\xf8`I\xc4\x12#\xf3\x1b\xe2\x0c#\x89\x99\
\xdc3a\xa6\x16\x8b\xb8{\x22\x9b\xc1\xd2\xd1\x1f\xb4\x89\
\xab\x11\x22CC\xfeB\x14\xd1X\x93\x85\x08b0\x1b\
?\xe5\x89=.\x1e\xc3H5\x09\xf5\xc1\x95\x0dA\x8f\
C\x97,\xca\x81\xa2BO\xb94o%\x83L#\x9d\
\xaah\x85\xf7\x0a\xf1\x87\xb8Ba\x83|\x10\xd7\x01\x81\
\x00\xe8A\xa1\x102ef\xa8\x14&\x0f\x129\x91\xf0\
\xd0\x04\x22A\x0aTP(\xec\x1fc>\x18j\xcc\x99\
&\x00p\xaa:\x06\x86S\x1d\xa9#\xa6\xaa\xdd\xde\x98\
\xaav\x1b\x0fW\xe3?y\xc55\xd7\x0c\x84\xfb_M\
\xaa(S\x0d\x93\x19U\x95\x89p\xbb\xde\x85\x85j}\
S&m,\x8b\xfb\x8f\xb6\xc6\xb4\x8b\x9a$\xea^\xb5\
\xf6\x81\x96\x99\xebe\x1d\x87\xc7\x09\x15\xd8\xef_\xb1\x9a\
\xca\xa8jg\xd8d\x1by\xabI\xea\xdf\xe1{\x19\xa4\
\x0a\x9d\xab\x0b\x0e\xad\xfc\x9aN\xe2\xf4\x14\x9a\xb1\xcf\x92\
p\xac\x03\x0d\x1c\xceJ\xed\x0dOox\x0b\x90(\xf8\
\xd8\xcd\x0agQ\xbay\x88\xfd\xf04\xcd\xa2\xf1J\x22\
\xa3\x10\xa9\x94;\xbf>\x06\x15.\xc2\x80\xf0u\xf5X\
\x9cU'\xf4\xb3\xf8\xd9\xcd\xa5\xa3 \xfc\xeb'9z\
\xaa \x91\xdc\xd6\x01j\xacK\x7f{t\x0d?=\xe9\
g\x89#\xdc[\xa2\x03\xfc<u\x04\xddF\xa2\x10\xe6\
\x84INt\x86\xc3[\xd3P\xaa\x04\x157\x1fb]\
\x14\x10\xf6\x0f\xa0r\x95kC\xdf\xc3\xd5\x92Y\xdf\x06\
\x8e?d\xcf\x1e\x1c{\xf4\xf8qf4\xeeON\xfe\
\x09\xd9\xa8Zr\xa783\xf0x\x0do\x96\xf6NJ\
\xa9\xc0\x06\x1f\xa3\xc95\x0a\x7f\x8c\x87\xe2J\xe1\x95M\
Y\x16\xea\x91\x85\x1d/\xdf\x84\x98F\xc3\x0e5t\xc9\
\xbc\xf2\x0a\xa1iaZY\xd8A5\xe1\x93\xe4\x7f\x98\
(\xf7-\x1f\xaf\xb3\x06N\xb7r\x04\xa9\x195M\xd7\
\xe2\xea\xc3\xcd\x82L\xdas^[\xbb=\xac\xce\xf0,\
\x8c\x5cV\x80\xee\x85\xb31!w7\xbd<\x09\xdc\xfe\
r\xb6\xf0?E\x15\x14\x8d\x82\x98,R\xc6/%Z\
\xa8}N\xe78}\xe5.\xcf]\x097#mWT\
\xe4:\x11\xea\xe8\xbd+\x9al<\x02\xad*df\x1c\
X\x99\xda \x9eo\xa2\xf2\xd5\x0cM\x11'd\xdb\x0d\
$\x1b\x00\xd6\x1a9\x15\xb0%\xc5\x06\x80\x03\x1a8\xad\
0\xde\x9bv\xa6\x94\x9d[\xd1\xa5\xe0\x013\x004\x00\
2\x00AS\xa6\x14\x81@\xb5\xa9{YrB\xe4\xbd\
.\x8a/\xcc\x84\x17%\xe3\x87\xe4\xdaPi\x5c\xe3\xf3\
\xe0 \x9b{\x03L\xc8ir\xf0\x13\xc0\x12\xcb\xe7\x15\
\xc7A\x19\xdbx\xfd@\x9f\x09wR\x1f\xcc\xe4&\xf8\
\xbf_\xd4Hr\x12s\xb8\xdb\x05rO\x887\xaay\
\xccM\xe5*\xce\x8e\xb2c\xaaRO\x91\xab\x86\xa2\x0b\
\x02\xd4\xdb/Z[\xd8\xe7\x17\x9d\xbb\xb0\x851\xad4\
\xeaXP\x9c\xb3CJ\x93\xa0\xd8-\x8c\xc6\x0f\x13)\
\xe5\x08+ZgC\x0e\xc9}k\xb9\xc8;\xc7\xd0`\
\xc5\xd7\xe8f\x9a\xcc\xe8\xca\xbb\x90\x81/qZ\xdbH\
\xe84\xf4\xd4]_SM\x8f5\xd3\xab\x11iz\xca\
#\xf4M\xba\x1f\x0d[\x7f_\xa6)\x877Gv\x1a\
\xba\xd9\xa7\xe8\xbd\xd4\xe5g\x07\x03\x81\x01\xa8\xb1\xc9\x19\
\xabJ\x071P\x01A\xc4\x18\x82\x0c2\x22\xf2\x01\xb2\
\x88\x1c\x06!\x10\xc3\x100\x10DB9$\x22\x91\x88\
\x88H4C\x0b\x0aR\xcd\x01OK\xf7ON'\xa4\
Z\xf2^VK\xbbXK\xc8eI \xb8\x96\xe2\x0b\
\x9c\xaeqM\xd8.D\xf9\xde:5\xde\x22\x9e2l\
)$\xb6\xb4M2\x89\x9a-U\x99\xe1\xd4\xdaR\xbb\
\xef\xee\xb6\x84\x5c\xdbq\xdc\x92}2\xb7D\xa7[\xba\
\xaeS\x13e\xde\x92Oo\xe9|o\x89\xb3\x1b\xf1[\
b\x18\xb8\x84\x0b.\x81\x10.-\x85K\x8f\xe4\xe1\x92\
#\x1a(.\x01:\x18\x97\x88\x8dK\xeb\xf6\xb8T\xb9\
%\x97\xf07\xb94\xc7\x90\x84\x9ch(T.],\
\x97\xee\x8b\x933\x97\xf0\xdd\xcd%\x06\xce\xa5\xa3\xd1s\
\xa9\xf9\xad0\xb4\xe8\x12\x98t\x09\xd9\xe9\x12\xdcQ\x97\
\xf6\xa6.\x0dQ]\x02\xb3.%\xd5\xba\xc4\xb7_\x97\
La\x97\xa2\xff\xe0\xec\x12;\xed\x12;\x8b\xfb\xb7K\
0\xdc%d\xd1]\xd2\xbbd\xb4\xce\xfa\xbbT\xc3e\
\xe1%:\xd5`\x98\x0f\xaa\x5cI^\x22^^\xa2e\
A5/\x19\x0e'\xd0K\xe2\x86\xf4\x12\xe8\xf4\xd2z\
T/u\xad\x97\xca\xd7K\x88\xc6\xb1b{\x89\xc8\xbd\
\x04\xef^\xc2\x9a\x07\xf3S)\xbe$\x1a_\x9a\xebz\
a\xbe$\x9c/\xd5\xd2\x97\xd0\x0f\xeaK\xefD-\xdd\
\xa4T\xd2\xb2,\xf6\x83\xd8I\xac\xc4D`U\xc8\x85\
6\xbc*\x84\xfb\xf0J-X\xf2\xbe\x884\xda\xcb\xb5\
0Y\xe6\x8b9:\xf7t\xfaZ\xf6\x22e\x9d\xfbZ\
4\xb3\xb1,\xf5I\xec\xb8\xb9&-\x0b\x9d\x04\xf2\x06\
O\x22\xf5\xa0(Y6_2\xf9\xd4\xfd\x86\x02\xca\xb3\
\x9f\xffa\xa3\xd3\x05\x10\x1c\xdf)\x8aD\x8a@\xd5\x0c\
b\xea\xcbu\x94\x8f\x5cV\x92 6\xd9\xe6\x903\xe8\
\xcad\xf9\xa9\x95\xe8\xfa\xef\xcd\x1as?\xa2Us\xf3\
\xc7\xdf\xd7\x13\xabTo3\xd5o\xc5\xb0z\xba^ \
r\x1b\x07:g\x08\xa8!\xe6\x12\xf8\x13@|\x80\x5c\
Z\xcb\xd39\xc0\x85\xdd\x0a\xeej{\xae\x07\xd4\x9b\xec\
\x5c\x84\xfd\xf4M\xc8$\x9d\xa6\x8b\x96\xb1.X\xefY\
\x0b\xda\xe3\xf1\xe9v\xfe\x9a\xcc4\xd3\x1f\xa3HK\xd6\
\xa4\xa9g\xfd\x0e\xc9\xbd\x15\x80\x22h\x17\x03\xf6\x99\xbc\
@\xf6*\xee\x19J\xf4L_\xfdL\x9f\xd4\xea3h\
\x9a\xe7\x09\x0cM9\x06\xd5\x97\xbb\xc7\xac\xf4K\x8b\x05\
\x1cM%\x90\xa6\xeb%MYb\xd2\x14\xb4w\x83U\
\x95\xc4\xc3\xf9\xdf\xb4%\x05\xcd\x9d\xd6\xea\x16w\xca\x87\
3?S\x07rf*l>\x00\x96\x9c5\x0e\xc0%\
\x07\xff\xff\xc2\xce\x9d\x9b\x92\xf8W\xe7\x0d2\x002\x00\
/\x00\x9b\xcf\xfc\xd1I\x98\xa0)\x1d\x16\x8d\xb0\xdaC\
\xb6a\x09\xe2\xde\xb4P\x1e\xac\xad\xa1\x1e\x0c\x11y\xe6\
\x22d\x94\x0b\x91|\x9c\x86\xa5R6\xac4\x8c\x85\xbd\
MZ<\x02r1\xbc\x85\xc4\xe6\x1b\x99\x98\xb5\xbbA\
\xb72e88\xfc<\xe2,\xa9p\xee\xf4\x9aq\xbc\
i\x921.z1<%\x14\x15j(\x08\x82\x00\x08\
{\x1d\x1ay\xfb\x02\x97\xe6+cXN\xa8\xe2\xeb\xf9\
\x8c\x05\xc9N\x1b\xd7r\x87\xa1\x90\xb7\x87\xde\x18i7\
\xd3w6_\xf7(\xaf\xff\xdc\xa2\x85A\xff\x1497\
\xde`<\x1a\x13\x9e\x9b\xea\xc5\x9c\xc8\xd7,\x14\x866\
\xfa\xd7\xcf8\x9e\x8at\xb3v;)\xf4\x0b\x17\x94\x8a\
B\xd8QbJ.\x9a\xb5>\xf4\x89B>\x17\xc5\xf4\
\xac\xce\x11\x84\x02\xa8S\xa9\x97t#0\x18h \x08\
\x82\x10\x0cB\x08\xf8\x03#     \x10\x04\x10\
\x08\x06\x0d#>\xc7\xef\x08!\x02B\x04\x22\x225d\
T\x92l\xac\x01\xdd\xf5`f\xaf\xc3\xccM\xcc\xac\xc5\
\xcc}cfp\xcc\xcc\x90\x99}\xae\x97\x99+f\xe6\
\xf3\xb5\xa3\x99a\xa2j\xe6\x5cwS6s\xd5f\xe6\
\x91\xe9}3Op\xe6\x11\xce\xdcU\x0693Q\xe5\
\xcc\xab\xe6\xcc\xf9\x9c\xd9o\xd5\xeb\xcc\x82\x9d\xd9V\xed\
\xf7\xce|\xe3\x99\xad<\xb3.\xf4\xcc\x196\xd1\xdf\xab\
\xcf|\xf7\x99\xeb\xf43\x1b\xfbg\x86\x9e\x7f\xa0\xb9\xd6\
\x05\xcd<\x95\x13\x9a3\x85f\xa7\xd0\x1c\x9a\xe9=\xba\
D3L4\xdb\xecg\xd1<]4'\x8c\xe6oF\
\xb3j4[\x8e\xe6\x9d\xb6,\xa4\x19\xfe'i\x9e\x92\
\xe69(\xcd\xa5\xd2\xec\x19K\xb3\x89K\xb3\xd6\xae\xc8\
N\xfa\x87ifc\x9a\x9dLs\xcf4\xb7\xe4M3\
\xeaA\xa79v\x9a\xbd\x91O3dA\xcd\xfd\x87\x9a\
\xeb*j\x1eF\xcd\xf6\xa8\xb9'\xa5fcj\x0eM\
\xcde^\xa8\xe6\x14S\xcd\x85\xaa\x19>\xec\xee\x1e\xc7\
Vs\xe4j\xee\xb92\xb0f}b\xcd\xb1\x97g\xb3\
\xe6\xeb\xbf\xc2Z3\xefX[\xb3'\x99R_\xc3\xed\
Q\xae\xd9\x1a\xbaf[\xd7\xdcv\xcdr\xc4<I\x84\
\xbef\xed7`\xb3\x02\x9bw4\xd8|\x84\xcd\x5c\xc3\
a\xb3\x9b8\xd8\x10\x8d\xcd\xb0\xae\xedS\xb2\x99\x97\x94\
\xcd\xee\x06\xc7l\x9e3\x9b\x8ff\xb3.\x9c\xcd\xeaz\
6\xef\xb3\xd9\xf7\xe0h3I\x9b_L\x9b\xa3\xfa\xa9\
6\xa3\xd5\xe6t\xb2k\xb3ym6l\xb3\x9d\xf2k\
\x9b\x81m\xf3~\xdb\x1c\x82\xdb\xfcY\xb7\xf9\xaf\xbb\xee\
V\xe0f\x1b\xdc\xcc\x7f\x117\x8f\xe2\xe6]8\xa5W\
\xb9\xd9x\xcd\xcd\xfd\xb9yfK7#\xd3\xcd\x975\
\xa5\xf6\xb5\x9bq\xbb9\xe5n\xae\xee\xe6\xec\xdd\x9c{\
\x19\xde,\xe3\xcd\xb3\xbc9\xcc\x9bEW\xb3\x14\xf7f\
\xf2{\xb3\xc37Ow\xbe\xd9\xcb\xd9\xf7\xcdi\xfd\xe6\
\xd3\x1e\xb3\xfff\x19\xc0\xb9\xc9\x04\x9c\xb5\x128\xa7o\
\xe0|\xef\x11\x9cg\x09\xce\x84m\xbf\x0c\xceA\xd5\x0e\
\xce\x80\x07g\xb3\xb4\x00\xd9\x843\x5c\xe1\xbct\x87\xa1\
\x8e\x0d\xe7\xe6p\xb6\xe2\xe1L}8[\x10\xe7\x09q\
\xbe#\xce\x98\xc4Y\x9a8w\x8b\xe2\xec\x80\x14gU\
q\xe6\x15g\xfe3|q\xb6'\xe3\xdc\xa5q\xc6\x13\
\xb0\x1b\xe7P\xe78\x07\xe88\xcf;\xce\xde<=\xce\
\xc6\xc7\xd9\x7f\x9c? g\xce\x85\x9cu\xbb3r\xfe\
Q\x93\x92s6&\xe7}\xc7\x1d/N9\xa3\xb6\xca\
YY9\xe7\xda\xb3\x9c\xab\xe7rV/g\xe8\xcb\xf9\
\xc0\x9cyD\x93\xccy 6s6\x0bY\x9as\xaf\
\xd5\xb79\xb7\x9b3\xc29+q\xce}\xefQb\xee\
\xd1sV{\xce/:~\xce\xef;\xd0\xf9\x8f\x83\xce\
\x9c\x17:\xb3\xc4\x1f:7DgN\xb9d\xb8\xb9\x0e\
\xa43\x8e\x92\xce1\xe9\xbc)\x9d\xa7\xd29\xb5tN\
\x97\xce\xa8\x8dj:\xa7k\xbd\xf4\xd3\x99\x05uf\xff\
\x93$u\xe6L\xa9\xb3\x99:\xdf\xde:\xd5\x99\xaa:\
\xebU\xe7v\xab\xf3\xe4O\xacs\xd6Yg\xe4V\xeb\
\xfc\xae\xfe\xads\xe0:{\xae\xf3\xcf\xb83\x0e\x9c5\
\x183\xbecg\x8d!\xd9\x19\xf6\x96\x99\x9d\xb76;\
\xa7g\xe7\x85v\xae\xd1\xce+\x22j\xe7\xa8\xad\x9d;\
\xc7v\xbev\xdb\xd9b\xb7s\xf0v\xce\xe1\xceP\xae\
\xe4\xce\x9a\xd6\xb9\xb3}\xe9\xce\x11u\xe7\xe2\xba\xb3c\
w\xb6\xbe1\xbcs\xc7;\x1by\xe7\xba\xb1\xb1w&\
\xef\x9dI\xbe\xf3\x9d\xfb\xce\x14\xe0w^\xedSP\x80\
g\xbe\x12x\x8e\x07\x9e?w\xaf\xb0\x84\xe7\xe274\
<;\x87g\x7fxN\x87x\xae)\xf1\x1c\x95P<\
\xf3f\xf1\x1cO\x9cA\xe3\xd9n<\x0b\x8e\xe7K|\
<\x8b}\xb34y\x06(\xcfi\xcass\xe5\x99Z\
\x9eM\xd0\xbb\xea\x14\xcd3\xb3\xe6\xf9l\x9e\xb7\xe2<\
\xc3-\xe7Y;\x9d\xd2\xf2\xbe9Cd\xacf@\xcf\
x\xd0s\xecC\xcfZ*z.F\xcf7n\xa4g\
KJ\xcf\xf9\x98\x9e\xdb\x08\x1b\xea\x99F=\x13T\xcf\
\xad\xea\xd9K\xb8Y\xcfnr=\xd3\xaeg\xc9/\xd8\
\xf3\x89=\xcf\xd6\x9e\xcc\x9e;NA{\xfe\xa1\xda\xb3\
8\xab\xed\xf9\xdd\x9e\xe5\xdb\xf3\x94;\xee\x19\x95{\xce\
\xb9g\xfaS\xf7,\xf6\xdc=_\xbcgcY\x01\xe7\
\xed\xf7\x0c#\xe0s\x06>\xb7\x19|\xfe\xc2\xe7n\x0e\
\x9f\x11\xe2\xf3M|\x16\xfa\x8b\xcf\xbcL\x1d\x9fo\xa3\
_$\x9f\xd9(\x9f}\xe5s\xc8\x97\xcfsl>\x8f\
8\x9f\xbf\x9d\xcf9\xcf\xe7\xae\xa1\xcf\x1a\x8f>\xdf\x9c\
\x95>\xc3u\xfa<E}\xde\xa9\xcf/\xb0\x1e\xd6g\
\xfe1\xf84\xfb\x8c\xd0>;\x8a\x9f\xb7\xcf\xd5\xf2\xca\
y\x9fy\xefs\xbe~\x9fq\xe0g\x1d\xfc\xdc\x0b?\
\xff\xc8\x8b\x9f\xc5NG~V\x90\x7f\x99\x9f]\xf3\xb3\
\x15\xcf\xcf\x87~~\xaf\xa2\xfbxW?\xff\xd9\x84]\
o?k\xbf\xfby\xbd\x9f\x1f\xfc\xb9v\xf1g\xec\xf2\
\xe7\xd5=\xa4\xd3\x9f;\xea\xcfb\xfd\x99\xbd\xdd\x9f\x85\
\x9c\xf0\x7f\xfe\x99E\xffl\xfbW\x039\xff\x19\xe6\xfe\
\xf3~5T\x94!o\x00h\x8c\xff\x9f\xb9\xe6\x84\xf1\
\xa2\x19\x8cf\xa9\xb9\xc1\xf0\xf4U\xf3\xe3\xa6h\xda\xf2\
\xf2\xaa\x98{\xee\xdd\x18o\xef.\xb2nt\x97\x8eh\
\xb5[\xb4\xd8~\x1f-\xb2'\xad\xcc\xaf\x99\xd6~\xd3\
\xdarZ\xed\x04\xa8\x15_\x1aT\x11\xf3\xb7Zpx\
\xb6j-\xf8\xf3\x9a\xd7\xe2\xb3Wb\x0b\xf7\x96-\x1f\
\xe6\xa1-\x22\xb5\x95\xfd\x1c\xb6\x95\x9e\xea\xb6\xf6\xbc\xad\
-qk\x07\xb9\xd5\xf0,\xd2\xadm\xbb\xb5]\xbb[\
\xdb\xe3\xad\xadyk\xa7\xb1o\xed\xe6\xb7\xf6\x7fk\xdf\
;\x03\xae\x9d\xba\x0b lD\xf7\x81\x8f\xa5uu\xf5\
Q:\x9a^\x00\xb0\x0d\xc6\x81\xd2\xd1\xe7\x8c\xf8)\xc5\
U8\x84J8\x17*y\xfePI#*U\x5cQ\
)\x16\x95F\xa3\x12^\x01R\xe9F*\x0d%\x95f\
R\x09)\x95\xa0J\xa5`\xa9T_*=L\xa5\x96\
\xa9\xc4\x9bJ\xf6v*Eji\xa1J/\xaad\x0d\
\xa9\x92O\x8d2S\x95\xba^U\x9aV%\xc5U\xe9\
%\x9f\xdd\xcfA\x83[\xa5\x8ct\xe3\xd4\xae\xd2\xe0U\
\x12\xbdJ\x09\xbdg\x0aV\x12\x9fa\xa5\x8f\xc6J\xe1\
X\xa9\xd8\xde\xcaJtY)0+\x99\xe2\xac\xd4\x9f\
\x95\x10/\xad\xe4\x9dVJP+\x11\x86v\xad\x04u\
\xb6\x12EC\xbb\xad\xd4\xb1Y\xe6(\xae\x14\xd2\xaf\x5c\
)\x98+\xe1\xab\xfb\xbe\xae\xc4\xd9\x95\xee?\xdc\x95\xe8\
\xbb\x12\xb3<\xaf\xb4Jk\xaft\xf8J\x7f\xf4\x95\x14\
\xe5\xfd\x95\x8e]\x00K\x14\xb0\xd4\x02K}\xaf\x89\xc1\
\x92N!\xc3\x8e\x9f\x86%\xff\x9ceK,\xf1D\xb1\
\x14\xcdb\xa9\x1e\x8c%\x91\xb1D4\x96jc\x89O\
\x87\xc7Ra\xcc\xfdmI\x96\xfc\x9b,\xed\x8f\xb2\x14\
\xadZ\x8e\xb5\x16\x98\xa5\x5c*\xb3T\x16\xed\xc2\x83\xb3\
\xb4s\x96\xfe\x7f\x9b\xa3\x00\x0e\x10lc\xf2\xb3\xa4w\
\xd0\x12\xc6q\x03EK\xd3!-]\xd2\x92\xa6\x86i\
\xe9\x83\xd3\x92C\x0f~\x8d\x83\x00\x96|n\x13\xa0\xa9\
r ,\x00lF\xe4\x96\x15)+\x85\xf5\xee*n\
\x8de\x00d\x00g\x00\x97:\x91\x95\xe53\x0f\x8dT\
\xad\xc6.\xc8U\xc1\xd3\x13QQ*\xb3\xbe\x9c?M\
\x9c>\x11M\xf4\xf88\x0c\xdd\xe3;\x1b53\xf6\x13\
\xef\x8a\x10e\xf2\xc5\x5c\xd01)'{HdB3\
TD\xfa\xa2\xa6\xc5{\xd9\x89\xddnC\xd6\xd1\xd5\xe9\
\xb1Pd\xfd\xec|<\x99b\xc4\xfd?\x85\xba\xaa2\
\x9e\xf9_.\x17z\xa6\x94y\xb4\x11\x01\x14kO\xc9\
!%*\xf1\x9bQ\xab\x10U\xb6cf&\xe1\x9an\
}o\xdcd\xf8\x89k\xd3\x5c\xe4h)\x89\xb3\x97\x89\
\xb8\xf0\xb6\xa7\xbd.\x9at\x11\xb6\x1a\xbbjB\xdcf\
N\xfe\x9a\x88\x98n}\xa7^!S(\xe1\xd1hc\
\x8cIy\xc4MJ\xdf\xa0\xe5;\xc4\xe7\xa2\x92\x8f\x9f\
\xd9\xf9\x8b\x9c2\xbcNxj*\xe9\x91\xa1\xf6\xcb\x15\
C\xa9\xd5\xdf\xcaLC(\xc2\xd0\xce\x91$\xc8[J\
I\x12\xb3UH\xa4\x5c\x14\xa3\xbf\x12\xdf\x8b\xf3\xa4~\
\xe2\xa16lv\xb5\xac,9\x8d:d\x94\x89\xd1$\
\xf5\xa8\xf9\xd6\xbb\xeb\x1d\x19\x81\x0d$\x10Q\xc4,3\
\xfb\x9b\x19\x19\xc6\x5c)\x19\x8b\xb4\xd1x\xd9U4\xdd\
LDG\xb15\xd9<>\x97\x87\xe8\x1f\x91t\x88\x88\
\xec\x15s9\x11\x14\x17\x00\x08\x09\x0b\x87\x02\x03\x84\x84\
\x02+P \xe0` \xe0p8\x1c4\x9c\xf8\xd8\xea\
\x0bk771\x8ap2\xd2\xa6\xdeDsFc\x1b\
\x87/AZ\xbc$Zqur)\xa38Mjl\
\xa5x\xb1\x89\x96[r\x1b,\x95\xcdH\x93\xddO?\
BP\x0d\xc9V\xde\xc7q/\x15\x8b\xfb\xb1bd\x11\
=\x8e\xd1\xe2M\x8c\xb4\xd6D$\x8d\x14\xb7\xbdZ\x22\
\xd6\x8bp\x5c$\x0f\x88\x03\xa8\x941\x1f\x00\x00\x03\x90\
\x07\x00\x0c\x04\x00\xc1\x00\x00\x04\x01\x00\xe0\x07\x14\x80\x01\
\x04\x06\x00\x00\x00\x00\x08\x0c\x1ch\xf0a\xc7N\xf9)\
\x88\x02\x00\x10\x00`\x10R\x10j\x06\x80\xebh\x01\x03\
\xa3\xed\xffk\xf2\xb5\xdf\x14\xf1\xe8\xd6\xbc\x97w\xb3\xb2\
?\x05\xba\x1a\x16\xa4\xb2w\xfb\xb8>\xd1\x11\xcb\x9e\x7f\
\xc0\xe4\xfc\xde\xf0\xc0\xf4\x01\xdc\xc4\xb2\xc7\xd8\xd9\xef\xd3\
\xf5WTsd\xff\x7f}r\xd2?\xcfG\x95N\xef\
\x15M\x0f&\xbd/\x1euR\xec7\x9e'2\x00\xa0\
\xd1\x1e\xf5\xe8\x0d\xf0\xad\xa0\xb7\x84t}bC\xff\x86\
L\xf7\xc9\x05E\xd8\xb7\xfd\xf8i@\xef+J\xcd\xb5\
|w=\xe2\x03\x0a\x07\xb8\x5ct=\x0a:$\x97\xf5\
\x8bV\xdbE\x83\xc6\x7f\xb4\x09\x97\xf9K/4\xc9\x7f\
\x01\xd1wE\xaf\xf5\xe1\x1b.\x9a\x8ckj\x1b\x85\xfb\
!\x0e\x06u\xa5|4 \x08\xeb\x07\x00>Q\xf0\x16\
\xbd4\xfe\xafq\xa9\xc9\xbb\x1dmY(w\x9d\x16\xff\
\xd8\x90\xab\xdf\xa0\x0d\xb9\xaf\xf1\xff_r\x86\xffMK\
\xde\xf6U\x9du\x10\x05\xdf\xd9A)\xed \xc9\x1d\xb4\
w\x079J'\x97A<\xc8,M\x1e\x04\x96\x07\xbd\
y\x90#\x9d\x07U1\xfa\xc1\x83\x9c\xa3\xf5 ,\xec\
A\xf6G\x91\xc5\x07\xbd|\xd0\xcd\x07am\xd9\x07\xe9\
/~\xd0\x98\x1f$\xd2\x0f\xa2{\x7f\xd0\xce\x97*@\
\x88\x04\x84B@\x04\x05B!G\x10\xfa\x05\xa1\xfe\x1a\
\x84\xd6\x83P\x0b!\x04\x9a\xe2+\x8a\x15B\xccB\xa8\
\x16\x86\xd0\xd6\x10\x82\x0d\xa1L\xfdw\xe8!\xc4\xfeC\
\x88\x87\x08\xd5\x97\x11!\x8aD\x88+\x11b\x13\xa1\xda\
\x8d|r\xae\x08\xdd=\xfa\x17\xa1\x84\x11\xb2v\xe3i\
\x84\xd2\xdbF\xe8n\x84t\x95\x1c!\x7f.\xf9\xcf\xfc\
\x11\x0a \xa1K\xc1)9\x8c\x84\xee\x91PE\x12\xa2\
,JB<a\x12\xfa&\xa1\xe2$\xe4OB\x01J\
\xe8\x87\xfd\x8f\xe3\xb6c\x09\xf5\xab\xf0[B\x88\xde%\
T\xff[CL\x88\xc6\x84\x94L\xe8?\xdf\xaa\xa1\x09\
a\x9a\x90\x9d\xbe&\xf4\xb3\x09Y\xaf\x18N\xe8\xc48\
!\xefsBG\x98N\xc8\xeb\x84\xa6\xec\x84\xcc\xf9\xe6\
\x09YzB\xb0\xf8\x84<\xa7O\xe8B\x7fB\x07\xa0\
\x90\x08\x0a=B!\xc1P\x08\x15\xa2\xd0&\x0a\xdd\xa2\
\x10\xf0\x7f\xa3\xd0\x0a\xdd\x9a\x92B\xd9\x93Bq_\xc4\
\xe8V\x87S\x88:\x85\x8a\xd6VP\xa1\x16*\x14r\
\x99\xa5T(\x98\x0am\xaaP\xa9\x0a]\xdb\xadB+\
\xf7U\x08a\x85\xb2X!9+4k\x85\xa6\xad\xd0\
\x9c\xb9BU\xa2|\xf6\x0fXh\x7f\xeb\xe4/\x16\xd2\
3Y\x88\xef[:\x0b\x89B\x0b\xc5h!\x03\x8b2\
\xc7\x06k\xa1,\x13\xff\xd0*\x7fSr\xb3\x85T[\
\xe8l\x0ban!\xe8\x16\x12\xb9\x81\x0b\xb1\xfb\xae\xe4\
B\xdf\xca\x85\xc2\x5c\xe8\x17\xd0\x85:}\xbc\xd8\x85V\
\xd3]\xa8\xc1\x0b\xddZ\x8d\xdd\xdf\x1f\xa8\x09Q2U\
\x1a\xf6k^h\xd1\x0b\xb9\xeb\x85\xe2\xbd\xd0\xe2\x0b}\
[_\xc8\xf7\x856~!\xe5\xbe\xbf\xd0G\x00C\xd1\
\xc5\x18\x18Z\x09\x86\xec/\x07Cf\xf5\xb6\xf0*\x86\
\xa1*\xc5\xc3\xd0\xef\x95\xc4\x90N\x0c!\x8a\xa1\xaf\x18\
*\x16C\xbc\x18\xca\xc3\x9eR\x1dC\xe81dj\x7f\
\x0c\xa5 C\x112\x94\x22C\xf7I\x86b\xc9\x100\
\x19:'C\x802\xd4L\xcaP\xa9\x0c\xad>o\x19\
\xbar\x19\x8a[\xcc\x10\xc8\x0c\x95\x99!O\xaa\x19\x0a\
\x9b!kn\x86\x88/\x953\xc4:Crg\x88y\
\x06\x9f!\xf93\xa4\x8fACFh\x88;4\x04s\
\xd1\x10\x1a\x0d\xf5\xd1\x10 \x0d\xe5%\x0d\x85\xfc\x99\x86\
,\x97\xf6\x8f\x1a*\xa9!754TC\x14\x1f\x0f\
YC\xfd\xb0Q}\xd7P\xcf\xf7\x13\xc7\xd8\x10\x1f4\
\xcd\x86\xea7\xda\xd0\xbc\xda\xd0[\x1brlC\xb9r\
\x1b\x22\x1a\xe2\x86D\xba\xa1\xb5\xdd\x90\x88|\x86\xde\xd0\
\xf0\x0d\xe9\xbe\xa1\xa7+\xdd\x1e\xe0\x90\xcb\x06\x874\xe1\
P\xf2p\xc8_\xe2P\xdfX{\xfa8\xc4\x90C/\
r\xa8\xafG9\xc4\xa6\xe5Pf\x192\x87\xf4+\x8f\
\xce\xa1\xff9\xd4\xa2C3:\xa4H\x87\xaet\x08\xbe\
\x87!\xa3:\xe4\xabC/\xacC3Z\x87\xb8\xebP\
i\xb0C \x92\x1db\xb3CB[\xdb!y;\xe4\
Z3\xde\x1d*\xde!\xe9\x1d\xe2\xbfC\x10x(\xaf\
\xfd\xf0\x10\xc4\xb7\x1a\x0c\xf4~\xc5CD\x8c\x87\xf8x\
h#\x0f]\xa0<\xd4\x97\x87\x82y\xc80\xf1y\xc8\
\xdf\xe8! =4\xa6\x87\xea\xe3\xc3\xf5\xd0\x87\xec!\
|o\x0f\x91\xdb\xaed}\x0f-\xf8\x10\x84\x0fu\xf1\
!w\xd9\xf6\xf9P\xa3\x0f\x9d\xe9Ch\xcb\xfa\x10X\
\xb1\x0fI\x9c]\xf8!\x8b\x1f\x22q~\x08\xe8\x87f\
\xd8\x0f\xc1\xfd\x10\xc0\x1f\xa2%\xfe\xfcC\xd9?\xf4\xfc\
\x87&\xff\x0f=\x00Q\xee\xcc\x0f\x101\x01Q\x14\x10\
\xc5\xbb\xb5\x09DpF\x81H\x16\x880\x03Q\xcb\x1c\
\x88x\x01\x82\x88I\x10\xa9\x09\xa2(\x14DA\x05Q\
\xdb_\x10\x05\x0c\x22\xf9i\xae8\x88f\x07\xd1x\x10\
e\x9a\x07\x11\x22\x9e$DgJ\x88\xe4=!ro\
\x0a\x11\xda\xceB\x94\xad\x5c\x88\x10\x18\xa2]2D\xfd\
\xb1\x86(\xc6\x1b\xa28|\x1d\x22\xda!\xbay\x88\xb8\
\xc6\x87\x88+@D\xdb\x85\x88\xfc\x10\xd1\x22\x22\xe2\x22\
\x22\xb4\x91\x88<\x89\xe8\x0e&\x229\x8d'\xa2\x81\x22\
\xd2\xaf?\xfaN+\xb5\x22\xc2+\x22{\xb2\x88\x8c\x16\
\x11\xde\x22\xc2^D\xfcET\x7fA\x8ch\x8e\x11\xb5\
\xbcb,|\xbf\xcf\xae{\x87\x8d\xe8\x986\xa2W\xbd\
\x11='\x8e\xc8\x8c/\xa9#\xc2\xd5\x86\xb9|K\x1f\
\x11\xfb\x11\x81?\xa2\xbd\x81D\xb53H4\x1b\x0b\x89\
\xb4~H\x14\xb7\xc2\x15\x89T\xcc\x90v$\x92\x13\x83\
$Q\x95\x92\xa8\xff\xa5>&\xd1\xcf\xean%'Q\
\xd9\xc4\x93h~\x0c%\x02D\x89|\x94\x881%\x8a\
S\x22\x10\x95\xc8\xa3J4B\xf5\xedw_\x89P\xc1\
\x12\xe5g\x89\x9cQKd\xb0-\x11}\xde\xbaD9\
\xb0<e\x80\x89$\xf9\x10\x13)\x8e\xc6D\xfa\x98(\
Y\xa52Q]\xcdLt\xcdD\xf7w\x0dMd\xa9\
4Q\xeb\xd4D\xc7s\xb5&\xea\xd7D\x10i :\
x\x13\xa5Qd~\xfdn+\xe3\x86.O\xae\xdaB\
8Q\x13'\xaaHN\xa4\xb6\xc39\x11\x8dN\x14w\
W'\xcaQv\xa2\xae\xeb\x9d\xa8\xc1\x13i<\x91\xbc\
\xf3DHOT\xf5D\xec\x941\x9f\x88\xf4\x896\xd9\
a\xe4OT\xe0\xfe\x89\x00\xa9\x8b\xc22\x0c\x04EU\
Pt\xc4\x04\xa1h&\x14\x99B\x11\xa8\x85\xa2\xbe\xb5\
\xc8\x1d\x8a\x9e\x05Q\x14\xbd\xaac|,\x8a\x96M\x8c\
\xa2\xbbk\x14\xedF\xd1\xb4\xa6\x09cH\x11\x15)\xe2\
\x8f\xa4\xc8_\x93\x22NP\x8a>\xa5\x08\x90\xa5h5\
\x97\x22[b\x8a\xae\xca\x14\xc9IS\xc4\xabM\x11\xb3\
\xc9)\xbae\xa7\xc8y\x8aTO\x91\xdd \xee\xd2\x1d\
*\x1a\x1f\x8d\x8a\xfa\xa8\x08\x93\x8a\xbcR\x91\xa8\x9d\xbd\
S\x91\x7f*\xf2PE]\xc3>TE\x9f\xb0*\xca\
\xf5'qS\xab\x08}\xae\xa2\xf3*\x82)\xfa\xc5\x8a\
.\x11K\x7fV\xe4\xd2\x8a\x92ZQ\xaf\x15\xc9\xdd\xd7\
\xad\xc8\xa6\x15+WDr\xba\x22\xb2\xaeh\xda\x15\xfd\
_kzE{\xafH\xe5N\x93\x04X\xe4\x05\x16\x95\
`\xd1\x18,\xa25\x0a\x8b\xfe4b\x11|\x8aE\xbc\
X\xf4\xeb\xc6\xa2\x8b>\x165]\x1eY\xb4\xe4\x89\x94\
EzT\xc6,\xda\xcc\x22\xc1\xe8,B\xfb\xc5\x0c-\
\x8a\xa2E\x89\xb4\xc8\xbahZ\xa4~ZT\xe2\xaeZ\
\x94\xabE\x98\xb5hf\xfdZ\x04{\x04\xb6\xda\x22\xf9\
M-\xb7\xc8\xf4\xf5\xf7-\xca\xdf\x22\x00\x5c\xf4\xd7\x1d\
.\xc2\x8a\x8bh\xefq\x11#\x17}rQR.\xe2\
\xe5\xa2\x8e\xb9h\x87s\xd1\x7f.\x82\x82.\x92W\xba\
\xa8\xa7\x8b\x8a\xba\x08\xf5\xea\xa2{\xeb\xa29\x96\xbev\
\x91\xda.\xd2\x14\xdeE\xc3w\x11\xef\xfa\xe3EE\xf2\
\x22\xe8\x0e\xe7\xbc\xc8A/\xb2\xa6\x11\xaf\x17]\xdd^\
\xb4\xeeE\x1d\xbe\xc8\x93/\xe2\xf9\xa2\xa2/\xe2<\xde\
\x17m\xfc\xa2'\xbf\xa8\xeb\x17\xc9\xfbE\xd4\xf3\x15\x1e\
\x0b0\x02\x01\xa3^f\x03\xa3)\x10\x8c\xa6Y0*\
\x06\xa3\xcc\x1d\x8c\xee\xc1\xa8B\x18A\x12F\x98)\x8c\
`z\x17Fs\x86Q7\x8c\x9a\x0e#\xdd\x1eF\xf3\
ad F\x1cb\x94\xc6\x11\xa3?\x89\xd1/1\x0a\
&F\xfe\xc4\xc8ig\xfb\xca\xf5\xfe/\xfb\xcfCc\
\xe47F\xfb=cu\x8c\xe0\x1d=Fm\x9f\xff~\
\x0e\x19},2\xcaGF(U%\xa3\x1dLF\xf5\
\xb7\x9e\x93\xd1J\xc8QF{\xca\xe8\xaf2\xfa\xabX\
F\x5c\xfc\xb8\x8c\xac.#t\xf0\xcbH\x80\x19\x99\x86\
\x19%\x9c\xb6\xc8\xcc\xa8W4\xa36\x0ckFbn\
3\xf2y\xc8^q\xd29#\xa43\x82uF\xc8\xce\
h*\x9e\xd1\xcc3\x12\xda\x9e\x11\xb1\xcf(\xd6\xb8\x5c\
\xf3A#\xcc\xb9\x0c\x8d\x1a\x8d$\xd6\xa2\xd1K\x1b\x8d\
\x8e\xa3\xd1\xcfY\x92F\x7f(\x8d\x98\xfe\xd2\x88\xfa\xd1\
4\x0a\x9cFr\x84n\xa7\xa0F\xdf\xab\xa2F\xc0l\
\x15\xa7F\x12\xd5\xc8T5\xba\xefwW\xa3\xfbj\x14\
`\x8d\xe2X\xa3\xebh\xd6hsZ\xa3\xe1\x7f[#\
\x8e/\xd4\xb2\xef5\x8a\xf7\xac\x82\x8d6NlT\xd7\
\xb1Q\x8c\xc9F\xbb1\x1bq\x98\xc1<\x1bU\xb4\xd1\
p\xdcR\x1b\x9d[\x1b\xedk#\x88m\xf4d\xb6\xd1\
\xaa{\xed6z\xe3\xdb\xe8\x18\xdcH\xce\xae\xc6\x8dJ\
\x94\x1b\x95\xb9\x91?7:t#}\xf6\xba\xd1\xfe\xfd\
q\xe0\x8d\xbe@\xde(\xe1No\xb4\xa6\xcf\xdeH\x89\
\xba\xcc7\x9a\xd3\xbe\x11B\xf8\x8d\x9e~\xa3\xc5\xdf\x88\
\xd0\xbf\x11\x04\x1c\x15\x02G\x07\x03Gz\x14\x1c\xe5\x8a\
p\x04&\x1c\x9d\x14\x8e\xe2\x85#\xc8p\x04\x1c\x8e\x02\
\xf7\x10G\x92\xc4\xd1\x9bU\x1c9\x8b#\x7fq\x04c\
\x1c\xe1Y\xe3\x88\xf1\xdes\x8f#\xb1@\x8e&\x169\
\x92\x8b\xe4\x08lEy(G]]Z9J,G\
{^\x8e\x10\xcc\xd1\x9f9B\x9a#Ts\xa47G\
\x05\xe7\xa8_\x9d\xa3\x1d=G\xe3s\xe43\xa0\xa3\x1f\
t\xa4\xd3}\x86\xa2\xa3\xb7\xd1Q\xd0r\xd2\xd1\xf2\xc1\
\xe9\xe8=\x1d\xcdF\x1d!\xa9#7u\xf4\xca8-\
\x13v[G\x00\x9cM\x7f\x1d5\xd9b\xa9qv\xf4\
\x10\xedH\xb6jG\xbev\x84\xa9\xed\xc8/\xdcQ\xc3\
#w$tGYe\x95\xbb#\x00\xefH\xe7\x1d\xd1\
\xb4w\xe4\xf8\x8e\xf8\xf6;\x02r\x7fG\x13x\x14\x82\
G\xf5\xcf,><\xa2\xb3T<\x8a\xc5x\xe4\x1b\x8f\
\xd6\x8eG\x91\xa7\xa4,\x88\x0d\xf3\x88g\x1e\xc9\x13\x0c\
\xb8\xf3\xa8y\x1e\xc5\xe7Q\xc9F\xb6\xd3\xa9\xf0\xf4\x88\
\xae\xc5t\xaa\xd0z\x14}\xafG,\xec\x11\x89+\xda\
\xa3hm\x8f6\xc3=\xaa\xdc\xa3\xd2=\xda\x1e\xbcG\
\xf0\xf9\x1eM\xbd\xf1?|t\xc4Gg|t\xc7G\
\x02\xf9\xe8\x93\x8f\xe0\xef\x97\x8f\x86\xf9(\x9a\x8f\xe2\xb7\
\xc7\xd2G8\xd4G\xe8Y\x1f\xd5\xeb#H{\xbc}\
\x84\xfdv\x1f\xe1x\xa6\x0d?z\x91\xfch\x8c\xda\xfc\
h\x9c\x1fM\xe8G\xb3\xba)j\xfb\x91\xd4\xfdh\xfb\
~T_\xfc\xd17\x7f\xd4\xd2\x1f\xf9\xb8\xf7G\xf4B\
\xffh\xd0\xfe\x11\x1a\xe2\xac/\x02@\xb2\xed\x16\x02\xa4\
\x92\x0c\x90\xe2\x01\x92\xd2H@\xba\xcf~\xef\xe2\x03\x12\
A \xa5\x08$y\xbe\x14H\xb4\x18w\x0c\xa4\xad\xa1\
\xfc\x0e$\xfb\x81\xa4A\x90N\x08R,\x11$\xd3I\
\x90\xae\x04I\x9a \x81[-\x05)\x85z\xa9\x05)\
:#\x93\x18\xa4{\xce a\xbb\xf6\x06Ip\x90\x1c\
\xa4{\xf1 \xcd\xc1\x07\xe9\xfcAR \xa4\x19\x84\xc4\
BH\xd4\x10Rj[\x84\xa4\xf2\x08\x09\x16JH\xd7\
\x1c\x86\x13\xd2\xc5PH\x1f\x85DRHk\x0a\x89\xa9\
\x90\xee\xb1B\xeaXH\xcbl!\xcdW\xbc\x90\xb0\x81\
!\xb90\xa4)\xc7\x90\xac2\xa4{\x86\xf4\x9d\xe7\x12\
6\x8d\x0dIw\x1bRyC*\x06\x0e\xc979\xa4\
=\x87$tH]\x87\x14vH\xea\x0ei\xcfL\x0f\
\xc9\xf6\x90\x9e\x0f\xe9\x96\x8f\xfc!\x11 \x92~=\x88\
\xa4\x84H\xd5\x0d\x91\xee!\x12e(\x22\xd1mDz\
G$}D\x9aw\x1c\x83\x12\xe9\xa6%\xd2\xedK$\
\x1f\x99HB\x13I\xd9D\xd2K'R\xd9>\x91 \
(\xd2$\x8ad\x88\xa4H\xb4\x9b\x22uT\xa4OE\
\x82\xb0\x22E?\xb0H\xe0\x9eY\xa4\xa6E\xe2\xd7\x22\
q\xc5Y\xe6\x22u\xbdy\x91\xa2\xbb\xa6_\xa4k\xd5\
\xf7\xc3H\xaf/F\x8a\xc7H\xe24\xcaH\xc5\x8c\x04\
\xceH\x1a/\x8d\x04\xd3H\x9a\x1a\x89\xc6j$\xbbT\
\xb0\x91V\xbb\x0br\xa5\xec\x8d4\xbf\x91\x08\x1c)>\
\xbbq$\xde}\xee9\x12\xa3#\xcd\xa9\x8e\xb4\xebH\
{\xb7\x1dI\xbf#E\x8eG\xda\x91\x1e\x09\xd7#\xd5\
\xf6H\xd6\xf1\x91\x9c>\xd2\xb8\x8f4=\xfb#i\x06\
\x90\x84[9\x04I\xa9 \xe9\xaf\x15\x13\x92~XH\
\xbaFC\x92\x9f\x19\x22\xa9\xbb?\x91\x14S$\xe9\x9f\
te$e\x1aI\xb9\x8b#)\x1dI\xa6\x8f$\xf8\
C\x92L$I<\xa2&Ix\x92t(I\x99\x92\
\x14\xf7\xcc\x92t-I\xa9g3&\xe9\xca$\xcdL\
\xd2\xe7\x7f\x02\x9c\xa4\xdc\xd3\xd5\x93\xf4g\xda\x97[\xee\
\xf5CJ\xa23-%}\xa6\xa4e\x1fT\x92\xfd\x93\
J\xbac*)\xabU\xd2-\xd1\xd7JJM]\xe4\
+\xe9\x81%}XR\xba\xc8\x92\xf8\xb2\xa4?\xcd\x92\
\xfc,\xe9\xd1\x92\xca]\xd6\x92 \x10q)\x94\xf0\xfd\
\xf3\x8f~\xf9j\xfe\x05r^v\xdd\x12\x16\xa7\x97\x0d\
\xf5r_\xbd\xdc\xd6\xcb\xa0\xb1\x97\xf9c\xa9\xbd\x5c\xdb\
\xcb]\x8b\xefe\xef\x88\xe1\xcb\x84\xf8r\x8d/7\xf2\
e\xbf\xd7\xf9\xb2A_\x16\xf5e]_\xce\xba\xdb\x22\
\xf8e\x88_&\xf9\xe5\xca\x9a\xfa\xe5\xb2_\x86\x9b\xbf\
\xac\xc7\xfe\xf2\xef_F\xe1\xff2\x020\xaf\x003*\
`\xdeb\x220\xa3\x9e\xa3\x81\xf9\x1f\x98\x91\x11\xcc \
\xc1\xfco\xd0`\xc1\xbc\xbfa0W\x06\xb3h0\xf3\
\xee\x90\xce\x10k\x10f\x0aa\x86c\x849I\x98a\
3a\x8e8\xbe*\xccy\x85\xb9V\x0b\xb3\xfc^\xf7\
\xa1<5\xcc\xc4\x86\xb9\xdc0#\x0es]\xa5\xdca\
n\x81\xf60\xc3oq\xde\xbb\xc6\x22\xe64b\x9e#\
f\xd2\x85y\x89\xb9\x99\x98\xaf\x89\xb9;1\xcf\x13s\
\x0e\xc5\xcc\x10\xa4\x98\xfb\x14s\xac*f\xb2b\x06W\
\xccY\xb0\x98U\xb2\x98O\x8b\xd9\xc2\xbc4\x88\x10\x8c\
\xd9k1f\x1dc.2f\x89\xeb@c\xbe_\x86\
?\x1bs\x90m\xcc;\xdf\x98\xd5\x82q\xccA\x8e\xf9\
\xe6\x987v\xc7\xcc'=\xe6`\x8f\x19\xf51\xd3\xf3\
cN\x7f\xcc\xe2\x5c\x82\xccj\x90\x99g\x0f\x1b2C\
\x88\xcc;\xc8wF\xe6\xb8F\xe6h\x07@2[$\
3\x87$3\xa2d\x8e&\xdc\xd3Lf\xd3d\xb6M\
\xe6\x13\x9a'\xf3~2SPf\xc7\xaa\xd7\xa2\x96\x13\
*3\xa42\xeb]e\x96Y\x99\xaf\x07\x11\xf5\x89e\
NY\xe6\xd2h\x99\xad\x969\xdb\xde[f\x04\x97\x19\
\xd3\xdde\xa6\xa7\x97\x19\xca\xdb\xd5\x17\
"

qt_resource_name = b"\
\x00\x06\
\x07\x03}\xc3\
\x00i\
\x00m\x00a\x00g\x00e\x00s\
\x00\x16\
\x0a\xfd\x88\xa7\
\x00F\
\x00_\x00S\x00_\x00D\x00i\x00s\x00c\x00r\x00i\x00m\x00i\x00n\x00a\x00t\x00i\x00o\
\x00n\x00.\x00p\x00n\x00g\
\x00\x0f\
\x05`:'\
\x00S\
\x00c\x00i\x00p\x00y\x00e\x00n\x00L\x00o\x00g\x00o\x00.\x00s\x00v\x00g\
"

qt_resource_struct = b"\
\x00\x00\x00\x00\x00\x02\x00\x00\x00\x01\x00\x00\x00\x01\
\x00\x00\x00\x00\x00\x00\x00\x00\
\x00\x00\x00\x00\x00\x02\x00\x00\x00\x02\x00\x00\x00\x02\
\x00\x00\x00\x00\x00\x00\x00\x00\
\x00\x00\x00D\x00\x04\x00\x00\x00\x01\x00\x00!\x8f\
\x00\x00\x01\x9d\x88\xc3\x96\x0d\
\x00\x00\x00\x12\x00\x00\x00\x00\x00\x01\x00\x00\x00\x00\
\x00\x00\x01\x8a\xe5\xd3w\x9e\
"

def qInitResources():
    QtCore.qRegisterResourceData(0x03, qt_resource_struct, qt_resource_name, qt_resource_data)

def qCleanupResources():
    QtCore.qUnregisterResourceData(0x03, qt_resource_struct, qt_resource_name, qt_resource_data)

qInitResources()
